年份,情景,情景标签,缴费人数_万人,缴费人数_男_万人,缴费人数_女_万人,平均有关入息_港元每月,年强制性供款_亿港元,年自愿性供款_亿港元,年总供款_亿港元,自愿占总供款比例,简单10%对照_亿港元,单人年强制供款_港元,来源或假设
2026,低,悲观,268.5498,141.6864,126.8633,21500.0,656.6042,224.7437,881.3479,0.255,692.8584,24450.0,强制含低于下限雇主仍缴5%修正；自愿=强制×κ/(1-κ)；校准锚2025总供款约907亿
2027,低,悲观,266.2997,140.8229,125.4768,21930.0,664.0194,227.2818,891.3012,0.255,700.7944,24935.04,强制含低于下限雇主仍缴5%修正；自愿=强制×κ/(1-κ)；校准锚2025总供款约907亿
2028,低,悲观,264.2211,140.0583,124.1627,22368.6,671.9084,229.9821,901.8904,0.255,709.2306,25429.78,强制含低于下限雇主仍缴5%修正；自愿=强制×κ/(1-κ)；校准锚2025总供款约907亿
2029,低,悲观,262.3136,139.3923,122.9213,22815.97,680.295,232.8526,913.1476,0.255,718.1927,25934.42,强制含低于下限雇主仍缴5%修正；自愿=强制×κ/(1-κ)；校准锚2025总供款约907亿
2030,低,悲观,260.5773,138.8247,121.7526,23272.29,689.2046,235.9022,925.1068,0.255,727.7076,26449.14,强制含低于下限雇主仍缴5%修正；自愿=强制×κ/(1-κ)；校准锚2025总供款约907亿
2031,低,悲观,259.0121,138.3552,120.6569,23737.74,698.6635,239.1399,937.8034,0.255,737.8033,26974.17,强制含低于下限雇主仍缴5%修正；自愿=强制×κ/(1-κ)；校准锚2025总供款约907亿
2032,低,悲观,258.0863,138.323,119.7633,24212.49,709.9874,243.0158,953.0032,0.255,749.8695,27509.69,强制含低于下限雇主仍缴5%修正；自愿=强制×κ/(1-κ)；校准锚2025总供款约907亿
2033,低,悲观,257.2896,138.364,118.9256,24696.74,721.8499,247.0761,968.926,0.255,762.5059,28055.92,强制含低于下限雇主仍缴5%修正；自愿=强制×κ/(1-κ)；校准锚2025总供款约907亿
2034,低,悲观,256.621,138.4775,118.1435,25190.68,734.2718,251.3279,985.5998,0.255,775.7348,28613.08,强制含低于下限雇主仍缴5%修正；自愿=强制×κ/(1-κ)；校准锚2025总供款约907亿
2035,低,悲观,256.0794,138.663,117.4164,25694.49,747.2751,255.7787,1003.0538,0.255,789.5795,29181.38,强制含低于下限雇主仍缴5%修正；自愿=强制×κ/(1-κ)；校准锚2025总供款约907亿
2036,低,悲观,255.6636,138.9198,116.7439,26208.38,760.8818,260.4361,1021.3179,0.255,804.0635,29761.05,强制含低于下限雇主仍缴5%修正；自愿=强制×κ/(1-κ)；校准锚2025总供款约907亿
2037,低,悲观,254.8128,138.8451,115.9677,26732.55,773.4158,264.7262,1038.142,0.255,817.4154,30352.31,强制含低于下限雇主仍缴5%修正；自愿=强制×κ/(1-κ)；校准锚2025总供款约907亿
2038,低,悲观,253.8235,138.7022,115.1213,27267.2,785.7208,268.938,1054.6587,0.255,830.5267,30955.4,强制含低于下限雇主仍缴5%修正；自愿=强制×κ/(1-κ)；校准锚2025总供款约907亿
2039,低,悲观,252.6925,138.4896,114.2029,27812.54,797.7642,273.0602,1070.8244,0.255,843.3626,31570.55,强制含低于下限雇主仍缴5%修正；自愿=强制×κ/(1-κ)；校准锚2025总供款约907亿
2040,低,悲观,251.4168,138.2058,113.211,28368.79,809.5118,277.0812,1086.593,0.255,855.887,32198.0,强制含低于下限雇主仍缴5%修正；自愿=强制×κ/(1-κ)；校准锚2025总供款约907亿
2041,低,悲观,249.9931,137.8491,112.1441,28936.17,820.9274,280.9886,1101.916,0.255,868.0612,32838.0,强制含低于下限雇主仍缴5%修正；自愿=强制×κ/(1-κ)；校准锚2025总供款约907亿
2042,低,悲观,247.9881,137.0821,110.906,29514.89,830.5319,284.276,1114.808,0.255,878.321,33490.8,强制含低于下限雇主仍缴5%修正；自愿=强制×κ/(1-κ)；校准锚2025总供款约907亿
2043,低,悲观,245.8144,136.2305,109.5839,30000.0,836.703,286.3883,1123.0912,0.255,884.9318,34038.0,强制含低于下限雇主仍缴5%修正；自愿=强制×κ/(1-κ)；校准锚2025总供款约907亿
2044,低,悲观,243.4712,135.2938,108.1774,30000.0,828.7273,283.6583,1112.3856,0.255,876.4963,34038.0,强制含低于下限雇主仍缴5%修正；自愿=强制×κ/(1-κ)；校准锚2025总供款约907亿
2045,低,悲观,240.9579,134.2716,106.6863,30000.0,820.1723,280.7301,1100.9025,0.255,867.4483,34038.0,强制含低于下限雇主仍缴5%修正；自愿=强制×κ/(1-κ)；校准锚2025总供款约907亿
2046,低,悲观,238.2736,133.1635,105.1101,30000.0,811.0355,277.6028,1088.6383,0.255,857.7848,34038.0,强制含低于下限雇主仍缴5%修正；自愿=强制×κ/(1-κ)；校准锚2025总供款约907亿
2047,低,悲观,235.3681,131.7397,103.6284,30000.0,801.146,274.2178,1075.3638,0.255,847.3252,34038.0,强制含低于下限雇主仍缴5%修正；自愿=强制×κ/(1-κ)；校准锚2025总供款约907亿
2048,低,悲观,232.3352,130.2519,102.0833,30000.0,790.8224,270.6842,1061.5066,0.255,836.4066,34038.0,强制含低于下限雇主仍缴5%修正；自愿=强制×κ/(1-κ)；校准锚2025总供款约907亿
2049,低,悲观,229.1756,128.7003,100.4753,30000.0,780.0681,267.0032,1047.0712,0.255,825.0323,34038.0,强制含低于下限雇主仍缴5%修正；自愿=强制×κ/(1-κ)；校准锚2025总供款约907亿
2050,低,悲观,225.8906,127.0853,98.8053,30000.0,768.8863,263.1758,1032.0621,0.255,813.206,34038.0,强制含低于下限雇主仍缴5%修正；自愿=强制×κ/(1-κ)；校准锚2025总供款约907亿
2051,低,悲观,222.481,125.4073,97.0737,30000.0,757.2807,259.2035,1016.4842,0.255,800.9315,34038.0,强制含低于下限雇主仍缴5%修正；自愿=强制×κ/(1-κ)；校准锚2025总供款约907亿
2052,低,悲观,219.5297,123.8012,95.7284,30000.0,747.2351,255.765,1003.0001,0.255,790.3068,34038.0,强制含低于下限雇主仍缴5%修正；自愿=强制×κ/(1-κ)；校准锚2025总供款约907亿
2053,低,悲观,216.4603,122.1354,94.3249,30000.0,736.7875,252.189,988.9765,0.255,779.257,34038.0,强制含低于下限雇主仍缴5%修正；自愿=强制×κ/(1-κ)；校准锚2025总供款约907亿
2054,低,悲观,213.2734,120.4098,92.8636,30000.0,725.9399,248.4761,974.4159,0.255,767.7841,34038.0,强制含低于下限雇主仍缴5%修正；自愿=强制×κ/(1-κ)；校准锚2025总供款约907亿
2055,低,悲观,209.9695,118.6246,91.345,30000.0,714.6943,244.6269,959.3212,0.255,755.8903,34038.0,强制含低于下限雇主仍缴5%修正；自愿=强制×κ/(1-κ)；校准锚2025总供款约907亿
2056,低,悲观,206.5493,116.7798,89.7696,30000.0,703.0526,240.6422,943.6948,0.255,743.5776,34038.0,强制含低于下限雇主仍缴5%修正；自愿=强制×κ/(1-κ)；校准锚2025总供款约907亿
2026,中,基准,276.1493,145.2746,130.8747,21500.0,675.1851,231.1036,906.2888,0.255,712.4653,24450.0,强制含低于下限雇主仍缴5%修正；自愿=强制×κ/(1-κ)；校准锚2025总供款约907亿
2027,中,基准,273.8476,144.3938,129.4539,22145.0,689.4815,235.997,925.4786,0.255,727.7227,25177.56,强制含低于下限雇主仍缴5%修正；自愿=强制×κ/(1-κ)；校准锚2025总供款约907亿
2028,中,基准,271.7213,143.6139,128.1074,22809.35,704.4903,241.1343,945.6246,0.255,743.7343,25926.95,强制含低于下限雇主仍缴5%修正；自愿=强制×κ/(1-κ)；校准锚2025总供款约907亿
2029,中,基准,269.7701,142.9347,126.8353,23493.63,720.2541,246.5299,966.784,0.255,760.5454,26698.82,强制含低于下限雇主仍缴5%修正；自愿=强制×κ/(1-κ)；校准锚2025总供款约907亿
2030,中,基准,267.9939,142.3559,125.638,24198.44,736.8181,252.1995,989.0176,0.255,778.204,27493.84,强制含低于下限雇主仍缴5%修正；自愿=强制×κ/(1-κ)；校准锚2025总供款约907亿
2031,中,基准,266.3927,141.8773,124.5154,24924.39,754.2299,258.1592,1012.3892,0.255,796.761,28312.71,强制含低于下限雇主仍缴5%修正；自愿=强制×κ/(1-κ)；校准锚2025总供款约907亿
2032,中,基准,265.4387,141.8416,123.5972,25672.12,773.9173,264.8979,1038.8152,0.255,817.7252,29156.16,强制含低于下限雇主仍缴5%修正；自愿=强制×κ/(1-κ)；校准锚2025总供款约907亿
2033,中,基准,264.6172,141.8807,122.7366,26442.29,794.5106,271.9466,1066.4572,0.255,839.6502,30024.9,强制含低于下限雇主仍缴5%修正；自愿=强制×κ/(1-κ)；校准锚2025总供款约907亿
2034,中,基准,263.927,141.9939,121.9331,27235.56,816.0546,279.3207,1095.3752,0.255,862.5838,30919.71,强制含低于下限雇主仍缴5%修正；自愿=强制×κ/(1-κ)；校准锚2025总供款约907亿
2035,中,基准,263.3669,142.1807,121.1863,28052.62,838.5961,287.0363,1125.6324,0.255,886.576,31841.36,强制含低于下限雇主仍缴5%修正；自愿=强制×κ/(1-κ)；校准锚2025总供款约907亿
2036,中,基准,262.9359,142.4404,120.4956,28894.2,862.1843,295.1101,1157.2943,0.255,911.6789,32790.66,强制含低于下限雇主仍缴5%修正；自愿=强制×κ/(1-κ)；校准锚2025总供款约907亿
2037,中,基准,262.0417,142.3531,119.6886,29761.03,884.8741,302.8764,1187.7504,0.255,935.8358,33768.44,强制含低于下限雇主仍缴5%修正；自愿=强制×κ/(1-κ)；校准锚2025总供款约907亿
2038,中,基准,261.0052,142.1959,118.8093,30000.0,888.4096,304.0865,1192.4961,0.255,939.6188,34038.0,强制含低于下限雇主仍缴5%修正；自愿=强制×κ/(1-κ)；校准锚2025总供款约907亿
2039,中,基准,259.8232,141.9671,117.8561,30000.0,884.3863,302.7094,1187.0957,0.255,935.3636,34038.0,强制含低于下限雇主仍缴5%修正；自愿=强制×κ/(1-κ)；校准锚2025总供款约907亿
2040,中,基准,258.4927,141.6653,116.8273,30000.0,879.8573,301.1592,1181.0165,0.255,930.5736,34038.0,强制含低于下限雇主仍缴5%修正；自愿=强制×κ/(1-κ)；校准锚2025总供款约907亿
2041,中,基准,257.0104,141.2889,115.7215,30000.0,874.8119,299.4323,1174.2442,0.255,925.2373,34038.0,强制含低于下限雇主仍缴5%修正；自愿=强制×κ/(1-κ)；校准锚2025总供款约907亿
2042,中,基准,254.9533,140.5038,114.4495,30000.0,867.8101,297.0357,1164.8457,0.255,917.8319,34038.0,强制含低于下限雇主仍缴5%修正；自愿=强制×κ/(1-κ)；校准锚2025总供款约907亿
2043,中,基准,252.7228,139.6317,113.0911,30000.0,860.2178,294.437,1154.6548,0.255,909.802,34038.0,强制含低于下限雇主仍缴5%修正；自愿=强制×κ/(1-κ)；校准锚2025总供款约907亿
2044,中,基准,250.3181,138.6722,111.6458,30000.0,852.0326,291.6353,1143.6679,0.255,901.145,34038.0,强制含低于下限雇主仍缴5%修正；自愿=强制×κ/(1-κ)；校准锚2025总供款约907亿
2045,中,基准,247.7384,137.625,110.1134,30000.0,843.2521,288.6299,1131.882,0.255,891.8583,34038.0,强制含低于下限雇主仍缴5%修正；自愿=强制×κ/(1-κ)；校准锚2025总供款约907亿
2046,中,基准,244.9831,136.4897,108.4935,30000.0,833.8736,285.4198,1119.2935,0.255,881.9393,34038.0,强制含低于下限雇主仍缴5%修正；自愿=强制×κ/(1-κ)；校准锚2025总供款约907亿
2047,中,基准,242.0046,135.0342,106.9704,30000.0,823.7353,281.9497,1105.6849,0.255,871.2166,34038.0,强制含低于下限雇主仍缴5%修正；自愿=强制×κ/(1-κ)；校准锚2025总供款约907亿
2048,中,基准,238.8958,133.5134,105.3824,30000.0,813.1534,278.3277,1091.4811,0.255,860.0248,34038.0,强制含低于下限雇主仍缴5%修正；自愿=强制×κ/(1-κ)；校准锚2025总供款约907亿
2049,中,基准,235.6576,131.9276,103.73,30000.0,802.1314,274.555,1076.6864,0.255,848.3674,34038.0,强制含低于下限雇主仍缴5%修正；自愿=强制×κ/(1-κ)；校准锚2025总供款约907亿
2050,中,基准,232.2911,130.277,102.0141,30000.0,790.6724,270.6328,1061.3052,0.255,836.2479,34038.0,强制含低于下限雇主仍缴5%修正；自愿=强制×κ/(1-κ)；校准锚2025总供款约907亿
2051,中,基准,228.7972,128.5621,100.2351,30000.0,778.78,266.5623,1045.3423,0.255,823.67,34038.0,强制含低于下限雇主仍缴5%修正；自愿=强制×κ/(1-κ)；校准锚2025总供款约907亿
2052,中,基准,225.7686,126.9188,98.8498,30000.0,768.4712,263.0338,1031.505,0.255,812.767,34038.0,强制含低于下限雇主仍缴5%修正；自愿=强制×κ/(1-κ)；校准锚2025总供款约907亿
2053,中,基准,222.6197,125.2148,97.4049,30000.0,757.7528,259.3651,1017.1179,0.255,801.4308,34038.0,强制含低于下限雇主仍缴5%修正；自愿=强制×κ/(1-κ)；校准锚2025总供款约907亿
2054,中,基准,219.3509,123.4499,95.901,30000.0,746.6266,255.5568,1002.1834,0.255,789.6633,34038.0,强制含低于下限雇主仍缴5%修正；自愿=强制×κ/(1-κ)；校准锚2025总供款约907亿
2055,中,基准,215.9629,121.6243,94.3385,30000.0,735.0944,251.6095,986.7039,0.255,777.4663,34038.0,强制含低于下限雇主仍缴5%修正；自愿=强制×κ/(1-κ)；校准锚2025总供款约907亿
2056,中,基准,212.456,119.7381,92.7179,30000.0,723.1578,247.5238,970.6817,0.255,764.8417,34038.0,强制含低于下限雇主仍缴5%修正；自愿=强制×κ/(1-κ)；校准锚2025总供款约907亿
2026,高,乐观,283.7489,148.8628,134.8861,21500.0,693.7661,237.4636,931.2297,0.255,732.0722,24450.0,强制含低于下限雇主仍缴5%修正；自愿=强制×κ/(1-κ)；校准锚2025总供款约907亿
2027,高,乐观,281.3955,147.9646,133.4309,22360.0,715.3097,244.8376,960.1473,0.255,755.0405,25420.08,强制含低于下限雇主仍缴5%修正；自愿=强制×κ/(1-κ)；校准锚2025总供款约907亿
2028,高,乐观,279.2215,147.1695,132.052,23254.4,737.9535,252.5881,990.5416,0.255,779.1754,26428.96,强制含低于下限雇主仍缴5%修正；自愿=强制×κ/(1-κ)；校准锚2025总供款约907亿
2029,高,乐观,277.2265,146.4771,130.7494,24184.58,761.7687,260.7396,1022.5083,0.255,804.5527,27478.2,强制含低于下限雇主仍缴5%修正；自愿=强制×κ/(1-κ)；校准锚2025总供款约907亿
2030,高,乐观,275.4105,145.8872,129.5233,25151.96,786.8315,269.3182,1056.1497,0.255,831.2536,28569.41,强制含低于下限雇主仍缴5%修正；自愿=强制×κ/(1-κ)；校准锚2025总供款约907亿
2031,高,乐观,273.7732,145.3993,128.3739,26158.04,813.2233,278.3516,1091.5749,0.255,859.3645,29704.27,强制含低于下限雇主仍缴5%修正；自愿=强制×κ/(1-κ)；校准锚2025总供款约907亿
2032,高,乐观,272.7912,145.3601,127.4311,27204.36,842.5024,288.3733,1130.8757,0.255,890.5331,30884.52,强制含低于下限雇主仍缴5%修正；自愿=强制×κ/(1-κ)；校准锚2025总供款约907亿
2033,高,乐观,271.9448,145.3973,126.5475,28292.53,873.2686,298.904,1172.1727,0.255,923.281,32111.98,强制含低于下限雇主仍缴5%修正；自愿=强制×κ/(1-κ)；校准锚2025总供款约907亿
2034,高,乐观,271.233,145.5103,125.7227,29424.23,905.6072,309.9729,1215.5802,0.255,957.6987,33388.54,强制含低于下限雇主仍缴5%修正；自愿=强制×κ/(1-κ)；校准锚2025总供款约907亿
2035,高,乐观,270.6545,145.6984,124.9562,30000.0,921.2538,315.3285,1236.5823,0.255,974.3562,34038.0,强制含低于下限雇主仍缴5%修正；自愿=强制×κ/(1-κ)；校准锚2025总供款约907亿
2036,高,乐观,270.2082,145.961,124.2473,30000.0,919.7348,314.8086,1234.5434,0.255,972.7497,34038.0,强制含低于下限雇主仍缴5%修正；自愿=强制×κ/(1-κ)；校准锚2025总供款约907亿
2037,高,乐观,269.2707,145.8612,123.4095,30000.0,916.5435,313.7162,1230.2598,0.255,969.3744,34038.0,强制含低于下限雇主仍缴5%修正；自愿=强制×κ/(1-κ)；校准锚2025总供款约907亿
2038,高,乐观,268.1869,145.6896,122.4974,30000.0,912.8547,312.4536,1225.3084,0.255,965.473,34038.0,强制含低于下限雇主仍缴5%修正；自愿=强制×κ/(1-κ)；校准锚2025总供款约907亿
2039,高,乐观,266.9539,145.4447,121.5093,30000.0,908.6578,311.0171,1219.6748,0.255,961.0341,34038.0,强制含低于下限雇主仍缴5%修正；自愿=强制×κ/(1-κ)；校准锚2025总供款约907亿
2040,高,乐观,265.5685,145.1249,120.4436,30000.0,903.9421,309.403,1213.3451,0.255,956.0466,34038.0,强制含低于下限雇主仍缴5%修正；自愿=强制×κ/(1-κ)；校准锚2025总供款约907亿
2041,高,乐观,264.0276,144.7288,119.2988,30000.0,898.6972,307.6078,1206.305,0.255,950.4994,34038.0,强制含低于下限雇主仍缴5%修正；自愿=强制×κ/(1-κ)；校准锚2025总供款约907亿
2042,高,乐观,261.9185,143.9255,117.9931,30000.0,891.5182,305.1505,1196.6688,0.255,942.9066,34038.0,强制含低于下限雇主仍缴5%修正；自愿=强制×κ/(1-κ)；校准锚2025总供款约907亿
2043,高,乐观,259.6312,143.0329,116.5983,30000.0,883.7326,302.4857,1186.2183,0.255,934.6723,34038.0,强制含低于下限雇主仍缴5%修正；自愿=强制×κ/(1-κ)；校准锚2025总供款约907亿
2044,高,乐观,257.1649,142.0507,115.1142,30000.0,875.338,299.6123,1174.9503,0.255,925.7937,34038.0,强制含低于下限雇主仍缴5%修正；自愿=强制×κ/(1-κ)；校准锚2025总供款约907亿
2045,高,乐观,254.519,140.9785,113.5405,30000.0,866.3318,296.5297,1162.8615,0.255,916.2684,34038.0,强制含低于下限雇主仍缴5%修正；自愿=强制×κ/(1-κ)；校准锚2025总供款约907亿
2046,高,乐观,251.6927,139.8159,111.8769,30000.0,856.7118,293.2369,1149.9487,0.255,906.0939,34038.0,强制含低于下限雇主仍缴5%修正；自愿=强制×κ/(1-κ)；校准锚2025总供款约907亿
2047,高,乐观,248.6411,138.3287,110.3124,30000.0,846.3246,289.6816,1136.0061,0.255,895.1079,34038.0,强制含低于下限雇主仍缴5%修正；自愿=强制×κ/(1-κ)；校准锚2025总供款约907亿
2048,高,乐观,245.4564,136.775,108.6814,30000.0,835.4845,285.9712,1121.4557,0.255,883.643,34038.0,强制含低于下限雇主仍缴5%修正；自愿=强制×κ/(1-κ)；校准锚2025总供款约907亿
2049,高,乐观,242.1396,135.1549,106.9847,30000.0,824.1947,282.1069,1106.3016,0.255,871.7025,34038.0,强制含低于下限雇主仍缴5%修正；自愿=强制×κ/(1-κ)；校准锚2025总供款约907亿
2050,高,乐观,238.6916,133.4687,105.2229,30000.0,812.4585,278.0898,1090.5483,0.255,859.2898,34038.0,强制含低于下限雇主仍缴5%修正；自愿=强制×κ/(1-κ)；校准锚2025总供款约907亿
2051,高,乐观,235.1135,131.7169,103.3966,30000.0,800.2793,273.9211,1074.2004,0.255,846.4086,34038.0,强制含低于下限雇主仍缴5%修正；自愿=强制×κ/(1-κ)；校准锚2025总供款约907亿
2052,高,乐观,232.0076,130.0365,101.9711,30000.0,789.7074,270.3025,1060.0099,0.255,835.2272,34038.0,强制含低于下限雇主仍缴5%修正；自愿=强制×κ/(1-κ)；校准锚2025总供款约907亿
2053,高,乐观,228.7791,128.2941,100.4849,30000.0,778.7182,266.5411,1045.2594,0.255,823.6047,34038.0,强制含低于下限雇主仍缴5%修正；自愿=强制×κ/(1-κ)；校准锚2025总供款约907亿
2054,高,乐观,225.4285,126.49,98.9384,30000.0,767.3134,262.6375,1029.9509,0.255,811.5425,34038.0,强制含低于下限雇主仍缴5%修正；自愿=强制×κ/(1-κ)；校准锚2025总供款约907亿
2055,高,乐观,221.9562,124.6241,97.3321,30000.0,755.4945,258.5921,1014.0866,0.255,799.0423,34038.0,强制含低于下限雇主仍缴5%修正；自愿=强制×κ/(1-κ)；校准锚2025总供款约907亿
2056,高,乐观,218.3627,122.6964,95.6663,30000.0,743.263,254.4055,997.6685,0.255,786.1058,34038.0,强制含低于下限雇主仍缴5%修正；自愿=强制×κ/(1-κ)；校准锚2025总供款约907亿
