年份,情景,情景标签,总资产_期初_亿港元,加权净回报率,投资损益_亿港元,总供款_亿港元,退休提取_亿港元,其他提取_亿港元,总提取_亿港元,净现金流_供款减提取_亿港元,经济净流入_含回报_亿港元,总资产_期末_亿港元,账户数_万个,系统户均余额_万港元,回报假设来源
2026,低,保守,16700.0,0.03,501.0,881.3479,198.0499,27.0068,225.0567,656.2912,1157.2912,17857.2912,1100.0,15.1818,保守/债券基金量级约3%
2027,低,保守,17857.2912,0.03,535.7187,891.3012,206.5303,28.1632,234.6935,656.6077,1192.3264,19049.6177,1105.5,16.1531,保守/债券基金量级约3%
2028,低,保守,19049.6177,0.03,571.4885,901.8904,214.9521,29.3116,244.2637,657.6267,1229.1152,20278.7329,1111.03,17.1459,保守/债券基金量级约3%
2029,低,保守,20278.7329,0.03,608.362,913.1476,223.3416,30.4557,253.7973,659.3503,1267.7123,21546.4452,1116.58,18.1614,保守/债券基金量级约3%
2030,低,保守,21546.4452,0.03,646.3934,925.1068,231.7253,31.5989,263.3242,661.7826,1308.1759,22854.6211,1122.17,19.2008,保守/债券基金量级约3%
2031,低,保守,22854.6211,0.03,685.6386,937.8034,240.1298,32.745,272.8748,664.9286,1350.5672,24205.1883,1127.78,20.2652,保守/债券基金量级约3%
2032,低,保守,24205.1883,0.03,726.1557,953.0032,253.4998,34.5682,288.0679,664.9353,1391.0909,25596.2793,1133.42,21.356,保守/债券基金量级约3%
2033,低,保守,25596.2793,0.03,767.8884,968.926,267.3396,36.4554,303.795,665.131,1433.0194,27029.2987,1139.08,22.471,保守/债券基金量级约3%
2034,低,保守,27029.2987,0.03,810.879,985.5998,281.6794,38.4108,320.0902,665.5096,1476.3885,28505.6872,1144.78,23.611,保守/债券基金量级约3%
2035,低,保守,28505.6872,0.03,855.1706,1003.0538,296.5507,40.4387,336.9894,666.0644,1521.235,30026.9222,1150.5,24.7767,保守/债券基金量级约3%
2036,低,保守,30026.9222,0.03,900.8077,1021.3179,311.9856,42.5435,354.529,666.7889,1567.5965,31594.5187,1156.25,25.9691,保守/债券基金量级约3%
2037,低,保守,31594.5187,0.03,947.8356,1038.142,325.399,44.3726,369.7716,668.3704,1616.2059,33210.7246,1162.04,27.1889,保守/债券基金量级约3%
2038,低,保守,33210.7246,0.03,996.3217,1054.6587,339.0256,46.2308,385.2564,669.4023,1665.7241,34876.4487,1167.85,28.4376,保守/债券基金量级约3%
2039,低,保守,34876.4487,0.03,1046.2935,1070.8244,352.861,48.1174,400.9784,669.846,1716.1395,36592.5882,1173.68,29.7153,保守/债券基金量级约3%
2040,低,保守,36592.5882,0.03,1097.7776,1086.593,366.9007,50.0319,416.9326,669.6604,1767.4381,38360.0263,1179.55,31.0224,保守/债券基金量级约3%
2041,低,保守,38360.0263,0.03,1150.8008,1101.916,381.1395,51.9736,433.1131,668.8029,1819.6037,40179.6299,1185.45,32.359,保守/债券基金量级约3%
2042,低,保守,40179.6299,0.03,1205.3889,1114.808,398.1691,54.2958,452.4649,662.3431,1867.732,42047.362,1191.38,33.7253,保守/债券基金量级约3%
2043,低,保守,42047.362,0.03,1261.4209,1123.0912,415.7838,56.6978,472.4816,650.6096,1912.0304,43959.3924,1197.34,35.1175,保守/债券基金量级约3%
2044,低,保守,43959.3924,0.03,1318.7818,1112.3856,433.979,59.179,493.158,619.2276,1938.0094,45897.4017,1203.32,36.5317,保守/债券基金量级约3%
2045,低,保守,45897.4017,0.03,1376.9221,1100.9025,452.61,61.7195,514.3295,586.573,1963.495,47860.8968,1209.34,37.9525,保守/债券基金量级约3%
2046,低,保守,47860.8968,0.03,1435.8269,1088.6383,471.7107,64.3242,536.0349,552.6034,1988.4303,49849.327,1215.39,39.3792,保守/债券基金量级约3%
2047,低,保守,49849.327,0.03,1495.4798,1075.3638,487.4557,66.4712,553.9269,521.4369,2016.9167,51866.2437,1221.46,40.8112,保守/债券基金量级约3%
2048,低,保守,51866.2437,0.03,1555.9873,1061.5066,503.2677,68.6274,571.8952,489.6114,2045.5988,53911.8425,1227.57,42.2512,保守/债券基金量级约3%
2049,低,保守,53911.8425,0.03,1617.3553,1047.0712,519.1517,70.7934,589.9451,457.1261,2074.4814,55986.3238,1233.71,43.6991,保守/债券基金量级约3%
2050,低,保守,55986.3238,0.03,1679.5897,1032.0621,535.1127,72.9699,608.0827,423.9794,2103.5692,58089.893,1239.88,45.1548,保守/债券基金量级约3%
2051,低,保守,58089.893,0.03,1742.6968,1016.4842,551.156,75.1576,626.3136,390.1706,2132.8673,60222.7603,1246.08,46.6183,保守/债券基金量级约3%
2052,低,保守,60222.7603,0.03,1806.6828,1003.0001,566.3646,77.2315,643.5961,359.404,2166.0868,62388.8471,1252.31,48.0895,保守/债券基金量级约3%
2053,低,保守,62388.8471,0.03,1871.6654,988.9765,581.5945,79.3083,660.9028,328.0737,2199.7391,64588.5862,1258.57,49.5713,保守/债券基金量级约3%
2054,低,保守,64588.5862,0.03,1937.6576,974.4159,596.809,81.383,678.192,296.2239,2233.8814,66822.4677,1264.86,51.0638,保守/债券基金量级约3%
2055,低,保守,66822.4677,0.03,2004.674,959.3212,611.9677,83.4501,695.4178,263.9034,2268.5774,69091.045,1271.18,52.5671,保守/债券基金量级约3%
2056,低,保守,69091.045,0.03,2072.7314,943.6948,627.026,85.5035,712.5295,231.1653,2303.8966,71394.9417,1277.54,54.0813,保守/债券基金量级约3%
2026,中,基准,16700.0,0.049,818.3,906.2888,198.0499,27.0068,225.0567,681.2321,1499.5321,18199.5321,1100.0,15.1818,制度加权约4.9%（股票5.1%×47%+混合4.8%×34%等）[citation:5]
2027,中,基准,18199.5321,0.049,891.7771,925.4786,210.4885,28.703,239.1915,686.2871,1578.0642,19777.5963,1105.5,16.4627,制度加权约4.9%（股票5.1%×47%+混合4.8%×34%等）[citation:5]
2028,中,基准,19777.5963,0.049,969.1022,945.6246,223.1664,30.4318,253.5982,692.0264,1661.1286,21438.725,1111.03,17.8012,制度加权约4.9%（股票5.1%×47%+混合4.8%×34%等）[citation:5]
2029,中,基准,21438.725,0.049,1050.4975,966.784,236.1173,32.1978,268.3151,698.4689,1748.9664,23187.6914,1116.58,19.2003,制度加权约4.9%（股票5.1%×47%+混合4.8%×34%等）[citation:5]
2030,中,基准,23187.6914,0.049,1136.1969,989.0176,249.3764,34.0059,283.3823,705.6353,1841.8322,25029.5235,1122.17,20.6633,制度加权约4.9%（股票5.1%×47%+混合4.8%×34%等）[citation:5]
2031,中,基准,25029.5235,0.049,1226.4467,1012.3892,262.9812,35.8611,298.8423,713.5469,1939.9936,26969.5171,1127.78,22.1937,制度加权约4.9%（股票5.1%×47%+混合4.8%×34%等）[citation:5]
2032,中,基准,26969.5171,0.049,1321.5063,1038.8152,282.4505,38.516,320.9664,717.8488,2039.3551,29008.8722,1133.42,23.7949,制度加权约4.9%（股票5.1%×47%+混合4.8%×34%等）[citation:5]
2033,中,基准,29008.8722,0.049,1421.4347,1066.4572,302.9823,41.3158,344.2981,722.1591,2143.5939,31152.4661,1139.08,25.4669,制度加权约4.9%（股票5.1%×47%+混合4.8%×34%等）[citation:5]
2034,中,基准,31152.4661,0.049,1526.4708,1095.3752,324.648,44.2702,368.9182,726.457,2252.9279,33405.394,1144.78,27.2127,制度加权约4.9%（股票5.1%×47%+混合4.8%×34%等）[citation:5]
2035,中,基准,33405.394,0.049,1636.8643,1125.6324,347.5234,47.3896,394.9129,730.7195,2367.5838,35772.9777,1150.5,29.0355,制度加权约4.9%（股票5.1%×47%+混合4.8%×34%等）[citation:5]
2036,中,基准,35772.9777,0.049,1752.8759,1157.2943,371.6882,50.6848,422.3729,734.9214,2487.7973,38260.775,1156.25,30.9387,制度加权约4.9%（股票5.1%×47%+混合4.8%×34%等）[citation:5]
2037,中,基准,38260.775,0.049,1874.778,1187.7504,394.0563,53.735,447.7913,739.9591,2614.7371,40875.5121,1162.04,32.9257,制度加权约4.9%（股票5.1%×47%+混合4.8%×34%等）[citation:5]
2038,中,基准,40875.5121,0.049,2002.9001,1192.4961,417.2702,56.9005,474.1707,718.3254,2721.2255,43596.7377,1167.85,35.0008,制度加权约4.9%（股票5.1%×47%+混合4.8%×34%等）[citation:5]
2039,中,基准,43596.7377,0.049,2136.2401,1187.0957,441.0881,60.1484,501.2365,685.8592,2822.0993,46418.837,1173.68,37.1452,制度加权约4.9%（股票5.1%×47%+混合4.8%×34%等）[citation:5]
2040,中,基准,46418.837,0.049,2274.523,1181.0165,465.4249,63.467,528.8919,652.1246,2926.6476,49345.4846,1179.55,39.3529,制度加权约4.9%（股票5.1%×47%+混合4.8%×34%等）[citation:5]
2041,中,基准,49345.4846,0.049,2417.9287,1174.2442,490.2894,66.8576,557.1471,617.0971,3035.0259,52380.5104,1185.45,41.6259,制度加权约4.9%（股票5.1%×47%+混合4.8%×34%等）[citation:5]
2042,中,基准,52380.5104,0.049,2566.645,1164.8457,519.0765,70.7832,589.8596,574.9861,3141.6311,55522.1415,1191.38,43.9663,制度加权约4.9%（股票5.1%×47%+混合4.8%×34%等）[citation:5]
2043,中,基准,55522.1415,0.049,2720.5849,1154.6548,549.0287,74.8676,623.8963,530.7585,3251.3435,58773.485,1197.34,46.3714,制度加权约4.9%（股票5.1%×47%+混合4.8%×34%等）[citation:5]
2044,中,基准,58773.485,0.049,2879.9008,1143.6679,580.2278,79.122,659.3497,484.3182,3364.2189,62137.7039,1203.32,48.8427,制度加权约4.9%（股票5.1%×47%+混合4.8%×34%等）[citation:5]
2045,中,基准,62137.7039,0.049,3044.7475,1131.882,612.7612,83.5583,696.3195,435.5625,3480.31,65618.0139,1209.34,51.3816,制度加权约4.9%（股票5.1%×47%+混合4.8%×34%等）[citation:5]
2046,中,基准,65618.0139,0.049,3215.2827,1119.2935,646.7226,88.1894,734.912,384.3815,3599.6642,69217.678,1215.39,53.9895,制度加权约4.9%（股票5.1%×47%+混合4.8%×34%等）[citation:5]
2047,中,基准,69217.678,0.049,3391.6662,1105.6849,676.8507,92.2978,769.1485,336.5364,3728.2026,72945.8806,1221.46,56.6679,制度加权约4.9%（股票5.1%×47%+混合4.8%×34%等）[citation:5]
2048,中,基准,72945.8806,0.049,3574.3482,1091.4811,707.8074,96.5192,804.3265,287.1546,3861.5027,76807.3834,1227.57,59.423,制度加权约4.9%（股票5.1%×47%+混合4.8%×34%等）[citation:5]
2049,中,基准,76807.3834,0.049,3763.5618,1076.6864,739.6275,100.8583,840.4858,236.2006,3999.7623,80807.1457,1233.71,62.2574,制度加权约4.9%（股票5.1%×47%+混合4.8%×34%等）[citation:5]
2050,中,基准,80807.1457,0.049,3959.5501,1061.3052,772.3481,105.3202,877.6683,183.6369,4143.187,84950.3327,1239.88,65.1736,制度加权约4.9%（股票5.1%×47%+混合4.8%×34%等）[citation:5]
2051,中,基准,84950.3327,0.049,4162.5663,1045.3423,806.0075,109.9101,915.9176,129.4247,4291.991,89242.3237,1246.08,68.1743,制度加权约4.9%（股票5.1%×47%+混合4.8%×34%等）[citation:5]
2052,中,基准,89242.3237,0.049,4372.8739,1031.505,839.2789,114.4471,953.726,77.779,4450.6528,93692.9766,1252.31,71.2624,制度加权约4.9%（股票5.1%×47%+混合4.8%×34%等）[citation:5]
2053,中,基准,93692.9766,0.049,4590.9559,1017.1179,873.4144,119.102,992.5163,24.6016,4615.5574,98308.534,1258.57,74.4442,制度加权约4.9%（股票5.1%×47%+混合4.8%×34%等）[citation:5]
2054,中,基准,98308.534,0.049,4817.1182,1002.1834,908.3868,123.8709,1032.2577,-30.0743,4787.0439,103095.5779,1264.86,77.7229,制度加权约4.9%（股票5.1%×47%+混合4.8%×34%等）[citation:5]
2055,中,基准,103095.5779,0.049,5051.6833,986.7039,944.1609,128.7492,1072.9102,-86.2063,4965.477,108061.0549,1271.18,81.102,制度加权约4.9%（股票5.1%×47%+混合4.8%×34%等）[citation:5]
2056,中,基准,108061.0549,0.049,5294.9917,970.6817,980.6928,133.7308,1114.4236,-143.7419,5151.2498,113212.3047,1277.54,84.5853,制度加权约4.9%（股票5.1%×47%+混合4.8%×34%等）[citation:5]
2026,高,乐观,16700.0,0.07,1169.0,931.2297,198.0499,27.0068,225.0567,706.173,1875.173,18575.173,1100.0,15.1818,参考DIS核心累积历史约7.3%[citation:5]，情景取7.0%
2027,高,乐观,18575.173,0.07,1300.2621,960.1473,214.833,29.2954,244.1284,716.0189,2016.281,20591.454,1105.5,16.8025,参考DIS核心累积历史约7.3%[citation:5]，情景取7.0%
2028,高,乐观,20591.454,0.07,1441.4018,990.5416,232.3498,31.6841,264.0339,726.5077,2167.9095,22759.3635,1111.03,18.5337,参考DIS核心累积历史约7.3%[citation:5]，情景取7.0%
2029,高,乐观,22759.3635,0.07,1593.1554,1022.5083,250.6623,34.1812,284.8435,737.6648,2330.8203,25090.1838,1116.58,20.3831,参考DIS核心累积历史约7.3%[citation:5]，情景取7.0%
2030,高,乐观,25090.1838,0.07,1756.3129,1056.1497,269.8371,36.796,306.6331,749.5166,2505.8294,27596.0132,1122.17,22.3587,参考DIS核心累积历史约7.3%[citation:5]，情景取7.0%
2031,高,乐观,27596.0132,0.07,1931.7209,1091.5749,289.9469,39.5382,329.4851,762.0898,2693.8107,30289.824,1127.78,24.4694,参考DIS核心累积历史约7.3%[citation:5]，情景取7.0%
2032,高,乐观,30289.824,0.07,2120.2877,1130.8757,317.2239,43.2578,360.4817,770.394,2890.6817,33180.5057,1133.42,26.7244,参考DIS核心累积历史约7.3%[citation:5]，情景取7.0%
2033,高,乐观,33180.5057,0.07,2322.6354,1172.1727,346.5528,47.2572,393.81,778.3627,3100.9981,36281.5038,1139.08,29.1292,参考DIS核心累积历史约7.3%[citation:5]，情景取7.0%
2034,高,乐观,36281.5038,0.07,2539.7053,1215.5802,378.099,51.559,429.658,785.9222,3325.6275,39607.1312,1144.78,31.6931,参考DIS核心累积历史约7.3%[citation:5]，情景取7.0%
2035,高,乐观,39607.1312,0.07,2772.4992,1236.5823,412.0414,56.1875,468.2288,768.3535,3540.8527,43147.9839,1150.5,34.426,参考DIS核心累积历史约7.3%[citation:5]，情景取7.0%
2036,高,乐观,43147.9839,0.07,3020.3589,1234.5434,448.3159,61.134,509.4499,725.0935,3745.4523,46893.4362,1156.25,37.317,参考DIS核心累积历史约7.3%[citation:5]，情景取7.0%
2037,高,乐观,46893.4362,0.07,3282.5405,1230.2598,482.966,65.859,548.825,681.4348,3963.9753,50857.4115,1162.04,40.3546,参考DIS核心累积历史约7.3%[citation:5]，情景取7.0%
2038,高,乐观,50857.4115,0.07,3560.0188,1225.3084,519.1686,70.7957,589.9643,635.3441,4195.3629,55052.7744,1167.85,43.5481,参考DIS核心累积历史约7.3%[citation:5]，情景取7.0%
2039,高,乐观,55052.7744,0.07,3853.6942,1219.6748,556.9941,75.9537,632.9478,586.727,4440.4212,59493.1956,1173.68,46.9059,参考DIS核心累积历史约7.3%[citation:5]，情景取7.0%
2040,高,乐观,59493.1956,0.07,4164.5237,1213.3451,596.5168,81.3432,677.86,535.4851,4700.0088,64193.2044,1179.55,50.4371,参考DIS核心累积历史约7.3%[citation:5]，情景取7.0%
2041,高,乐观,64193.2044,0.07,4493.5243,1206.305,637.8142,86.9747,724.7888,481.5162,4975.0405,69168.2449,1185.45,54.1509,参考DIS核心累积历史约7.3%[citation:5]，情景取7.0%
2042,高,乐观,69168.2449,0.07,4841.7771,1196.6688,685.4383,93.4689,778.9072,417.7616,5259.5388,74427.7837,1191.38,58.0573,参考DIS核心累积历史约7.3%[citation:5]，情景取7.0%
2043,高,乐观,74427.7837,0.07,5209.9449,1186.2183,735.9765,100.3604,836.3369,349.8814,5559.8262,79987.6099,1197.34,62.1612,参考DIS核心累积历史约7.3%[citation:5]，情景取7.0%
2044,高,乐观,79987.6099,0.07,5599.1327,1174.9503,789.6594,107.6808,897.3402,277.6101,5876.7428,85864.3527,1203.32,66.4723,参考DIS核心累积历史约7.3%[citation:5]，情景取7.0%
2045,高,乐观,85864.3527,0.07,6010.5047,1162.8615,846.7378,115.4642,962.202,200.6595,6211.1642,92075.5169,1209.34,71.0011,参考DIS核心累积历史约7.3%[citation:5]，情景取7.0%
2046,高,乐观,92075.5169,0.07,6445.2862,1149.9487,907.4843,123.7479,1031.2321,118.7166,6564.0028,98639.5196,1215.39,75.7583,参考DIS核心累积历史约7.3%[citation:5]，情景取7.0%
2047,高,乐观,98639.5196,0.07,6904.7664,1136.0061,964.5545,131.5302,1096.0847,39.9214,6944.6878,105584.2074,1221.46,80.7553,参考DIS核心累积历史约7.3%[citation:5]，情景取7.0%
2048,高,乐观,105584.2074,0.07,7390.8945,1121.4557,1024.5031,139.705,1164.208,-42.7523,7348.1422,112932.3496,1227.57,86.0108,参考DIS核心累积历史约7.3%[citation:5]，情景取7.0%
2049,高,乐观,112932.3496,0.07,7905.2645,1106.3016,1087.498,148.2952,1235.7932,-129.4916,7775.7729,120708.1225,1233.71,91.539,参考DIS核心累积历史约7.3%[citation:5]，情景取7.0%
2050,高,乐观,120708.1225,0.07,8449.5686,1090.5483,1153.7184,157.3252,1311.0437,-220.4954,8229.0732,128937.1957,1239.88,97.355,参考DIS核心累积历史约7.3%[citation:5]，情景取7.0%
2051,高,乐观,128937.1957,0.07,9025.6037,1074.2004,1223.3541,166.821,1390.1751,-315.9747,8709.6289,137646.8246,1246.08,103.4747,参考DIS核心累积历史约7.3%[citation:5]，情景取7.0%
2052,高,乐观,137646.8246,0.07,9635.2777,1060.0099,1294.4988,176.5226,1471.0213,-411.0114,9224.2663,146871.0909,1252.31,109.9147,参考DIS核心累积历史约7.3%[citation:5]，情景取7.0%
2053,高,乐观,146871.0909,0.07,10280.9764,1045.2594,1369.1455,186.7017,1555.8472,-510.5878,9770.3886,156641.4795,1258.57,116.6971,参考DIS核心累积历史约7.3%[citation:5]，情景取7.0%
2054,高,乐观,156641.4795,0.07,10964.9036,1029.9509,1447.3926,197.3717,1644.7644,-614.8135,10350.0901,166991.5696,1264.86,123.841,参考DIS核心累积历史约7.3%[citation:5]，情景取7.0%
2055,高,乐观,166991.5696,0.07,11689.4099,1014.0866,1529.3277,208.5447,1737.8723,-723.7857,10965.6241,177957.1937,1271.18,131.3669,参考DIS核心累积历史约7.3%[citation:5]，情景取7.0%
2056,高,乐观,177957.1937,0.07,12457.0036,997.6685,1615.0252,220.2307,1835.2559,-837.5874,11619.4161,189576.6099,1277.54,139.2968,参考DIS核心累积历史约7.3%[citation:5]，情景取7.0%
