sim_id,性别,提取模式,余命_年,死亡年龄,账户耗尽年龄,长寿缺口_年,是否长寿缺口
0,女,pct4,25.1,90.1,96.89,0.0,0
1,女,pct4,18.02,83.02,93.31,0.0,0
2,女,pct4,28.01,93.01,145.0,0.0,0
3,女,pct4,29.35,94.35,145.0,0.0,0
4,女,pct4,14.4,79.4,86.08,0.0,0
5,女,pct4,16.9,81.9,145.0,0.0,0
6,女,pct4,24.03,89.03,107.17,0.0,0
7,女,pct4,21.54,86.54,88.35,0.0,0
8,女,pct4,23.19,88.19,145.0,0.0,0
9,女,pct4,18.87,83.87,145.0,0.0,0
10,女,pct4,28.91,93.91,87.09,6.82,1
11,女,pct4,28.2,93.2,145.0,0.0,0
12,女,pct4,23.67,88.67,145.0,0.0,0
13,女,pct4,30.73,95.73,111.31,0.0,0
14,女,pct4,26.12,91.12,145.0,0.0,0
15,女,pct4,18.84,83.84,125.85,0.0,0
16,女,pct4,25.5,90.5,110.33,0.0,0
17,女,pct4,18.39,83.39,93.39,0.0,0
18,女,pct4,28.91,93.91,145.0,0.0,0
19,女,pct4,23.0,88.0,145.0,0.0,0
20,女,pct4,22.25,87.25,112.79,0.0,0
21,女,pct4,19.69,84.69,91.67,0.0,0
22,女,pct4,31.46,96.46,122.28,0.0,0
23,女,pct4,22.41,87.41,108.26,0.0,0
24,女,pct4,20.95,85.95,86.58,0.0,0
25,女,pct4,21.35,86.35,85.63,0.72,1
26,女,pct4,26.54,91.54,145.0,0.0,0
27,女,pct4,25.48,90.48,80.46,10.02,1
28,女,pct4,25.77,90.77,133.41,0.0,0
29,女,pct4,25.89,90.89,96.39,0.0,0
30,女,pct4,39.45,104.45,145.0,0.0,0
31,女,pct4,21.07,86.07,96.11,0.0,0
32,女,pct4,20.52,85.52,145.0,0.0,0
33,女,pct4,19.06,84.06,98.03,0.0,0
34,女,pct4,27.1,92.1,120.58,0.0,0
35,女,pct4,30.74,95.74,145.0,0.0,0
36,女,pct4,22.64,87.64,96.69,0.0,0
37,女,pct4,18.93,83.93,145.0,0.0,0
38,女,pct4,19.01,84.01,89.43,0.0,0
39,女,pct4,27.33,92.33,145.0,0.0,0
40,女,pct4,27.96,92.96,145.0,0.0,0
41,女,pct4,26.62,91.62,145.0,0.0,0
42,女,pct4,19.76,84.76,145.0,0.0,0
43,女,pct4,24.65,89.65,92.0,0.0,0
44,女,pct4,23.96,88.96,86.26,2.71,1
45,女,pct4,24.57,89.57,89.43,0.15,0
46,女,pct4,28.86,93.86,145.0,0.0,0
47,女,pct4,24.6,89.6,145.0,0.0,0
48,女,pct4,27.52,92.52,119.47,0.0,0
49,女,pct4,23.67,88.67,88.24,0.43,0
50,女,pct4,25.0,90.0,145.0,0.0,0
51,女,pct4,27.2,92.2,87.4,4.8,1
52,女,pct4,16.26,81.26,145.0,0.0,0
53,女,pct4,21.52,86.52,145.0,0.0,0
54,女,pct4,20.74,85.74,145.0,0.0,0
55,女,pct4,19.89,84.89,145.0,0.0,0
56,女,pct4,21.76,86.76,96.12,0.0,0
57,女,pct4,33.64,98.64,83.69,14.95,1
58,女,pct4,18.81,83.81,94.26,0.0,0
59,女,pct4,29.55,94.55,88.5,6.05,1
60,女,pct4,15.38,80.38,85.8,0.0,0
61,女,pct4,21.44,86.44,145.0,0.0,0
62,女,pct4,24.24,89.24,145.0,0.0,0
63,女,pct4,26.9,91.9,145.0,0.0,0
64,女,pct4,27.74,92.74,100.09,0.0,0
65,女,pct4,28.31,93.31,104.13,0.0,0
66,女,pct4,21.37,86.37,145.0,0.0,0
67,女,pct4,20.78,85.78,110.1,0.0,0
68,女,pct4,28.76,93.76,145.0,0.0,0
69,女,pct4,22.21,87.21,103.36,0.0,0
70,女,pct4,17.01,82.01,99.27,0.0,0
71,女,pct4,17.61,82.61,86.07,0.0,0
72,女,pct4,18.57,83.57,82.88,0.68,1
73,女,pct4,26.32,91.32,101.37,0.0,0
74,女,pct4,24.11,89.11,115.64,0.0,0
75,女,pct4,27.6,92.6,86.93,5.67,1
76,女,pct4,20.96,85.96,109.99,0.0,0
77,女,pct4,24.21,89.21,115.44,0.0,0
78,女,pct4,27.16,92.16,82.11,10.05,1
79,女,pct4,21.58,86.58,90.24,0.0,0
80,女,pct4,26.05,91.05,145.0,0.0,0
81,女,pct4,19.78,84.78,145.0,0.0,0
82,女,pct4,21.29,86.29,87.98,0.0,0
83,女,pct4,21.19,86.19,125.74,0.0,0
84,女,pct4,17.34,82.34,145.0,0.0,0
85,女,pct4,26.25,91.25,145.0,0.0,0
86,女,pct4,20.74,85.74,107.12,0.0,0
87,女,pct4,23.36,88.36,96.58,0.0,0
88,女,pct4,26.21,91.21,93.85,0.0,0
89,女,pct4,25.99,90.99,145.0,0.0,0
90,女,pct4,27.43,92.43,131.44,0.0,0
91,女,pct4,22.73,87.73,145.0,0.0,0
92,女,pct4,20.98,85.98,122.5,0.0,0
93,女,pct4,22.83,87.83,145.0,0.0,0
94,女,pct4,15.37,80.37,118.76,0.0,0
95,女,pct4,16.3,81.3,145.0,0.0,0
96,女,pct4,16.81,81.81,145.0,0.0,0
97,女,pct4,18.21,83.21,91.49,0.0,0
98,女,pct4,25.69,90.69,83.7,6.99,1
99,女,pct4,18.63,83.63,145.0,0.0,0
100,女,pct4,21.21,86.21,145.0,0.0,0
101,女,pct4,32.06,97.06,84.2,12.86,1
102,女,pct4,21.33,86.33,92.64,0.0,0
103,女,pct4,27.92,92.92,145.0,0.0,0
104,女,pct4,18.5,83.5,100.86,0.0,0
105,女,pct4,22.13,87.13,95.77,0.0,0
106,女,pct4,18.43,83.43,145.0,0.0,0
107,女,pct4,21.42,86.42,88.92,0.0,0
108,女,pct4,28.64,93.64,91.57,2.07,1
109,女,pct4,15.22,80.22,134.65,0.0,0
110,女,pct4,25.91,90.91,145.0,0.0,0
111,女,pct4,24.69,89.69,145.0,0.0,0
112,女,pct4,20.11,85.11,145.0,0.0,0
113,女,pct4,16.31,81.31,132.08,0.0,0
114,女,pct4,23.7,88.7,145.0,0.0,0
115,女,pct4,20.44,85.44,101.43,0.0,0
116,女,pct4,24.66,89.66,116.11,0.0,0
117,女,pct4,23.41,88.41,119.97,0.0,0
118,女,pct4,34.54,99.54,135.47,0.0,0
119,女,pct4,21.95,86.95,145.0,0.0,0
120,女,pct4,18.1,83.1,145.0,0.0,0
121,女,pct4,24.33,89.33,114.75,0.0,0
122,女,pct4,24.58,89.58,91.43,0.0,0
123,女,pct4,32.54,97.54,116.5,0.0,0
124,女,pct4,28.6,93.6,110.33,0.0,0
125,女,pct4,25.42,90.42,131.09,0.0,0
126,女,pct4,33.38,98.38,145.0,0.0,0
127,女,pct4,17.38,82.38,95.56,0.0,0
128,女,pct4,19.89,84.89,145.0,0.0,0
129,女,pct4,18.53,83.53,145.0,0.0,0
130,女,pct4,21.15,86.15,119.07,0.0,0
131,女,pct4,16.59,81.59,145.0,0.0,0
132,女,pct4,27.22,92.22,98.45,0.0,0
133,女,pct4,22.04,87.04,145.0,0.0,0
134,女,pct4,16.21,81.21,91.56,0.0,0
135,女,pct4,18.13,83.13,99.05,0.0,0
136,女,pct4,25.15,90.15,144.94,0.0,0
137,女,pct4,28.62,93.62,145.0,0.0,0
138,女,pct4,38.07,103.07,145.0,0.0,0
139,女,pct4,45.0,110.0,145.0,0.0,0
140,女,pct4,25.78,90.78,107.14,0.0,0
141,女,pct4,18.25,83.25,99.52,0.0,0
142,女,pct4,13.77,78.77,145.0,0.0,0
143,女,pct4,24.87,89.87,145.0,0.0,0
144,女,pct4,19.06,84.06,92.57,0.0,0
145,女,pct4,21.02,86.02,92.91,0.0,0
146,女,pct4,20.03,85.03,89.95,0.0,0
147,女,pct4,22.49,87.49,145.0,0.0,0
148,女,pct4,30.27,95.27,98.75,0.0,0
149,女,pct4,24.2,89.2,122.0,0.0,0
150,女,pct4,22.39,87.39,108.55,0.0,0
151,女,pct4,18.04,83.04,145.0,0.0,0
152,女,pct4,15.42,80.42,90.99,0.0,0
153,女,pct4,20.66,85.66,88.66,0.0,0
154,女,pct4,22.98,87.98,137.64,0.0,0
155,女,pct4,35.98,100.98,145.0,0.0,0
156,女,pct4,24.04,89.04,145.0,0.0,0
157,女,pct4,29.66,94.66,91.43,3.23,1
158,女,pct4,20.59,85.59,145.0,0.0,0
159,女,pct4,17.39,82.39,92.25,0.0,0
160,女,pct4,18.36,83.36,95.6,0.0,0
161,女,pct4,19.48,84.48,89.93,0.0,0
162,女,pct4,39.32,104.32,145.0,0.0,0
163,女,pct4,19.02,84.02,145.0,0.0,0
164,女,pct4,28.62,93.62,145.0,0.0,0
165,女,pct4,18.64,83.64,145.0,0.0,0
166,女,pct4,29.29,94.29,145.0,0.0,0
167,女,pct4,25.6,90.6,84.23,6.37,1
168,女,pct4,22.4,87.4,92.32,0.0,0
169,女,pct4,23.05,88.05,94.05,0.0,0
170,女,pct4,19.82,84.82,90.95,0.0,0
171,女,pct4,25.99,90.99,88.64,2.34,1
172,女,pct4,20.82,85.82,100.33,0.0,0
173,女,pct4,17.22,82.22,87.46,0.0,0
174,女,pct4,17.0,82.0,145.0,0.0,0
175,女,pct4,24.29,89.29,115.29,0.0,0
176,女,pct4,34.35,99.35,145.0,0.0,0
177,女,pct4,24.22,89.22,145.0,0.0,0
178,女,pct4,22.61,87.61,145.0,0.0,0
179,女,pct4,24.98,89.98,98.55,0.0,0
180,女,pct4,32.11,97.11,145.0,0.0,0
181,女,pct4,24.58,89.58,140.33,0.0,0
182,女,pct4,21.04,86.04,83.43,2.61,1
183,女,pct4,30.57,95.57,89.35,6.23,1
184,女,pct4,25.88,90.88,84.06,6.82,1
185,女,pct4,33.98,98.98,112.96,0.0,0
186,女,pct4,24.36,89.36,106.03,0.0,0
187,女,pct4,17.22,82.22,96.58,0.0,0
188,女,pct4,16.62,81.62,145.0,0.0,0
189,女,pct4,34.96,99.96,145.0,0.0,0
190,女,pct4,35.59,100.59,145.0,0.0,0
191,女,pct4,22.28,87.28,90.07,0.0,0
192,女,pct4,21.19,86.19,89.38,0.0,0
193,女,pct4,33.37,98.37,114.24,0.0,0
194,女,pct4,17.73,82.73,127.8,0.0,0
195,女,pct4,18.68,83.68,83.46,0.22,0
196,女,pct4,27.28,92.28,103.88,0.0,0
197,女,pct4,21.13,86.13,112.75,0.0,0
198,女,pct4,23.25,88.25,102.74,0.0,0
199,女,pct4,22.37,87.37,91.38,0.0,0
200,女,pct4,25.3,90.3,95.29,0.0,0
201,女,pct4,32.93,97.93,104.0,0.0,0
202,女,pct4,23.81,88.81,118.43,0.0,0
203,女,pct4,27.28,92.28,145.0,0.0,0
204,女,pct4,14.05,79.05,145.0,0.0,0
205,女,pct4,23.01,88.01,100.47,0.0,0
206,女,pct4,18.92,83.92,96.81,0.0,0
207,女,pct4,17.25,82.25,145.0,0.0,0
208,女,pct4,18.76,83.76,145.0,0.0,0
209,女,pct4,21.44,86.44,97.25,0.0,0
210,女,pct4,29.17,94.17,145.0,0.0,0
211,女,pct4,16.8,81.8,145.0,0.0,0
212,女,pct4,23.46,88.46,145.0,0.0,0
213,女,pct4,20.67,85.67,145.0,0.0,0
214,女,pct4,21.48,86.48,90.77,0.0,0
215,女,pct4,29.8,94.8,112.74,0.0,0
216,女,pct4,26.58,91.58,112.58,0.0,0
217,女,pct4,32.36,97.36,107.0,0.0,0
218,女,pct4,22.41,87.41,93.55,0.0,0
219,女,pct4,19.62,84.62,85.55,0.0,0
220,女,pct4,22.03,87.03,118.59,0.0,0
221,女,pct4,24.72,89.72,91.93,0.0,0
222,女,pct4,24.32,89.32,118.0,0.0,0
223,女,pct4,17.83,82.83,91.62,0.0,0
224,女,pct4,23.81,88.81,88.44,0.36,0
225,女,pct4,24.63,89.63,140.3,0.0,0
226,女,pct4,43.28,108.28,124.76,0.0,0
227,女,pct4,36.96,101.96,145.0,0.0,0
228,女,pct4,18.87,83.87,145.0,0.0,0
229,女,pct4,21.69,86.69,145.0,0.0,0
230,女,pct4,16.24,81.24,145.0,0.0,0
231,女,pct4,20.13,85.13,88.64,0.0,0
232,女,pct4,25.16,90.16,86.92,3.24,1
233,女,pct4,31.33,96.33,145.0,0.0,0
234,女,pct4,19.46,84.46,90.15,0.0,0
235,女,pct4,19.82,84.82,88.95,0.0,0
236,女,pct4,13.72,78.72,109.75,0.0,0
237,女,pct4,22.37,87.37,107.34,0.0,0
238,女,pct4,17.92,82.92,90.37,0.0,0
239,女,pct4,20.44,85.44,100.2,0.0,0
240,女,pct4,18.76,83.76,145.0,0.0,0
241,女,pct4,22.75,87.75,91.47,0.0,0
242,女,pct4,15.1,80.1,86.16,0.0,0
243,女,pct4,16.22,81.22,145.0,0.0,0
244,女,pct4,39.33,104.33,145.0,0.0,0
245,女,pct4,16.96,81.96,93.98,0.0,0
246,女,pct4,17.77,82.77,84.95,0.0,0
247,女,pct4,36.6,101.6,92.24,9.36,1
248,女,pct4,45.0,110.0,108.97,1.03,1
249,女,pct4,17.45,82.45,145.0,0.0,0
250,女,pct4,21.27,86.27,89.02,0.0,0
251,女,pct4,25.33,90.33,107.59,0.0,0
252,女,pct4,35.64,100.64,145.0,0.0,0
253,女,pct4,18.26,83.26,81.23,2.03,1
254,女,pct4,21.92,86.92,145.0,0.0,0
255,女,pct4,28.19,93.19,87.74,5.46,1
256,女,pct4,25.91,90.91,145.0,0.0,0
257,女,pct4,21.22,86.22,144.16,0.0,0
258,女,pct4,22.53,87.53,145.0,0.0,0
259,女,pct4,16.6,81.6,145.0,0.0,0
260,女,pct4,21.96,86.96,81.24,5.72,1
261,女,pct4,21.81,86.81,91.73,0.0,0
262,女,pct4,24.65,89.65,123.22,0.0,0
263,女,pct4,20.31,85.31,103.39,0.0,0
264,女,pct4,26.15,91.15,145.0,0.0,0
265,女,pct4,29.88,94.88,145.0,0.0,0
266,女,pct4,24.19,89.19,145.0,0.0,0
267,女,pct4,25.39,90.39,102.77,0.0,0
268,女,pct4,23.59,88.59,83.51,5.08,1
269,女,pct4,23.28,88.28,96.83,0.0,0
270,女,pct4,19.49,84.49,145.0,0.0,0
271,女,pct4,25.17,90.17,88.53,1.64,1
272,女,pct4,22.73,87.73,145.0,0.0,0
273,女,pct4,38.98,103.98,145.0,0.0,0
274,女,pct4,34.3,99.3,121.94,0.0,0
275,女,pct4,25.6,90.6,79.1,11.51,1
276,女,pct4,19.3,84.3,86.99,0.0,0
277,女,pct4,17.7,82.7,145.0,0.0,0
278,女,pct4,31.22,96.22,95.17,1.05,1
279,女,pct4,24.84,89.84,82.85,6.99,1
280,女,pct4,26.21,91.21,145.0,0.0,0
281,女,pct4,15.15,80.15,112.71,0.0,0
282,女,pct4,29.26,94.26,145.0,0.0,0
283,女,pct4,26.04,91.04,145.0,0.0,0
284,女,pct4,17.71,82.71,145.0,0.0,0
285,女,pct4,20.73,85.73,145.0,0.0,0
286,女,pct4,24.85,89.85,145.0,0.0,0
287,女,pct4,23.59,88.59,145.0,0.0,0
288,女,pct4,21.67,86.67,145.0,0.0,0
289,女,pct4,22.7,87.7,84.96,2.74,1
290,女,pct4,21.88,86.88,145.0,0.0,0
291,女,pct4,24.17,89.17,145.0,0.0,0
292,女,pct4,33.45,98.45,145.0,0.0,0
293,女,pct4,12.38,77.38,97.4,0.0,0
294,女,pct4,21.96,86.96,145.0,0.0,0
295,女,pct4,24.32,89.32,145.0,0.0,0
296,女,pct4,25.04,90.04,145.0,0.0,0
297,女,pct4,21.25,86.25,92.17,0.0,0
298,女,pct4,15.11,80.11,95.85,0.0,0
299,女,pct4,25.24,90.24,100.17,0.0,0
300,女,pct4,35.63,100.63,96.17,4.46,1
301,女,pct4,15.96,80.96,90.51,0.0,0
302,女,pct4,28.8,93.8,79.96,13.84,1
303,女,pct4,21.47,86.47,97.24,0.0,0
304,女,pct4,22.93,87.93,145.0,0.0,0
305,女,pct4,17.97,82.97,96.11,0.0,0
306,女,pct4,21.44,86.44,145.0,0.0,0
307,女,pct4,32.07,97.07,112.71,0.0,0
308,女,pct4,26.88,91.88,145.0,0.0,0
309,女,pct4,35.67,100.67,145.0,0.0,0
310,女,pct4,31.11,96.11,145.0,0.0,0
311,女,pct4,25.94,90.94,145.0,0.0,0
312,女,pct4,35.77,100.77,145.0,0.0,0
313,女,pct4,25.94,90.94,115.6,0.0,0
314,女,pct4,28.55,93.55,145.0,0.0,0
315,女,pct4,21.64,86.64,145.0,0.0,0
316,女,pct4,23.67,88.67,100.63,0.0,0
317,女,pct4,19.61,84.61,145.0,0.0,0
318,女,pct4,29.71,94.71,145.0,0.0,0
319,女,pct4,17.42,82.42,101.12,0.0,0
320,女,pct4,28.23,93.23,145.0,0.0,0
321,女,pct4,22.22,87.22,145.0,0.0,0
322,女,pct4,31.07,96.07,145.0,0.0,0
323,女,pct4,28.01,93.01,112.61,0.0,0
324,女,pct4,36.45,101.45,81.22,20.23,1
325,女,pct4,27.87,92.87,145.0,0.0,0
326,女,pct4,15.81,80.81,81.85,0.0,0
327,女,pct4,22.9,87.9,145.0,0.0,0
328,女,pct4,17.45,82.45,127.28,0.0,0
329,女,pct4,20.49,85.49,145.0,0.0,0
330,女,pct4,33.78,98.78,90.38,8.4,1
331,女,pct4,27.24,92.24,85.13,7.11,1
332,女,pct4,19.6,84.6,145.0,0.0,0
333,女,pct4,18.14,83.14,110.04,0.0,0
334,女,pct4,23.47,88.47,96.14,0.0,0
335,女,pct4,17.26,82.26,117.89,0.0,0
336,女,pct4,19.74,84.74,145.0,0.0,0
337,女,pct4,25.14,90.14,145.0,0.0,0
338,女,pct4,30.94,95.94,145.0,0.0,0
339,女,pct4,27.05,92.05,145.0,0.0,0
340,女,pct4,13.24,78.24,145.0,0.0,0
341,女,pct4,25.1,90.1,103.55,0.0,0
342,女,pct4,23.7,88.7,82.54,6.16,1
343,女,pct4,25.78,90.78,103.6,0.0,0
344,女,pct4,34.66,99.66,145.0,0.0,0
345,女,pct4,14.01,79.01,89.67,0.0,0
346,女,pct4,20.13,85.13,104.01,0.0,0
347,女,pct4,26.93,91.93,92.95,0.0,0
348,女,pct4,15.77,80.77,145.0,0.0,0
349,女,pct4,33.49,98.49,145.0,0.0,0
350,女,pct4,25.49,90.49,145.0,0.0,0
351,女,pct4,28.68,93.68,145.0,0.0,0
352,女,pct4,20.23,85.23,109.85,0.0,0
353,女,pct4,28.45,93.45,131.89,0.0,0
354,女,pct4,30.29,95.29,87.72,7.57,1
355,女,pct4,24.66,89.66,81.98,7.67,1
356,女,pct4,24.67,89.67,124.66,0.0,0
357,女,pct4,24.89,89.89,145.0,0.0,0
358,女,pct4,18.82,83.82,145.0,0.0,0
359,女,pct4,22.45,87.45,145.0,0.0,0
360,女,pct4,22.43,87.43,145.0,0.0,0
361,女,pct4,25.59,90.59,89.39,1.2,1
362,女,pct4,29.78,94.78,99.03,0.0,0
363,女,pct4,17.94,82.94,145.0,0.0,0
364,女,pct4,22.58,87.58,145.0,0.0,0
365,女,pct4,33.53,98.53,145.0,0.0,0
366,女,pct4,19.39,84.39,145.0,0.0,0
367,女,pct4,19.02,84.02,98.23,0.0,0
368,女,pct4,24.47,89.47,90.58,0.0,0
369,女,pct4,28.66,93.66,145.0,0.0,0
370,女,pct4,23.35,88.35,88.44,0.0,0
371,女,pct4,32.3,97.3,102.03,0.0,0
372,女,pct4,28.75,93.75,106.31,0.0,0
373,女,pct4,28.65,93.65,145.0,0.0,0
374,女,pct4,26.69,91.69,98.98,0.0,0
375,女,pct4,41.3,106.3,81.02,25.28,1
376,女,pct4,22.14,87.14,145.0,0.0,0
377,女,pct4,14.22,79.22,92.85,0.0,0
378,女,pct4,34.56,99.56,114.64,0.0,0
379,女,pct4,20.8,85.8,107.5,0.0,0
380,女,pct4,23.91,88.91,101.03,0.0,0
381,女,pct4,32.14,97.14,145.0,0.0,0
382,女,pct4,15.69,80.69,85.25,0.0,0
383,女,pct4,17.11,82.11,95.68,0.0,0
384,女,pct4,15.7,80.7,145.0,0.0,0
385,女,pct4,19.15,84.15,94.08,0.0,0
386,女,pct4,25.95,90.95,84.79,6.15,1
387,女,pct4,26.49,91.49,145.0,0.0,0
388,女,pct4,24.92,89.92,145.0,0.0,0
389,女,pct4,16.44,81.44,109.46,0.0,0
390,女,pct4,13.18,78.18,82.96,0.0,0
391,女,pct4,23.6,88.6,145.0,0.0,0
392,女,pct4,20.73,85.73,84.5,1.23,1
393,女,pct4,26.07,91.07,145.0,0.0,0
394,女,pct4,27.68,92.68,90.53,2.14,1
395,女,pct4,24.09,89.09,87.93,1.16,1
396,女,pct4,28.08,93.08,97.09,0.0,0
397,女,pct4,24.64,89.64,103.78,0.0,0
398,女,pct4,26.53,91.53,93.63,0.0,0
399,女,pct4,19.57,84.57,145.0,0.0,0
400,女,pct4,22.28,87.28,97.01,0.0,0
401,女,pct4,24.44,89.44,145.0,0.0,0
402,女,pct4,28.5,93.5,145.0,0.0,0
403,女,pct4,21.13,86.13,92.87,0.0,0
404,女,pct4,26.47,91.47,90.77,0.7,1
405,女,pct4,21.81,86.81,84.57,2.24,1
406,女,pct4,22.62,87.62,145.0,0.0,0
407,女,pct4,28.56,93.56,98.98,0.0,0
408,女,pct4,14.25,79.25,81.26,0.0,0
409,女,pct4,16.92,81.92,95.35,0.0,0
410,女,pct4,16.16,81.16,90.39,0.0,0
411,女,pct4,13.11,78.11,145.0,0.0,0
412,女,pct4,19.7,84.7,84.26,0.44,0
413,女,pct4,28.0,93.0,85.83,7.17,1
414,女,pct4,21.71,86.71,145.0,0.0,0
415,女,pct4,24.45,89.45,145.0,0.0,0
416,女,pct4,30.45,95.45,92.23,3.21,1
417,女,pct4,32.29,97.29,93.81,3.48,1
418,女,pct4,22.89,87.89,145.0,0.0,0
419,女,pct4,32.49,97.49,81.43,16.07,1
420,女,pct4,23.82,88.82,83.44,5.38,1
421,女,pct4,18.95,83.95,100.84,0.0,0
422,女,pct4,20.11,85.11,145.0,0.0,0
423,女,pct4,16.17,81.17,97.22,0.0,0
424,女,pct4,18.71,83.71,119.34,0.0,0
425,女,pct4,21.32,86.32,145.0,0.0,0
426,女,pct4,28.38,93.38,145.0,0.0,0
427,女,pct4,35.57,100.57,94.67,5.9,1
428,女,pct4,16.57,81.57,110.94,0.0,0
429,女,pct4,25.65,90.65,145.0,0.0,0
430,女,pct4,18.02,83.02,85.31,0.0,0
431,女,pct4,26.17,91.17,145.0,0.0,0
432,女,pct4,22.54,87.54,89.19,0.0,0
433,女,pct4,14.83,79.83,119.49,0.0,0
434,女,pct4,29.26,94.26,101.91,0.0,0
435,女,pct4,20.06,85.06,89.79,0.0,0
436,女,pct4,20.42,85.42,89.54,0.0,0
437,女,pct4,17.89,82.89,145.0,0.0,0
438,女,pct4,19.82,84.82,145.0,0.0,0
439,女,pct4,25.87,90.87,105.72,0.0,0
440,女,pct4,22.22,87.22,116.69,0.0,0
441,女,pct4,25.25,90.25,145.0,0.0,0
442,女,pct4,25.45,90.45,89.65,0.8,1
443,女,pct4,32.23,97.23,145.0,0.0,0
444,女,pct4,21.4,86.4,145.0,0.0,0
445,女,pct4,16.19,81.19,145.0,0.0,0
446,女,pct4,30.28,95.28,98.49,0.0,0
447,女,pct4,21.46,86.46,96.78,0.0,0
448,女,pct4,30.64,95.64,145.0,0.0,0
449,女,pct4,25.59,90.59,145.0,0.0,0
450,女,pct4,22.54,87.54,95.37,0.0,0
451,女,pct4,25.37,90.37,97.89,0.0,0
452,女,pct4,37.64,102.64,145.0,0.0,0
453,女,pct4,38.83,103.83,91.21,12.61,1
454,女,pct4,23.68,88.68,97.74,0.0,0
455,女,pct4,24.22,89.22,118.32,0.0,0
456,女,pct4,30.35,95.35,145.0,0.0,0
457,女,pct4,18.91,83.91,94.23,0.0,0
458,女,pct4,25.27,90.27,83.53,6.74,1
459,女,pct4,23.14,88.14,83.17,4.97,1
460,女,pct4,25.15,90.15,87.13,3.02,1
461,女,pct4,18.96,83.96,86.73,0.0,0
462,女,pct4,15.74,80.74,104.78,0.0,0
463,女,pct4,13.98,78.98,87.69,0.0,0
464,女,pct4,17.68,82.68,92.79,0.0,0
465,女,pct4,20.8,85.8,91.86,0.0,0
466,女,pct4,21.66,86.66,97.12,0.0,0
467,女,pct4,37.51,102.51,145.0,0.0,0
468,女,pct4,30.57,95.57,145.0,0.0,0
469,女,pct4,18.37,83.37,112.88,0.0,0
470,女,pct4,25.36,90.36,96.72,0.0,0
471,女,pct4,21.06,86.06,97.27,0.0,0
472,女,pct4,21.71,86.71,145.0,0.0,0
473,女,pct4,24.37,89.37,145.0,0.0,0
474,女,pct4,27.12,92.12,90.32,1.8,1
475,女,pct4,21.42,86.42,114.22,0.0,0
476,女,pct4,30.26,95.26,82.64,12.62,1
477,女,pct4,17.58,82.58,134.72,0.0,0
478,女,pct4,23.32,88.32,145.0,0.0,0
479,女,pct4,44.14,109.14,100.85,8.29,1
480,女,pct4,24.6,89.6,145.0,0.0,0
481,女,pct4,33.14,98.14,90.6,7.53,1
482,女,pct4,23.81,88.81,135.99,0.0,0
483,女,pct4,26.86,91.86,109.92,0.0,0
484,女,pct4,22.96,87.96,106.91,0.0,0
485,女,pct4,22.33,87.33,106.33,0.0,0
486,女,pct4,19.22,84.22,119.93,0.0,0
487,女,pct4,25.89,90.89,145.0,0.0,0
488,女,pct4,18.88,83.88,145.0,0.0,0
489,女,pct4,27.43,92.43,111.77,0.0,0
490,女,pct4,30.42,95.42,145.0,0.0,0
491,女,pct4,25.48,90.48,92.81,0.0,0
492,女,pct4,21.7,86.7,145.0,0.0,0
493,女,pct4,26.04,91.04,92.01,0.0,0
494,女,pct4,21.58,86.58,145.0,0.0,0
495,女,pct4,29.31,94.31,145.0,0.0,0
496,女,pct4,14.83,79.83,106.02,0.0,0
497,女,pct4,21.44,86.44,81.96,4.48,1
498,女,pct4,14.26,79.26,95.14,0.0,0
499,女,pct4,16.11,81.11,145.0,0.0,0
500,女,pct4,32.58,97.58,145.0,0.0,0
501,女,pct4,29.02,94.02,144.93,0.0,0
502,女,pct4,19.5,84.5,145.0,0.0,0
503,女,pct4,16.08,81.08,145.0,0.0,0
504,女,pct4,11.22,76.22,145.0,0.0,0
505,女,pct4,20.37,85.37,145.0,0.0,0
506,女,pct4,42.25,107.25,145.0,0.0,0
507,女,pct4,25.91,90.91,145.0,0.0,0
508,女,pct4,20.29,85.29,145.0,0.0,0
509,女,pct4,26.11,91.11,100.14,0.0,0
510,女,pct4,15.85,80.85,94.28,0.0,0
511,女,pct4,21.64,86.64,145.0,0.0,0
512,女,pct4,23.86,88.86,135.71,0.0,0
513,女,pct4,22.8,87.8,145.0,0.0,0
514,女,pct4,28.29,93.29,121.61,0.0,0
515,女,pct4,25.35,90.35,94.51,0.0,0
516,女,pct4,27.45,92.45,112.56,0.0,0
517,女,pct4,19.65,84.65,145.0,0.0,0
518,女,pct4,29.04,94.04,145.0,0.0,0
519,女,pct4,34.77,99.77,84.21,15.56,1
520,女,pct4,18.34,83.34,102.74,0.0,0
521,女,pct4,18.71,83.71,145.0,0.0,0
522,女,pct4,32.35,97.35,102.79,0.0,0
523,女,pct4,22.21,87.21,83.74,3.47,1
524,女,pct4,32.9,97.9,145.0,0.0,0
525,女,pct4,20.88,85.88,145.0,0.0,0
526,女,pct4,33.31,98.31,108.25,0.0,0
527,女,pct4,24.05,89.05,98.59,0.0,0
528,女,pct4,24.81,89.81,145.0,0.0,0
529,女,pct4,34.23,99.23,95.25,3.98,1
530,女,pct4,21.3,86.3,145.0,0.0,0
531,女,pct4,18.47,83.47,145.0,0.0,0
532,女,pct4,20.85,85.85,143.48,0.0,0
533,女,pct4,26.03,91.03,124.09,0.0,0
534,女,pct4,15.83,80.83,104.06,0.0,0
535,女,pct4,27.24,92.24,145.0,0.0,0
536,女,pct4,20.39,85.39,90.78,0.0,0
537,女,pct4,30.89,95.89,84.72,11.17,1
538,女,pct4,12.91,77.91,145.0,0.0,0
539,女,pct4,19.18,84.18,145.0,0.0,0
540,女,pct4,15.37,80.37,145.0,0.0,0
541,女,pct4,19.0,84.0,145.0,0.0,0
542,女,pct4,24.75,89.75,99.8,0.0,0
543,女,pct4,22.28,87.28,145.0,0.0,0
544,女,pct4,21.88,86.88,109.43,0.0,0
545,女,pct4,22.39,87.39,96.22,0.0,0
546,女,pct4,24.48,89.48,100.02,0.0,0
547,女,pct4,18.16,83.16,145.0,0.0,0
548,女,pct4,27.71,92.71,84.09,8.62,1
549,女,pct4,27.41,92.41,145.0,0.0,0
550,女,pct4,25.6,90.6,84.39,6.21,1
551,女,pct4,26.7,91.7,106.58,0.0,0
552,女,pct4,25.05,90.05,97.26,0.0,0
553,女,pct4,38.43,103.43,82.4,21.03,1
554,女,pct4,22.79,87.79,145.0,0.0,0
555,女,pct4,21.59,86.59,98.4,0.0,0
556,女,pct4,19.34,84.34,82.34,2.0,1
557,女,pct4,18.06,83.06,145.0,0.0,0
558,女,pct4,17.14,82.14,145.0,0.0,0
559,女,pct4,18.71,83.71,145.0,0.0,0
560,女,pct4,22.88,87.88,145.0,0.0,0
561,女,pct4,25.28,90.28,114.88,0.0,0
562,女,pct4,23.58,88.58,145.0,0.0,0
563,女,pct4,19.28,84.28,145.0,0.0,0
564,女,pct4,29.06,94.06,145.0,0.0,0
565,女,pct4,27.93,92.93,89.96,2.97,1
566,女,pct4,22.39,87.39,132.61,0.0,0
567,女,pct4,19.83,84.83,145.0,0.0,0
568,女,pct4,26.65,91.65,83.7,7.95,1
569,女,pct4,24.39,89.39,145.0,0.0,0
570,女,pct4,16.3,81.3,145.0,0.0,0
571,女,pct4,22.9,87.9,145.0,0.0,0
572,女,pct4,24.84,89.84,145.0,0.0,0
573,女,pct4,18.66,83.66,129.35,0.0,0
574,女,pct4,24.4,89.4,108.1,0.0,0
575,女,pct4,16.27,81.27,145.0,0.0,0
576,女,pct4,32.35,97.35,91.35,6.0,1
577,女,pct4,31.66,96.66,89.73,6.93,1
578,女,pct4,21.88,86.88,145.0,0.0,0
579,女,pct4,25.46,90.46,145.0,0.0,0
580,女,pct4,12.86,77.86,89.46,0.0,0
581,女,pct4,17.51,82.51,145.0,0.0,0
582,女,pct4,21.66,86.66,107.49,0.0,0
583,女,pct4,17.88,82.88,145.0,0.0,0
584,女,pct4,27.76,92.76,145.0,0.0,0
585,女,pct4,38.07,103.07,145.0,0.0,0
586,女,pct4,17.43,82.43,117.73,0.0,0
587,女,pct4,18.95,83.95,145.0,0.0,0
588,女,pct4,24.67,89.67,145.0,0.0,0
589,女,pct4,34.62,99.62,145.0,0.0,0
590,女,pct4,17.23,82.23,91.15,0.0,0
591,女,pct4,24.76,89.76,145.0,0.0,0
592,女,pct4,36.46,101.46,145.0,0.0,0
593,女,pct4,15.5,80.5,145.0,0.0,0
594,女,pct4,16.98,81.98,84.8,0.0,0
595,女,pct4,20.98,85.98,91.27,0.0,0
596,女,pct4,20.48,85.48,145.0,0.0,0
597,女,pct4,28.44,93.44,145.0,0.0,0
598,女,pct4,24.71,89.71,83.18,6.53,1
599,女,pct4,15.04,80.04,145.0,0.0,0
600,女,pct4,26.43,91.43,95.22,0.0,0
601,女,pct4,20.2,85.2,145.0,0.0,0
602,女,pct4,31.87,96.87,107.45,0.0,0
603,女,pct4,19.95,84.95,133.27,0.0,0
604,女,pct4,19.91,84.91,145.0,0.0,0
605,女,pct4,26.6,91.6,90.43,1.18,1
606,女,pct4,28.09,93.09,89.44,3.65,1
607,女,pct4,26.0,91.0,103.34,0.0,0
608,女,pct4,15.37,80.37,145.0,0.0,0
609,女,pct4,26.58,91.58,86.6,4.98,1
610,女,pct4,18.05,83.05,84.45,0.0,0
611,女,pct4,24.67,89.67,145.0,0.0,0
612,女,pct4,16.4,81.4,94.25,0.0,0
613,女,pct4,25.99,90.99,98.13,0.0,0
614,女,pct4,19.09,84.09,83.46,0.63,1
615,女,pct4,16.98,81.98,93.12,0.0,0
616,女,pct4,27.76,92.76,111.46,0.0,0
617,女,pct4,24.71,89.71,145.0,0.0,0
618,女,pct4,20.02,85.02,91.9,0.0,0
619,女,pct4,33.28,98.28,145.0,0.0,0
620,女,pct4,20.89,85.89,93.05,0.0,0
621,女,pct4,23.47,88.47,93.07,0.0,0
622,女,pct4,24.88,89.88,145.0,0.0,0
623,女,pct4,19.99,84.99,134.67,0.0,0
624,女,pct4,26.15,91.15,95.08,0.0,0
625,女,pct4,20.42,85.42,104.76,0.0,0
626,女,pct4,21.04,86.04,145.0,0.0,0
627,女,pct4,32.57,97.57,145.0,0.0,0
628,女,pct4,18.02,83.02,91.34,0.0,0
629,女,pct4,12.85,77.85,109.59,0.0,0
630,女,pct4,34.62,99.62,118.37,0.0,0
631,女,pct4,43.62,108.62,89.51,19.11,1
632,女,pct4,21.07,86.07,108.93,0.0,0
633,女,pct4,14.45,79.45,112.22,0.0,0
634,女,pct4,21.57,86.57,145.0,0.0,0
635,女,pct4,21.7,86.7,145.0,0.0,0
636,女,pct4,22.22,87.22,99.59,0.0,0
637,女,pct4,17.7,82.7,102.78,0.0,0
638,女,pct4,26.85,91.85,145.0,0.0,0
639,女,pct4,26.49,91.49,94.53,0.0,0
640,女,pct4,16.12,81.12,145.0,0.0,0
641,女,pct4,27.66,92.66,107.44,0.0,0
642,女,pct4,38.6,103.6,89.67,13.92,1
643,女,pct4,24.29,89.29,89.8,0.0,0
644,女,pct4,21.43,86.43,145.0,0.0,0
645,女,pct4,22.48,87.48,104.72,0.0,0
646,女,pct4,27.09,92.09,145.0,0.0,0
647,女,pct4,15.2,80.2,95.74,0.0,0
648,女,pct4,24.25,89.25,145.0,0.0,0
649,女,pct4,21.15,86.15,145.0,0.0,0
650,女,pct4,36.7,101.7,88.83,12.87,1
651,女,pct4,22.31,87.31,83.26,4.05,1
652,女,pct4,35.11,100.11,145.0,0.0,0
653,女,pct4,17.74,82.74,91.22,0.0,0
654,女,pct4,26.91,91.91,110.73,0.0,0
655,女,pct4,25.19,90.19,94.52,0.0,0
656,女,pct4,18.8,83.8,145.0,0.0,0
657,女,pct4,24.32,89.32,89.87,0.0,0
658,女,pct4,31.38,96.38,103.89,0.0,0
659,女,pct4,21.5,86.5,145.0,0.0,0
660,女,pct4,15.35,80.35,89.29,0.0,0
661,女,pct4,23.18,88.18,92.83,0.0,0
662,女,pct4,18.64,83.64,99.15,0.0,0
663,女,pct4,21.4,86.4,85.92,0.48,0
664,女,pct4,22.82,87.82,97.49,0.0,0
665,女,pct4,15.3,80.3,121.09,0.0,0
666,女,pct4,15.64,80.64,97.97,0.0,0
667,女,pct4,26.22,91.22,101.09,0.0,0
668,女,pct4,20.47,85.47,110.77,0.0,0
669,女,pct4,12.38,77.38,93.46,0.0,0
670,女,pct4,28.25,93.25,145.0,0.0,0
671,女,pct4,24.9,89.9,145.0,0.0,0
672,女,pct4,19.53,84.53,96.65,0.0,0
673,女,pct4,16.84,81.84,145.0,0.0,0
674,女,pct4,28.6,93.6,102.0,0.0,0
675,女,pct4,25.37,90.37,145.0,0.0,0
676,女,pct4,41.86,106.86,145.0,0.0,0
677,女,pct4,25.82,90.82,145.0,0.0,0
678,女,pct4,25.62,90.62,83.88,6.73,1
679,女,pct4,22.35,87.35,145.0,0.0,0
680,女,pct4,28.47,93.47,145.0,0.0,0
681,女,pct4,27.16,92.16,102.54,0.0,0
682,女,pct4,31.69,96.69,145.0,0.0,0
683,女,pct4,20.48,85.48,92.97,0.0,0
684,女,pct4,20.92,85.92,85.55,0.37,0
685,女,pct4,20.69,85.69,123.57,0.0,0
686,女,pct4,28.29,93.29,83.97,9.31,1
687,女,pct4,33.67,98.67,101.99,0.0,0
688,女,pct4,20.8,85.8,145.0,0.0,0
689,女,pct4,20.97,85.97,83.2,2.77,1
690,女,pct4,25.16,90.16,86.98,3.18,1
691,女,pct4,21.92,86.92,89.06,0.0,0
692,女,pct4,29.43,94.43,108.56,0.0,0
693,女,pct4,13.37,78.37,98.72,0.0,0
694,女,pct4,19.0,84.0,145.0,0.0,0
695,女,pct4,19.2,84.2,145.0,0.0,0
696,女,pct4,13.15,78.15,145.0,0.0,0
697,女,pct4,18.37,83.37,124.1,0.0,0
698,女,pct4,18.59,83.59,145.0,0.0,0
699,女,pct4,22.16,87.16,90.82,0.0,0
700,女,pct4,30.62,95.62,145.0,0.0,0
701,女,pct4,21.92,86.92,88.34,0.0,0
702,女,pct4,18.06,83.06,145.0,0.0,0
703,女,pct4,22.96,87.96,145.0,0.0,0
704,女,pct4,30.15,95.15,134.54,0.0,0
705,女,pct4,18.31,83.31,104.02,0.0,0
706,女,pct4,18.61,83.61,145.0,0.0,0
707,女,pct4,26.72,91.72,79.66,12.06,1
708,女,pct4,22.05,87.05,145.0,0.0,0
709,女,pct4,27.31,92.31,106.37,0.0,0
710,女,pct4,23.21,88.21,109.17,0.0,0
711,女,pct4,27.67,92.67,145.0,0.0,0
712,女,pct4,18.05,83.05,108.03,0.0,0
713,女,pct4,23.21,88.21,88.09,0.12,0
714,女,pct4,22.11,87.11,105.27,0.0,0
715,女,pct4,17.26,82.26,116.49,0.0,0
716,女,pct4,15.84,80.84,120.7,0.0,0
717,女,pct4,27.57,92.57,126.21,0.0,0
718,女,pct4,21.36,86.36,145.0,0.0,0
719,女,pct4,18.1,83.1,88.57,0.0,0
720,女,pct4,22.74,87.74,128.21,0.0,0
721,女,pct4,30.74,95.74,145.0,0.0,0
722,女,pct4,13.28,78.28,84.09,0.0,0
723,女,pct4,16.11,81.11,128.82,0.0,0
724,女,pct4,18.55,83.55,94.53,0.0,0
725,女,pct4,33.37,98.37,98.61,0.0,0
726,女,pct4,24.96,89.96,90.35,0.0,0
727,女,pct4,28.13,93.13,104.25,0.0,0
728,女,pct4,17.58,82.58,145.0,0.0,0
729,女,pct4,17.67,82.67,87.09,0.0,0
730,女,pct4,26.0,91.0,87.85,3.15,1
731,女,pct4,23.62,88.62,86.81,1.81,1
732,女,pct4,26.65,91.65,145.0,0.0,0
733,女,pct4,22.23,87.23,96.69,0.0,0
734,女,pct4,24.93,89.93,110.46,0.0,0
735,女,pct4,24.21,89.21,97.9,0.0,0
736,女,pct4,28.2,93.2,89.93,3.27,1
737,女,pct4,28.4,93.4,102.13,0.0,0
738,女,pct4,15.63,80.63,145.0,0.0,0
739,女,pct4,13.39,78.39,145.0,0.0,0
740,女,pct4,29.8,94.8,90.92,3.88,1
741,女,pct4,31.19,96.19,145.0,0.0,0
742,女,pct4,18.11,83.11,91.17,0.0,0
743,女,pct4,14.73,79.73,83.87,0.0,0
744,女,pct4,23.86,88.86,145.0,0.0,0
745,女,pct4,29.28,94.28,145.0,0.0,0
746,女,pct4,36.25,101.25,145.0,0.0,0
747,女,pct4,26.44,91.44,96.55,0.0,0
748,女,pct4,21.25,86.25,104.35,0.0,0
749,女,pct4,18.69,83.69,145.0,0.0,0
750,女,pct4,23.35,88.35,145.0,0.0,0
751,女,pct4,21.63,86.63,98.1,0.0,0
752,女,pct4,18.13,83.13,84.73,0.0,0
753,女,pct4,38.56,103.56,120.59,0.0,0
754,女,pct4,36.14,101.14,145.0,0.0,0
755,女,pct4,30.8,95.8,87.62,8.18,1
756,女,pct4,18.56,83.56,145.0,0.0,0
757,女,pct4,28.74,93.74,145.0,0.0,0
758,女,pct4,27.25,92.25,145.0,0.0,0
759,女,pct4,25.96,90.96,145.0,0.0,0
760,女,pct4,31.67,96.67,92.91,3.76,1
761,女,pct4,27.23,92.23,84.75,7.48,1
762,女,pct4,27.94,92.94,95.39,0.0,0
763,女,pct4,27.24,92.24,145.0,0.0,0
764,女,pct4,25.32,90.32,95.25,0.0,0
765,女,pct4,15.01,80.01,92.91,0.0,0
766,女,pct4,23.77,88.77,83.64,5.13,1
767,女,pct4,20.3,85.3,145.0,0.0,0
768,女,pct4,16.99,81.99,145.0,0.0,0
769,女,pct4,35.23,100.23,145.0,0.0,0
770,女,pct4,35.64,100.64,145.0,0.0,0
771,女,pct4,32.54,97.54,145.0,0.0,0
772,女,pct4,24.79,89.79,101.86,0.0,0
773,女,pct4,32.47,97.47,104.46,0.0,0
774,女,pct4,23.35,88.35,97.39,0.0,0
775,女,pct4,24.48,89.48,145.0,0.0,0
776,女,pct4,17.79,82.79,145.0,0.0,0
777,女,pct4,25.67,90.67,96.66,0.0,0
778,女,pct4,23.63,88.63,145.0,0.0,0
779,女,pct4,16.89,81.89,89.27,0.0,0
780,女,pct4,22.99,87.99,145.0,0.0,0
781,女,pct4,22.83,87.83,93.38,0.0,0
782,女,pct4,36.25,101.25,145.0,0.0,0
783,女,pct4,29.02,94.02,145.0,0.0,0
784,女,pct4,23.35,88.35,145.0,0.0,0
785,女,pct4,24.75,89.75,118.75,0.0,0
786,女,pct4,23.54,88.54,112.55,0.0,0
787,女,pct4,22.15,87.15,108.89,0.0,0
788,女,pct4,17.84,82.84,94.67,0.0,0
789,女,pct4,22.43,87.43,96.94,0.0,0
790,女,pct4,19.38,84.38,145.0,0.0,0
791,女,pct4,17.11,82.11,106.57,0.0,0
792,女,pct4,26.41,91.41,91.72,0.0,0
793,女,pct4,25.64,90.64,95.69,0.0,0
794,女,pct4,15.0,80.0,145.0,0.0,0
795,女,pct4,22.59,87.59,145.0,0.0,0
796,女,pct4,29.75,94.75,145.0,0.0,0
797,女,pct4,30.22,95.22,101.48,0.0,0
798,女,pct4,29.97,94.97,145.0,0.0,0
799,女,pct4,23.51,88.51,93.64,0.0,0
800,女,pct4,18.91,83.91,101.42,0.0,0
801,女,pct4,17.83,82.83,145.0,0.0,0
802,女,pct4,25.35,90.35,145.0,0.0,0
803,女,pct4,25.56,90.56,89.55,1.01,1
804,女,pct4,31.97,96.97,90.89,6.08,1
805,女,pct4,30.53,95.53,120.08,0.0,0
806,女,pct4,22.54,87.54,145.0,0.0,0
807,女,pct4,17.14,82.14,83.17,0.0,0
808,女,pct4,21.52,86.52,145.0,0.0,0
809,女,pct4,24.56,89.56,86.28,3.29,1
810,女,pct4,22.15,87.15,93.77,0.0,0
811,女,pct4,20.2,85.2,98.75,0.0,0
812,女,pct4,24.78,89.78,97.53,0.0,0
813,女,pct4,20.57,85.57,95.39,0.0,0
814,女,pct4,19.95,84.95,112.33,0.0,0
815,女,pct4,25.14,90.14,95.36,0.0,0
816,女,pct4,21.09,86.09,85.7,0.39,0
817,女,pct4,24.73,89.73,145.0,0.0,0
818,女,pct4,24.9,89.9,145.0,0.0,0
819,女,pct4,17.59,82.59,145.0,0.0,0
820,女,pct4,20.68,85.68,85.2,0.48,0
821,女,pct4,33.17,98.17,145.0,0.0,0
822,女,pct4,17.49,82.49,145.0,0.0,0
823,女,pct4,13.83,78.83,89.07,0.0,0
824,女,pct4,14.72,79.72,112.45,0.0,0
825,女,pct4,23.45,88.45,106.25,0.0,0
826,女,pct4,23.46,88.46,145.0,0.0,0
827,女,pct4,22.62,87.62,145.0,0.0,0
828,女,pct4,31.4,96.4,84.47,11.92,1
829,女,pct4,12.06,77.06,145.0,0.0,0
830,女,pct4,25.67,90.67,90.23,0.43,0
831,女,pct4,34.2,99.2,145.0,0.0,0
832,女,pct4,17.64,82.64,145.0,0.0,0
833,女,pct4,21.2,86.2,89.41,0.0,0
834,女,pct4,19.34,84.34,145.0,0.0,0
835,女,pct4,18.68,83.68,106.61,0.0,0
836,女,pct4,21.49,86.49,145.0,0.0,0
837,女,pct4,33.09,98.09,139.29,0.0,0
838,女,pct4,36.6,101.6,145.0,0.0,0
839,女,pct4,21.44,86.44,117.12,0.0,0
840,女,pct4,37.22,102.22,104.31,0.0,0
841,女,pct4,23.49,88.49,145.0,0.0,0
842,女,pct4,35.86,100.86,145.0,0.0,0
843,女,pct4,22.75,87.75,145.0,0.0,0
844,女,pct4,24.05,89.05,93.33,0.0,0
845,女,pct4,25.48,90.48,88.94,1.54,1
846,女,pct4,45.0,110.0,94.82,15.18,1
847,女,pct4,28.71,93.71,93.98,0.0,0
848,女,pct4,19.56,84.56,145.0,0.0,0
849,女,pct4,29.56,94.56,145.0,0.0,0
850,女,pct4,21.3,86.3,104.76,0.0,0
851,女,pct4,20.64,85.64,145.0,0.0,0
852,女,pct4,29.12,94.12,145.0,0.0,0
853,女,pct4,23.46,88.46,143.06,0.0,0
854,女,pct4,24.94,89.94,91.28,0.0,0
855,女,pct4,23.36,88.36,145.0,0.0,0
856,女,pct4,25.3,90.3,108.67,0.0,0
857,女,pct4,25.85,90.85,121.87,0.0,0
858,女,pct4,14.45,79.45,99.34,0.0,0
859,女,pct4,27.44,92.44,90.51,1.93,1
860,女,pct4,18.28,83.28,85.65,0.0,0
861,女,pct4,16.32,81.32,145.0,0.0,0
862,女,pct4,22.95,87.95,91.75,0.0,0
863,女,pct4,23.77,88.77,145.0,0.0,0
864,女,pct4,19.63,84.63,88.57,0.0,0
865,女,pct4,28.57,93.57,87.15,6.42,1
866,女,pct4,16.73,81.73,145.0,0.0,0
867,女,pct4,21.06,86.06,145.0,0.0,0
868,女,pct4,20.16,85.16,116.26,0.0,0
869,女,pct4,23.02,88.02,145.0,0.0,0
870,女,pct4,24.94,89.94,83.52,6.41,1
871,女,pct4,18.17,83.17,93.14,0.0,0
872,女,pct4,27.83,92.83,88.68,4.15,1
873,女,pct4,23.65,88.65,83.27,5.38,1
874,女,pct4,14.61,79.61,120.9,0.0,0
875,女,pct4,14.38,79.38,81.75,0.0,0
876,女,pct4,23.21,88.21,86.66,1.55,1
877,女,pct4,22.05,87.05,95.33,0.0,0
878,女,pct4,22.7,87.7,91.17,0.0,0
879,女,pct4,23.12,88.12,145.0,0.0,0
880,女,pct4,24.61,89.61,145.0,0.0,0
881,女,pct4,29.4,94.4,145.0,0.0,0
882,女,pct4,17.71,82.71,145.0,0.0,0
883,女,pct4,17.45,82.45,145.0,0.0,0
884,女,pct4,17.79,82.79,111.79,0.0,0
885,女,pct4,25.0,90.0,145.0,0.0,0
886,女,pct4,31.64,96.64,145.0,0.0,0
887,女,pct4,20.94,85.94,123.62,0.0,0
888,女,pct4,12.58,77.58,98.02,0.0,0
889,女,pct4,15.31,80.31,99.51,0.0,0
890,女,pct4,18.97,83.97,91.33,0.0,0
891,女,pct4,20.3,85.3,145.0,0.0,0
892,女,pct4,21.06,86.06,107.18,0.0,0
893,女,pct4,23.51,88.51,93.35,0.0,0
894,女,pct4,21.56,86.56,93.36,0.0,0
895,女,pct4,30.15,95.15,87.51,7.63,1
896,女,pct4,19.71,84.71,145.0,0.0,0
897,女,pct4,18.83,83.83,117.38,0.0,0
898,女,pct4,26.2,91.2,90.81,0.39,0
899,女,pct4,15.95,80.95,145.0,0.0,0
900,女,pct4,25.63,90.63,94.94,0.0,0
901,女,pct4,23.88,88.88,86.07,2.81,1
902,女,pct4,22.45,87.45,145.0,0.0,0
903,女,pct4,34.43,99.43,95.33,4.1,1
904,女,pct4,19.98,84.98,97.77,0.0,0
905,女,pct4,38.67,103.67,114.54,0.0,0
906,女,pct4,22.03,87.03,145.0,0.0,0
907,女,pct4,17.0,82.0,113.13,0.0,0
908,女,pct4,23.69,88.69,87.6,1.08,1
909,女,pct4,17.86,82.86,145.0,0.0,0
910,女,pct4,19.35,84.35,96.26,0.0,0
911,女,pct4,25.67,90.67,145.0,0.0,0
912,女,pct4,26.7,91.7,111.84,0.0,0
913,女,pct4,19.98,84.98,81.79,3.19,1
914,女,pct4,29.69,94.69,145.0,0.0,0
915,女,pct4,30.96,95.96,145.0,0.0,0
916,女,pct4,33.16,98.16,145.0,0.0,0
917,女,pct4,26.53,91.53,145.0,0.0,0
918,女,pct4,32.57,97.57,89.18,8.39,1
919,女,pct4,14.65,79.65,145.0,0.0,0
920,女,pct4,21.53,86.53,92.54,0.0,0
921,女,pct4,18.81,83.81,137.63,0.0,0
922,女,pct4,23.98,88.98,87.03,1.95,1
923,女,pct4,20.23,85.23,93.62,0.0,0
924,女,pct4,22.35,87.35,93.16,0.0,0
925,女,pct4,37.01,102.01,145.0,0.0,0
926,女,pct4,22.33,87.33,145.0,0.0,0
927,女,pct4,25.78,90.78,145.0,0.0,0
928,女,pct4,21.99,86.99,86.46,0.53,1
929,女,pct4,23.72,88.72,100.02,0.0,0
930,女,pct4,23.32,88.32,92.22,0.0,0
931,女,pct4,26.0,91.0,145.0,0.0,0
932,女,pct4,31.02,96.02,145.0,0.0,0
933,女,pct4,34.93,99.93,145.0,0.0,0
934,女,pct4,25.13,90.13,92.1,0.0,0
935,女,pct4,26.92,91.92,80.03,11.89,1
936,女,pct4,17.54,82.54,83.92,0.0,0
937,女,pct4,22.79,87.79,145.0,0.0,0
938,女,pct4,29.35,94.35,97.94,0.0,0
939,女,pct4,28.82,93.82,92.16,1.66,1
940,女,pct4,24.53,89.53,145.0,0.0,0
941,女,pct4,28.96,93.96,145.0,0.0,0
942,女,pct4,26.27,91.27,113.42,0.0,0
943,女,pct4,31.29,96.29,100.5,0.0,0
944,女,pct4,25.0,90.0,105.63,0.0,0
945,女,pct4,21.33,86.33,138.36,0.0,0
946,女,pct4,25.29,90.29,145.0,0.0,0
947,女,pct4,11.32,76.32,145.0,0.0,0
948,女,pct4,25.59,90.59,145.0,0.0,0
949,女,pct4,9.48,74.48,145.0,0.0,0
950,女,pct4,15.23,80.23,87.85,0.0,0
951,女,pct4,26.02,91.02,145.0,0.0,0
952,女,pct4,26.19,91.19,100.47,0.0,0
953,女,pct4,17.49,82.49,80.75,1.74,1
954,女,pct4,19.54,84.54,82.22,2.32,1
955,女,pct4,32.63,97.63,89.2,8.43,1
956,女,pct4,20.67,85.67,145.0,0.0,0
957,女,pct4,40.45,105.45,120.59,0.0,0
958,女,pct4,23.27,88.27,129.59,0.0,0
959,女,pct4,25.74,90.74,145.0,0.0,0
960,女,pct4,34.67,99.67,87.06,12.61,1
961,女,pct4,24.05,89.05,110.36,0.0,0
962,女,pct4,18.19,83.19,145.0,0.0,0
963,女,pct4,22.66,87.66,92.35,0.0,0
964,女,pct4,23.08,88.08,113.67,0.0,0
965,女,pct4,16.64,81.64,84.85,0.0,0
966,女,pct4,21.86,86.86,145.0,0.0,0
967,女,pct4,19.39,84.39,93.09,0.0,0
968,女,pct4,29.23,94.23,145.0,0.0,0
969,女,pct4,23.48,88.48,110.1,0.0,0
970,女,pct4,21.72,86.72,145.0,0.0,0
971,女,pct4,22.68,87.68,109.04,0.0,0
972,女,pct4,24.6,89.6,110.19,0.0,0
973,女,pct4,27.1,92.1,94.55,0.0,0
974,女,pct4,18.2,83.2,121.13,0.0,0
975,女,pct4,18.02,83.02,145.0,0.0,0
976,女,pct4,30.56,95.56,91.74,3.83,1
977,女,pct4,21.04,86.04,105.9,0.0,0
978,女,pct4,16.43,81.43,94.14,0.0,0
979,女,pct4,25.97,90.97,145.0,0.0,0
980,女,pct4,26.1,91.1,107.36,0.0,0
981,女,pct4,15.97,80.97,145.0,0.0,0
982,女,pct4,24.64,89.64,103.37,0.0,0
983,女,pct4,27.91,92.91,145.0,0.0,0
984,女,pct4,25.53,90.53,86.67,3.87,1
985,女,pct4,27.2,92.2,96.99,0.0,0
986,女,pct4,16.48,81.48,134.47,0.0,0
987,女,pct4,25.26,90.26,145.0,0.0,0
988,女,pct4,21.61,86.61,137.06,0.0,0
989,女,pct4,20.67,85.67,145.0,0.0,0
990,女,pct4,28.85,93.85,145.0,0.0,0
991,女,pct4,33.51,98.51,145.0,0.0,0
992,女,pct4,36.22,101.22,108.77,0.0,0
993,女,pct4,32.18,97.18,145.0,0.0,0
994,女,pct4,22.66,87.66,96.26,0.0,0
995,女,pct4,25.4,90.4,91.96,0.0,0
996,女,pct4,28.12,93.12,87.52,5.61,1
997,女,pct4,23.99,88.99,145.0,0.0,0
998,女,pct4,24.05,89.05,145.0,0.0,0
999,女,pct4,28.52,93.52,99.47,0.0,0
1000,女,pct4,22.95,87.95,145.0,0.0,0
1001,女,pct4,19.46,84.46,145.0,0.0,0
1002,女,pct4,21.02,86.02,145.0,0.0,0
1003,女,pct4,27.22,92.22,85.16,7.06,1
1004,女,pct4,23.3,88.3,101.26,0.0,0
1005,女,pct4,25.32,90.32,96.69,0.0,0
1006,女,pct4,27.46,92.46,82.9,9.56,1
1007,女,pct4,21.23,86.23,145.0,0.0,0
1008,女,pct4,28.05,93.05,101.12,0.0,0
1009,女,pct4,25.56,90.56,145.0,0.0,0
1010,女,pct4,17.18,82.18,145.0,0.0,0
1011,女,pct4,33.21,98.21,99.01,0.0,0
1012,女,pct4,20.58,85.58,97.52,0.0,0
1013,女,pct4,15.49,80.49,121.08,0.0,0
1014,女,pct4,18.0,83.0,145.0,0.0,0
1015,女,pct4,18.11,83.11,94.83,0.0,0
1016,女,pct4,23.58,88.58,93.82,0.0,0
1017,女,pct4,21.77,86.77,145.0,0.0,0
1018,女,pct4,21.43,86.43,145.0,0.0,0
1019,女,pct4,27.12,92.12,82.58,9.54,1
1020,女,pct4,25.32,90.32,87.39,2.92,1
1021,女,pct4,25.17,90.17,145.0,0.0,0
1022,女,pct4,25.76,90.76,145.0,0.0,0
1023,女,pct4,27.1,92.1,92.01,0.09,0
1024,女,pct4,13.86,78.86,104.22,0.0,0
1025,女,pct4,21.29,86.29,112.7,0.0,0
1026,女,pct4,13.61,78.61,145.0,0.0,0
1027,女,pct4,23.49,88.49,86.4,2.09,1
1028,女,pct4,23.26,88.26,91.06,0.0,0
1029,女,pct4,30.12,95.12,145.0,0.0,0
1030,女,pct4,31.19,96.19,106.93,0.0,0
1031,女,pct4,24.48,89.48,145.0,0.0,0
1032,女,pct4,20.58,85.58,87.36,0.0,0
1033,女,pct4,26.24,91.24,145.0,0.0,0
1034,女,pct4,20.45,85.45,145.0,0.0,0
1035,女,pct4,23.28,88.28,145.0,0.0,0
1036,女,pct4,29.68,94.68,123.32,0.0,0
1037,女,pct4,20.3,85.3,107.1,0.0,0
1038,女,pct4,28.39,93.39,91.13,2.26,1
1039,女,pct4,27.51,92.51,108.16,0.0,0
1040,女,pct4,18.41,83.41,145.0,0.0,0
1041,女,pct4,29.59,94.59,106.14,0.0,0
1042,女,pct4,27.65,92.65,90.51,2.14,1
1043,女,pct4,23.88,88.88,96.13,0.0,0
1044,女,pct4,19.3,84.3,132.52,0.0,0
1045,女,pct4,18.84,83.84,98.55,0.0,0
1046,女,pct4,20.4,85.4,145.0,0.0,0
1047,女,pct4,26.61,91.61,145.0,0.0,0
1048,女,pct4,18.4,83.4,145.0,0.0,0
1049,女,pct4,25.93,90.93,145.0,0.0,0
1050,女,pct4,17.15,82.15,145.0,0.0,0
1051,女,pct4,22.14,87.14,90.03,0.0,0
1052,女,pct4,23.92,88.92,90.36,0.0,0
1053,女,pct4,42.51,107.51,107.98,0.0,0
1054,女,pct4,16.59,81.59,96.91,0.0,0
1055,女,pct4,33.45,98.45,88.11,10.35,1
1056,女,pct4,24.16,89.16,97.1,0.0,0
1057,女,pct4,25.76,90.76,96.46,0.0,0
1058,女,pct4,23.97,88.97,93.23,0.0,0
1059,女,pct4,25.98,90.98,99.92,0.0,0
1060,女,pct4,22.42,87.42,145.0,0.0,0
1061,女,pct4,33.31,98.31,132.21,0.0,0
1062,女,pct4,20.81,85.81,145.0,0.0,0
1063,女,pct4,30.77,95.77,127.43,0.0,0
1064,女,pct4,19.87,84.87,100.59,0.0,0
1065,女,pct4,22.94,87.94,112.15,0.0,0
1066,女,pct4,17.88,82.88,145.0,0.0,0
1067,女,pct4,26.04,91.04,145.0,0.0,0
1068,女,pct4,33.23,98.23,145.0,0.0,0
1069,女,pct4,22.84,87.84,91.01,0.0,0
1070,女,pct4,22.18,87.18,145.0,0.0,0
1071,女,pct4,17.7,82.7,133.89,0.0,0
1072,女,pct4,22.01,87.01,85.02,1.99,1
1073,女,pct4,15.73,80.73,145.0,0.0,0
1074,女,pct4,18.6,83.6,145.0,0.0,0
1075,女,pct4,24.62,89.62,90.87,0.0,0
1076,女,pct4,32.22,97.22,111.38,0.0,0
1077,女,pct4,45.0,110.0,84.14,25.86,1
1078,女,pct4,20.15,85.15,87.13,0.0,0
1079,女,pct4,33.15,98.15,145.0,0.0,0
1080,女,pct4,24.72,89.72,96.61,0.0,0
1081,女,pct4,22.43,87.43,88.36,0.0,0
1082,女,pct4,25.9,90.9,138.96,0.0,0
1083,女,pct4,23.64,88.64,95.59,0.0,0
1084,女,pct4,23.92,88.92,96.53,0.0,0
1085,女,pct4,21.06,86.06,145.0,0.0,0
1086,女,pct4,16.5,81.5,87.91,0.0,0
1087,女,pct4,15.92,80.92,90.34,0.0,0
1088,女,pct4,27.35,92.35,125.17,0.0,0
1089,女,pct4,21.75,86.75,145.0,0.0,0
1090,女,pct4,20.11,85.11,145.0,0.0,0
1091,女,pct4,23.33,88.33,93.32,0.0,0
1092,女,pct4,28.32,93.32,145.0,0.0,0
1093,女,pct4,24.34,89.34,91.74,0.0,0
1094,女,pct4,19.81,84.81,145.0,0.0,0
1095,女,pct4,31.49,96.49,88.15,8.34,1
1096,女,pct4,34.35,99.35,145.0,0.0,0
1097,女,pct4,26.3,91.3,93.45,0.0,0
1098,女,pct4,29.59,94.59,145.0,0.0,0
1099,女,pct4,31.61,96.61,145.0,0.0,0
1100,女,pct4,30.75,95.75,89.22,6.54,1
1101,女,pct4,27.08,92.08,95.59,0.0,0
1102,女,pct4,26.98,91.98,145.0,0.0,0
1103,女,pct4,26.46,91.46,145.0,0.0,0
1104,女,pct4,17.77,82.77,108.22,0.0,0
1105,女,pct4,27.67,92.67,114.78,0.0,0
1106,女,pct4,16.68,81.68,145.0,0.0,0
1107,女,pct4,19.15,84.15,122.49,0.0,0
1108,女,pct4,32.1,97.1,86.87,10.22,1
1109,女,pct4,28.63,93.63,91.39,2.25,1
1110,女,pct4,33.58,98.58,140.53,0.0,0
1111,女,pct4,21.78,86.78,145.0,0.0,0
1112,女,pct4,17.53,82.53,145.0,0.0,0
1113,女,pct4,21.95,86.95,145.0,0.0,0
1114,女,pct4,23.88,88.88,145.0,0.0,0
1115,女,pct4,23.74,88.74,145.0,0.0,0
1116,女,pct4,30.78,95.78,93.3,2.48,1
1117,女,pct4,21.3,86.3,104.83,0.0,0
1118,女,pct4,25.39,90.39,91.26,0.0,0
1119,女,pct4,18.25,83.25,87.21,0.0,0
1120,女,pct4,26.01,91.01,145.0,0.0,0
1121,女,pct4,23.3,88.3,129.77,0.0,0
1122,女,pct4,19.36,84.36,145.0,0.0,0
1123,女,pct4,21.97,86.97,145.0,0.0,0
1124,女,pct4,22.25,87.25,142.82,0.0,0
1125,女,pct4,21.79,86.79,145.0,0.0,0
1126,女,pct4,36.01,101.01,109.57,0.0,0
1127,女,pct4,22.73,87.73,145.0,0.0,0
1128,女,pct4,21.93,86.93,92.48,0.0,0
1129,女,pct4,13.89,78.89,145.0,0.0,0
1130,女,pct4,18.68,83.68,145.0,0.0,0
1131,女,pct4,21.82,86.82,93.26,0.0,0
1132,女,pct4,19.67,84.67,115.3,0.0,0
1133,女,pct4,32.72,97.72,93.93,3.79,1
1134,女,pct4,22.36,87.36,95.51,0.0,0
1135,女,pct4,31.98,96.98,88.22,8.75,1
1136,女,pct4,23.64,88.64,145.0,0.0,0
1137,女,pct4,23.5,88.5,145.0,0.0,0
1138,女,pct4,22.78,87.78,145.0,0.0,0
1139,女,pct4,23.31,88.31,145.0,0.0,0
1140,女,pct4,35.55,100.55,103.58,0.0,0
1141,女,pct4,13.15,78.15,145.0,0.0,0
1142,女,pct4,14.22,79.22,102.36,0.0,0
1143,女,pct4,20.37,85.37,145.0,0.0,0
1144,女,pct4,23.37,88.37,98.01,0.0,0
1145,女,pct4,27.6,92.6,145.0,0.0,0
1146,女,pct4,26.16,91.16,145.0,0.0,0
1147,女,pct4,21.18,86.18,106.35,0.0,0
1148,女,pct4,29.92,94.92,145.0,0.0,0
1149,女,pct4,30.01,95.01,141.72,0.0,0
1150,女,pct4,24.36,89.36,145.0,0.0,0
1151,女,pct4,29.51,94.51,90.3,4.21,1
1152,女,pct4,24.9,89.9,145.0,0.0,0
1153,女,pct4,20.28,85.28,105.55,0.0,0
1154,女,pct4,27.65,92.65,94.17,0.0,0
1155,女,pct4,23.93,88.93,91.83,0.0,0
1156,女,pct4,23.29,88.29,145.0,0.0,0
1157,女,pct4,33.46,98.46,101.31,0.0,0
1158,女,pct4,12.73,77.73,85.73,0.0,0
1159,女,pct4,16.42,81.42,92.86,0.0,0
1160,女,pct4,17.38,82.38,109.13,0.0,0
1161,女,pct4,21.29,86.29,145.0,0.0,0
1162,女,pct4,21.87,86.87,145.0,0.0,0
1163,女,pct4,16.06,81.06,145.0,0.0,0
1164,女,pct4,18.27,83.27,93.62,0.0,0
1165,女,pct4,18.84,83.84,145.0,0.0,0
1166,女,pct4,42.64,107.64,90.66,16.98,1
1167,女,pct4,36.28,101.28,93.99,7.29,1
1168,女,pct4,21.04,86.04,90.21,0.0,0
1169,女,pct4,21.29,86.29,87.69,0.0,0
1170,女,pct4,17.55,82.55,145.0,0.0,0
1171,女,pct4,14.55,79.55,145.0,0.0,0
1172,女,pct4,22.62,87.62,145.0,0.0,0
1173,女,pct4,18.21,83.21,114.41,0.0,0
1174,女,pct4,22.8,87.8,145.0,0.0,0
1175,女,pct4,15.7,80.7,83.95,0.0,0
1176,女,pct4,19.3,84.3,145.0,0.0,0
1177,女,pct4,24.15,89.15,128.43,0.0,0
1178,女,pct4,25.48,90.48,145.0,0.0,0
1179,女,pct4,25.8,90.8,145.0,0.0,0
1180,女,pct4,16.82,81.82,89.5,0.0,0
1181,女,pct4,28.74,93.74,85.47,8.27,1
1182,女,pct4,19.12,84.12,92.67,0.0,0
1183,女,pct4,27.21,92.21,145.0,0.0,0
1184,女,pct4,23.22,88.22,145.0,0.0,0
1185,女,pct4,16.59,81.59,86.33,0.0,0
1186,女,pct4,21.54,86.54,89.56,0.0,0
1187,女,pct4,25.48,90.48,92.52,0.0,0
1188,女,pct4,27.08,92.08,98.92,0.0,0
1189,女,pct4,22.49,87.49,86.37,1.11,1
1190,女,pct4,33.95,98.95,85.96,12.99,1
1191,女,pct4,29.84,94.84,91.28,3.56,1
1192,女,pct4,21.86,86.86,118.03,0.0,0
1193,女,pct4,28.01,93.01,87.75,5.25,1
1194,女,pct4,37.48,102.48,106.27,0.0,0
1195,女,pct4,37.73,102.73,145.0,0.0,0
1196,女,pct4,17.21,82.21,86.81,0.0,0
1197,女,pct4,18.53,83.53,103.02,0.0,0
1198,女,pct4,33.56,98.56,145.0,0.0,0
1199,女,pct4,17.94,82.94,97.58,0.0,0
1200,女,pct4,16.81,81.81,94.72,0.0,0
1201,女,pct4,20.66,85.66,145.0,0.0,0
1202,女,pct4,25.82,90.82,100.16,0.0,0
1203,女,pct4,22.7,87.7,145.0,0.0,0
1204,女,pct4,19.84,84.84,145.0,0.0,0
1205,女,pct4,19.72,84.72,99.26,0.0,0
1206,女,pct4,19.54,84.54,145.0,0.0,0
1207,女,pct4,18.75,83.75,145.0,0.0,0
1208,女,pct4,40.83,105.83,145.0,0.0,0
1209,女,pct4,25.05,90.05,95.14,0.0,0
1210,女,pct4,28.96,93.96,114.54,0.0,0
1211,女,pct4,20.64,85.64,108.65,0.0,0
1212,女,pct4,22.24,87.24,145.0,0.0,0
1213,女,pct4,19.53,84.53,89.13,0.0,0
1214,女,pct4,12.12,77.12,145.0,0.0,0
1215,女,pct4,16.58,81.58,145.0,0.0,0
1216,女,pct4,14.91,79.91,86.7,0.0,0
1217,女,pct4,13.38,78.38,145.0,0.0,0
1218,女,pct4,17.35,82.35,145.0,0.0,0
1219,女,pct4,32.26,97.26,145.0,0.0,0
1220,女,pct4,23.03,88.03,145.0,0.0,0
1221,女,pct4,31.99,96.99,117.95,0.0,0
1222,女,pct4,25.76,90.76,84.49,6.27,1
1223,女,pct4,28.23,93.23,83.52,9.71,1
1224,女,pct4,18.65,83.65,145.0,0.0,0
1225,女,pct4,26.49,91.49,94.42,0.0,0
1226,女,pct4,27.86,92.86,90.24,2.62,1
1227,女,pct4,20.2,85.2,108.59,0.0,0
1228,女,pct4,26.72,91.72,145.0,0.0,0
1229,女,pct4,26.77,91.77,85.76,6.01,1
1230,女,pct4,20.34,85.34,96.95,0.0,0
1231,女,pct4,17.66,82.66,145.0,0.0,0
1232,女,pct4,17.4,82.4,88.66,0.0,0
1233,女,pct4,23.78,88.78,145.0,0.0,0
1234,女,pct4,25.24,90.24,96.27,0.0,0
1235,女,pct4,19.16,84.16,145.0,0.0,0
1236,女,pct4,23.44,88.44,145.0,0.0,0
1237,女,pct4,26.8,91.8,145.0,0.0,0
1238,女,pct4,27.11,92.11,145.0,0.0,0
1239,女,pct4,34.12,99.12,88.0,11.12,1
1240,女,pct4,31.89,96.89,145.0,0.0,0
1241,女,pct4,18.2,83.2,90.92,0.0,0
1242,女,pct4,35.24,100.24,145.0,0.0,0
1243,女,pct4,20.43,85.43,145.0,0.0,0
1244,女,pct4,30.11,95.11,145.0,0.0,0
1245,女,pct4,23.68,88.68,145.0,0.0,0
1246,女,pct4,21.04,86.04,91.03,0.0,0
1247,女,pct4,14.92,79.92,86.46,0.0,0
1248,女,pct4,22.32,87.32,145.0,0.0,0
1249,女,pct4,15.86,80.86,129.83,0.0,0
1250,女,pct4,29.54,94.54,145.0,0.0,0
1251,女,pct4,33.83,98.83,109.47,0.0,0
1252,女,pct4,19.14,84.14,86.08,0.0,0
1253,女,pct4,25.08,90.08,145.0,0.0,0
1254,女,pct4,19.48,84.48,98.62,0.0,0
1255,女,pct4,19.95,84.95,145.0,0.0,0
1256,女,pct4,28.18,93.18,93.58,0.0,0
1257,女,pct4,23.06,88.06,145.0,0.0,0
1258,女,pct4,35.73,100.73,90.66,10.08,1
1259,女,pct4,20.68,85.68,99.39,0.0,0
1260,女,pct4,29.78,94.78,119.96,0.0,0
1261,女,pct4,23.85,88.85,88.51,0.34,0
1262,女,pct4,28.32,93.32,145.0,0.0,0
1263,女,pct4,20.86,85.86,145.0,0.0,0
1264,女,pct4,23.0,88.0,96.16,0.0,0
1265,女,pct4,22.63,87.63,145.0,0.0,0
1266,女,pct4,18.95,83.95,80.0,3.95,1
1267,女,pct4,27.41,92.41,109.76,0.0,0
1268,女,pct4,27.33,92.33,99.99,0.0,0
1269,女,pct4,26.95,91.95,91.32,0.63,1
1270,女,pct4,33.99,98.99,145.0,0.0,0
1271,女,pct4,33.27,98.27,99.66,0.0,0
1272,女,pct4,21.23,86.23,103.97,0.0,0
1273,女,pct4,25.52,90.52,98.46,0.0,0
1274,女,pct4,19.97,84.97,83.17,1.8,1
1275,女,pct4,23.42,88.42,88.16,0.25,0
1276,女,pct4,20.09,85.09,145.0,0.0,0
1277,女,pct4,34.7,99.7,82.3,17.4,1
1278,女,pct4,25.46,90.46,91.96,0.0,0
1279,女,pct4,22.07,87.07,97.97,0.0,0
1280,女,pct4,31.24,96.24,145.0,0.0,0
1281,女,pct4,13.64,78.64,145.0,0.0,0
1282,女,pct4,14.18,79.18,94.99,0.0,0
1283,女,pct4,28.32,93.32,145.0,0.0,0
1284,女,pct4,23.63,88.63,92.29,0.0,0
1285,女,pct4,24.76,89.76,145.0,0.0,0
1286,女,pct4,16.8,81.8,86.4,0.0,0
1287,女,pct4,23.15,88.15,145.0,0.0,0
1288,女,pct4,38.13,103.13,97.83,5.3,1
1289,女,pct4,28.52,93.52,89.1,4.43,1
1290,女,pct4,24.28,89.28,102.68,0.0,0
1291,女,pct4,20.9,85.9,145.0,0.0,0
1292,女,pct4,21.13,86.13,96.08,0.0,0
1293,女,pct4,13.78,78.78,145.0,0.0,0
1294,女,pct4,24.81,89.81,94.57,0.0,0
1295,女,pct4,28.67,93.67,145.0,0.0,0
1296,女,pct4,15.8,80.8,145.0,0.0,0
1297,女,pct4,19.78,84.78,108.68,0.0,0
1298,女,pct4,17.51,82.51,97.1,0.0,0
1299,女,pct4,18.36,83.36,124.84,0.0,0
1300,女,pct4,23.59,88.59,145.0,0.0,0
1301,女,pct4,13.94,78.94,145.0,0.0,0
1302,女,pct4,27.09,92.09,145.0,0.0,0
1303,女,pct4,28.03,93.03,145.0,0.0,0
1304,女,pct4,21.89,86.89,145.0,0.0,0
1305,女,pct4,12.64,77.64,145.0,0.0,0
1306,女,pct4,18.22,83.22,145.0,0.0,0
1307,女,pct4,31.54,96.54,145.0,0.0,0
1308,女,pct4,11.75,76.75,89.28,0.0,0
1309,女,pct4,21.37,86.37,97.05,0.0,0
1310,女,pct4,17.41,82.41,95.87,0.0,0
1311,女,pct4,28.38,93.38,145.0,0.0,0
1312,女,pct4,19.72,84.72,104.09,0.0,0
1313,女,pct4,25.72,90.72,123.22,0.0,0
1314,女,pct4,26.76,91.76,145.0,0.0,0
1315,女,pct4,36.59,101.59,145.0,0.0,0
1316,女,pct4,22.15,87.15,104.53,0.0,0
1317,女,pct4,25.54,90.54,93.25,0.0,0
1318,女,pct4,16.15,81.15,145.0,0.0,0
1319,女,pct4,31.21,96.21,145.0,0.0,0
1320,女,pct4,19.31,84.31,84.81,0.0,0
1321,女,pct4,20.28,85.28,99.99,0.0,0
1322,女,pct4,23.16,88.16,126.71,0.0,0
1323,女,pct4,15.85,80.85,145.0,0.0,0
1324,女,pct4,24.63,89.63,145.0,0.0,0
1325,女,pct4,29.55,94.55,145.0,0.0,0
1326,女,pct4,25.02,90.02,145.0,0.0,0
1327,女,pct4,15.74,80.74,116.22,0.0,0
1328,女,pct4,22.58,87.58,93.2,0.0,0
1329,女,pct4,27.95,92.95,101.37,0.0,0
1330,女,pct4,14.66,79.66,113.06,0.0,0
1331,女,pct4,17.87,82.87,109.98,0.0,0
1332,女,pct4,28.89,93.89,83.32,10.57,1
1333,女,pct4,24.88,89.88,98.02,0.0,0
1334,女,pct4,25.77,90.77,115.62,0.0,0
1335,女,pct4,36.8,101.8,100.82,0.98,1
1336,女,pct4,26.13,91.13,101.79,0.0,0
1337,女,pct4,27.38,92.38,145.0,0.0,0
1338,女,pct4,45.0,110.0,88.63,21.37,1
1339,女,pct4,22.09,87.09,84.68,2.41,1
1340,女,pct4,19.13,84.13,99.13,0.0,0
1341,女,pct4,25.87,90.87,145.0,0.0,0
1342,女,pct4,25.94,90.94,145.0,0.0,0
1343,女,pct4,20.45,85.45,145.0,0.0,0
1344,女,pct4,18.06,83.06,85.66,0.0,0
1345,女,pct4,41.12,106.12,102.22,3.9,1
1346,女,pct4,25.23,90.23,145.0,0.0,0
1347,女,pct4,19.44,84.44,128.5,0.0,0
1348,女,pct4,29.17,94.17,145.0,0.0,0
1349,女,pct4,22.67,87.67,90.22,0.0,0
1350,女,pct4,21.88,86.88,116.29,0.0,0
1351,女,pct4,26.74,91.74,145.0,0.0,0
1352,女,pct4,16.94,81.94,145.0,0.0,0
1353,女,pct4,25.4,90.4,91.47,0.0,0
1354,女,pct4,37.29,102.29,99.2,3.09,1
1355,女,pct4,26.12,91.12,80.14,10.98,1
1356,女,pct4,21.22,86.22,93.97,0.0,0
1357,女,pct4,20.55,85.55,95.55,0.0,0
1358,女,pct4,21.05,86.05,89.18,0.0,0
1359,女,pct4,21.87,86.87,126.73,0.0,0
1360,女,pct4,21.22,86.22,108.91,0.0,0
1361,女,pct4,29.18,94.18,81.69,12.49,1
1362,女,pct4,15.2,80.2,135.56,0.0,0
1363,女,pct4,28.79,93.79,90.1,3.69,1
1364,女,pct4,21.21,86.21,145.0,0.0,0
1365,女,pct4,25.55,90.55,86.96,3.59,1
1366,女,pct4,17.64,82.64,113.78,0.0,0
1367,女,pct4,32.29,97.29,100.77,0.0,0
1368,女,pct4,31.64,96.64,145.0,0.0,0
1369,女,pct4,29.49,94.49,121.71,0.0,0
1370,女,pct4,16.04,81.04,101.55,0.0,0
1371,女,pct4,28.56,93.56,85.23,8.33,1
1372,女,pct4,25.72,90.72,85.6,5.12,1
1373,女,pct4,15.68,80.68,94.55,0.0,0
1374,女,pct4,23.14,88.14,111.42,0.0,0
1375,女,pct4,25.47,90.47,94.17,0.0,0
1376,女,pct4,26.7,91.7,145.0,0.0,0
1377,女,pct4,24.32,89.32,100.88,0.0,0
1378,女,pct4,25.01,90.01,89.72,0.3,0
1379,女,pct4,33.47,98.47,100.91,0.0,0
1380,女,pct4,31.49,96.49,138.02,0.0,0
1381,女,pct4,11.49,76.49,145.0,0.0,0
1382,女,pct4,21.53,86.53,145.0,0.0,0
1383,女,pct4,22.36,87.36,93.27,0.0,0
1384,女,pct4,15.12,80.12,108.09,0.0,0
1385,女,pct4,23.83,88.83,145.0,0.0,0
1386,女,pct4,31.66,96.66,110.58,0.0,0
1387,女,pct4,17.82,82.82,95.97,0.0,0
1388,女,pct4,25.29,90.29,85.15,5.15,1
1389,女,pct4,18.58,83.58,95.79,0.0,0
1390,女,pct4,19.73,84.73,88.68,0.0,0
1391,女,pct4,33.5,98.5,84.13,14.37,1
1392,女,pct4,20.37,85.37,91.6,0.0,0
1393,女,pct4,26.09,91.09,88.92,2.17,1
1394,女,pct4,14.69,79.69,145.0,0.0,0
1395,女,pct4,36.83,101.83,145.0,0.0,0
1396,女,pct4,27.01,92.01,90.36,1.65,1
1397,女,pct4,22.26,87.26,101.4,0.0,0
1398,女,pct4,26.83,91.83,83.45,8.38,1
1399,女,pct4,16.45,81.45,96.09,0.0,0
1400,女,pct4,31.15,96.15,145.0,0.0,0
1401,女,pct4,21.5,86.5,145.0,0.0,0
1402,女,pct4,22.14,87.14,92.66,0.0,0
1403,女,pct4,20.63,85.63,145.0,0.0,0
1404,女,pct4,20.18,85.18,85.36,0.0,0
1405,女,pct4,27.63,92.63,87.22,5.41,1
1406,女,pct4,24.8,89.8,145.0,0.0,0
1407,女,pct4,27.34,92.34,145.0,0.0,0
1408,女,pct4,23.23,88.23,145.0,0.0,0
1409,女,pct4,26.42,91.42,109.69,0.0,0
1410,女,pct4,21.0,86.0,81.95,4.05,1
1411,女,pct4,40.32,105.32,82.68,22.64,1
1412,女,pct4,15.83,80.83,122.22,0.0,0
1413,女,pct4,31.76,96.76,98.9,0.0,0
1414,女,pct4,32.61,97.61,88.39,9.22,1
1415,女,pct4,18.88,83.88,116.33,0.0,0
1416,女,pct4,40.31,105.31,120.72,0.0,0
1417,女,pct4,29.75,94.75,145.0,0.0,0
1418,女,pct4,29.57,94.57,123.03,0.0,0
1419,女,pct4,23.44,88.44,145.0,0.0,0
1420,女,pct4,22.07,87.07,112.38,0.0,0
1421,女,pct4,22.11,87.11,106.29,0.0,0
1422,女,pct4,25.63,90.63,145.0,0.0,0
1423,女,pct4,32.88,97.88,89.58,8.29,1
1424,女,pct4,24.35,89.35,145.0,0.0,0
1425,女,pct4,18.6,83.6,145.0,0.0,0
1426,女,pct4,28.52,93.52,145.0,0.0,0
1427,女,pct4,29.21,94.21,145.0,0.0,0
1428,女,pct4,27.36,92.36,145.0,0.0,0
1429,女,pct4,27.97,92.97,145.0,0.0,0
1430,女,pct4,21.78,86.78,84.82,1.97,1
1431,女,pct4,18.52,83.52,145.0,0.0,0
1432,女,pct4,18.8,83.8,99.3,0.0,0
1433,女,pct4,15.57,80.57,119.93,0.0,0
1434,女,pct4,24.68,89.68,86.98,2.7,1
1435,女,pct4,22.81,87.81,145.0,0.0,0
1436,女,pct4,20.89,85.89,93.52,0.0,0
1437,女,pct4,11.25,76.25,119.27,0.0,0
1438,女,pct4,17.13,82.13,100.75,0.0,0
1439,女,pct4,30.68,95.68,145.0,0.0,0
1440,女,pct4,19.77,84.77,145.0,0.0,0
1441,女,pct4,25.45,90.45,114.91,0.0,0
1442,女,pct4,16.53,81.53,116.21,0.0,0
1443,女,pct4,33.18,98.18,98.55,0.0,0
1444,女,pct4,22.47,87.47,145.0,0.0,0
1445,女,pct4,25.01,90.01,99.6,0.0,0
1446,女,pct4,41.28,106.28,97.51,8.77,1
1447,女,pct4,33.82,98.82,145.0,0.0,0
1448,女,pct4,21.59,86.59,95.31,0.0,0
1449,女,pct4,20.12,85.12,109.82,0.0,0
1450,女,pct4,21.49,86.49,84.96,1.53,1
1451,女,pct4,26.4,91.4,145.0,0.0,0
1452,女,pct4,22.69,87.69,145.0,0.0,0
1453,女,pct4,21.12,86.12,145.0,0.0,0
1454,女,pct4,33.41,98.41,145.0,0.0,0
1455,女,pct4,22.64,87.64,91.0,0.0,0
1456,女,pct4,41.02,106.02,140.88,0.0,0
1457,女,pct4,23.81,88.81,89.94,0.0,0
1458,女,pct4,36.14,101.14,102.35,0.0,0
1459,女,pct4,25.42,90.42,145.0,0.0,0
1460,女,pct4,29.51,94.51,119.43,0.0,0
1461,女,pct4,19.48,84.48,86.03,0.0,0
1462,女,pct4,18.87,83.87,86.71,0.0,0
1463,女,pct4,26.07,91.07,86.24,4.83,1
1464,女,pct4,29.7,94.7,145.0,0.0,0
1465,女,pct4,23.52,88.52,145.0,0.0,0
1466,女,pct4,16.96,81.96,145.0,0.0,0
1467,女,pct4,16.66,81.66,83.27,0.0,0
1468,女,pct4,16.38,81.38,145.0,0.0,0
1469,女,pct4,15.07,80.07,145.0,0.0,0
1470,女,pct4,23.92,88.92,85.17,3.75,1
1471,女,pct4,30.71,95.71,100.24,0.0,0
1472,女,pct4,23.21,88.21,145.0,0.0,0
1473,女,pct4,13.35,78.35,145.0,0.0,0
1474,女,pct4,22.22,87.22,86.76,0.46,0
1475,女,pct4,22.37,87.37,145.0,0.0,0
1476,女,pct4,39.01,104.01,82.18,21.83,1
1477,女,pct4,16.26,81.26,102.51,0.0,0
1478,女,pct4,21.15,86.15,145.0,0.0,0
1479,女,pct4,35.44,100.44,113.02,0.0,0
1480,女,pct4,26.01,91.01,96.0,0.0,0
1481,女,pct4,26.75,91.75,145.0,0.0,0
1482,女,pct4,23.95,88.95,145.0,0.0,0
1483,女,pct4,25.25,90.25,145.0,0.0,0
1484,女,pct4,28.2,93.2,145.0,0.0,0
1485,女,pct4,19.08,84.08,145.0,0.0,0
1486,女,pct4,28.9,93.9,145.0,0.0,0
1487,女,pct4,16.6,81.6,145.0,0.0,0
1488,女,pct4,25.24,90.24,118.31,0.0,0
1489,女,pct4,24.33,89.33,102.07,0.0,0
1490,女,pct4,20.01,85.01,87.5,0.0,0
1491,女,pct4,23.15,88.15,89.82,0.0,0
1492,女,pct4,19.97,84.97,100.8,0.0,0
1493,女,pct4,17.88,82.88,142.44,0.0,0
1494,女,pct4,21.34,86.34,145.0,0.0,0
1495,女,pct4,17.74,82.74,109.62,0.0,0
1496,女,pct4,25.21,90.21,145.0,0.0,0
1497,女,pct4,17.54,82.54,145.0,0.0,0
1498,女,pct4,27.74,92.74,102.24,0.0,0
1499,女,pct4,17.41,82.41,145.0,0.0,0
1500,女,pct4,20.25,85.25,101.88,0.0,0
1501,女,pct4,19.96,84.96,145.0,0.0,0
1502,女,pct4,32.27,97.27,145.0,0.0,0
1503,女,pct4,25.26,90.26,87.67,2.58,1
1504,女,pct4,22.1,87.1,126.16,0.0,0
1505,女,pct4,26.33,91.33,145.0,0.0,0
1506,女,pct4,13.86,78.86,103.85,0.0,0
1507,女,pct4,23.04,88.04,145.0,0.0,0
1508,女,pct4,38.08,103.08,145.0,0.0,0
1509,女,pct4,24.05,89.05,89.02,0.03,0
1510,女,pct4,23.68,88.68,145.0,0.0,0
1511,女,pct4,26.65,91.65,86.15,5.49,1
1512,女,pct4,29.03,94.03,93.9,0.13,0
1513,女,pct4,14.24,79.24,145.0,0.0,0
1514,女,pct4,15.39,80.39,145.0,0.0,0
1515,女,pct4,24.52,89.52,100.21,0.0,0
1516,女,pct4,19.53,84.53,145.0,0.0,0
1517,女,pct4,32.16,97.16,108.72,0.0,0
1518,女,pct4,21.54,86.54,112.66,0.0,0
1519,女,pct4,14.46,79.46,145.0,0.0,0
1520,女,pct4,17.04,82.04,92.46,0.0,0
1521,女,pct4,11.83,76.83,114.48,0.0,0
1522,女,pct4,21.98,86.98,100.01,0.0,0
1523,女,pct4,22.23,87.23,84.93,2.3,1
1524,女,pct4,20.97,85.97,90.18,0.0,0
1525,女,pct4,30.37,95.37,145.0,0.0,0
1526,女,pct4,31.28,96.28,145.0,0.0,0
1527,女,pct4,22.33,87.33,86.65,0.68,1
1528,女,pct4,13.77,78.77,85.2,0.0,0
1529,女,pct4,27.11,92.11,106.42,0.0,0
1530,女,pct4,26.7,91.7,145.0,0.0,0
1531,女,pct4,25.13,90.13,103.66,0.0,0
1532,女,pct4,29.65,94.65,145.0,0.0,0
1533,女,pct4,17.48,82.48,145.0,0.0,0
1534,女,pct4,38.18,103.18,145.0,0.0,0
1535,女,pct4,18.38,83.38,86.56,0.0,0
1536,女,pct4,28.0,93.0,145.0,0.0,0
1537,女,pct4,15.37,80.37,99.45,0.0,0
1538,女,pct4,18.52,83.52,145.0,0.0,0
1539,女,pct4,33.82,98.82,91.37,7.45,1
1540,女,pct4,21.83,86.83,128.42,0.0,0
1541,女,pct4,28.63,93.63,145.0,0.0,0
1542,女,pct4,24.68,89.68,104.8,0.0,0
1543,女,pct4,22.69,87.69,145.0,0.0,0
1544,女,pct4,32.58,97.58,101.23,0.0,0
1545,女,pct4,21.97,86.97,93.55,0.0,0
1546,女,pct4,15.02,80.02,145.0,0.0,0
1547,女,pct4,19.11,84.11,145.0,0.0,0
1548,女,pct4,26.67,91.67,92.03,0.0,0
1549,女,pct4,25.66,90.66,145.0,0.0,0
1550,女,pct4,15.83,80.83,92.26,0.0,0
1551,女,pct4,19.48,84.48,87.72,0.0,0
1552,女,pct4,20.18,85.18,145.0,0.0,0
1553,女,pct4,21.28,86.28,84.25,2.03,1
1554,女,pct4,16.59,81.59,145.0,0.0,0
1555,女,pct4,19.95,84.95,101.62,0.0,0
1556,女,pct4,19.46,84.46,102.86,0.0,0
1557,女,pct4,28.15,93.15,145.0,0.0,0
1558,女,pct4,28.42,93.42,145.0,0.0,0
1559,女,pct4,22.46,87.46,91.23,0.0,0
1560,女,pct4,21.14,86.14,145.0,0.0,0
1561,女,pct4,24.1,89.1,120.54,0.0,0
1562,女,pct4,19.04,84.04,87.16,0.0,0
1563,女,pct4,17.56,82.56,104.24,0.0,0
1564,女,pct4,18.47,83.47,145.0,0.0,0
1565,女,pct4,19.91,84.91,145.0,0.0,0
1566,女,pct4,17.48,82.48,145.0,0.0,0
1567,女,pct4,24.23,89.23,87.67,1.56,1
1568,女,pct4,27.87,92.87,145.0,0.0,0
1569,女,pct4,15.75,80.75,145.0,0.0,0
1570,女,pct4,23.43,88.43,145.0,0.0,0
1571,女,pct4,22.06,87.06,145.0,0.0,0
1572,女,pct4,25.33,90.33,145.0,0.0,0
1573,女,pct4,23.21,88.21,108.14,0.0,0
1574,女,pct4,16.28,81.28,94.17,0.0,0
1575,女,pct4,17.06,82.06,83.26,0.0,0
1576,女,pct4,23.45,88.45,145.0,0.0,0
1577,女,pct4,30.0,95.0,129.86,0.0,0
1578,女,pct4,13.5,78.5,145.0,0.0,0
1579,女,pct4,25.35,90.35,86.55,3.8,1
1580,女,pct4,31.21,96.21,145.0,0.0,0
1581,女,pct4,22.42,87.42,145.0,0.0,0
1582,女,pct4,26.66,91.66,117.37,0.0,0
1583,女,pct4,19.58,84.58,108.64,0.0,0
1584,女,pct4,22.61,87.61,145.0,0.0,0
1585,女,pct4,15.62,80.62,145.0,0.0,0
1586,女,pct4,13.07,78.07,89.14,0.0,0
1587,女,pct4,29.37,94.37,132.97,0.0,0
1588,女,pct4,18.27,83.27,91.55,0.0,0
1589,女,pct4,20.81,85.81,95.16,0.0,0
1590,女,pct4,16.55,81.55,109.23,0.0,0
1591,女,pct4,16.45,81.45,145.0,0.0,0
1592,女,pct4,22.31,87.31,145.0,0.0,0
1593,女,pct4,19.46,84.46,145.0,0.0,0
1594,女,pct4,25.55,90.55,98.48,0.0,0
1595,女,pct4,26.03,91.03,145.0,0.0,0
1596,女,pct4,25.2,90.2,97.39,0.0,0
1597,女,pct4,24.69,89.69,94.76,0.0,0
1598,女,pct4,34.34,99.34,83.88,15.46,1
1599,女,pct4,17.9,82.9,145.0,0.0,0
1600,女,pct4,22.97,87.97,145.0,0.0,0
1601,女,pct4,30.77,95.77,145.0,0.0,0
1602,女,pct4,31.79,96.79,86.18,10.6,1
1603,女,pct4,16.41,81.41,145.0,0.0,0
1604,女,pct4,21.56,86.56,116.7,0.0,0
1605,女,pct4,32.53,97.53,145.0,0.0,0
1606,女,pct4,26.39,91.39,84.57,6.82,1
1607,女,pct4,24.43,89.43,145.0,0.0,0
1608,女,pct4,22.07,87.07,145.0,0.0,0
1609,女,pct4,21.18,86.18,109.76,0.0,0
1610,女,pct4,25.0,90.0,145.0,0.0,0
1611,女,pct4,21.88,86.88,91.97,0.0,0
1612,女,pct4,23.04,88.04,94.63,0.0,0
1613,女,pct4,23.74,88.74,96.67,0.0,0
1614,女,pct4,19.7,84.7,83.48,1.22,1
1615,女,pct4,26.54,91.54,145.0,0.0,0
1616,女,pct4,45.0,110.0,145.0,0.0,0
1617,女,pct4,15.03,80.03,92.81,0.0,0
1618,女,pct4,25.22,90.22,145.0,0.0,0
1619,女,pct4,19.31,84.31,101.25,0.0,0
1620,女,pct4,26.84,91.84,145.0,0.0,0
1621,女,pct4,23.55,88.55,93.87,0.0,0
1622,女,pct4,28.09,93.09,90.58,2.51,1
1623,女,pct4,31.1,96.1,145.0,0.0,0
1624,女,pct4,24.41,89.41,108.54,0.0,0
1625,女,pct4,30.77,95.77,145.0,0.0,0
1626,女,pct4,13.07,78.07,114.9,0.0,0
1627,女,pct4,34.44,99.44,90.12,9.32,1
1628,女,pct4,25.54,90.54,145.0,0.0,0
1629,女,pct4,30.36,95.36,145.0,0.0,0
1630,女,pct4,17.24,82.24,145.0,0.0,0
1631,女,pct4,18.98,83.98,145.0,0.0,0
1632,女,pct4,24.14,89.14,93.5,0.0,0
1633,女,pct4,23.19,88.19,105.81,0.0,0
1634,女,pct4,24.96,89.96,104.18,0.0,0
1635,女,pct4,30.41,95.41,86.89,8.52,1
1636,女,pct4,15.08,80.08,101.31,0.0,0
1637,女,pct4,29.59,94.59,145.0,0.0,0
1638,女,pct4,23.33,88.33,141.18,0.0,0
1639,女,pct4,22.14,87.14,86.49,0.66,1
1640,女,pct4,16.21,81.21,85.11,0.0,0
1641,女,pct4,26.35,91.35,145.0,0.0,0
1642,女,pct4,12.85,77.85,107.34,0.0,0
1643,女,pct4,27.31,92.31,93.58,0.0,0
1644,女,pct4,16.12,81.12,101.02,0.0,0
1645,女,pct4,23.59,88.59,85.6,2.99,1
1646,女,pct4,22.61,87.61,145.0,0.0,0
1647,女,pct4,31.05,96.05,98.11,0.0,0
1648,女,pct4,22.28,87.28,145.0,0.0,0
1649,女,pct4,19.63,84.63,115.29,0.0,0
1650,女,pct4,20.55,85.55,145.0,0.0,0
1651,女,pct4,31.85,96.85,145.0,0.0,0
1652,女,pct4,26.57,91.57,145.0,0.0,0
1653,女,pct4,21.17,86.17,145.0,0.0,0
1654,女,pct4,21.97,86.97,145.0,0.0,0
1655,女,pct4,15.83,80.83,145.0,0.0,0
1656,女,pct4,25.62,90.62,102.2,0.0,0
1657,女,pct4,15.1,80.1,145.0,0.0,0
1658,女,pct4,28.02,93.02,90.32,2.69,1
1659,女,pct4,24.03,89.03,112.16,0.0,0
1660,女,pct4,41.91,106.91,112.81,0.0,0
1661,女,pct4,17.76,82.76,145.0,0.0,0
1662,女,pct4,22.7,87.7,97.35,0.0,0
1663,女,pct4,36.25,101.25,145.0,0.0,0
1664,女,pct4,31.22,96.22,104.28,0.0,0
1665,女,pct4,19.62,84.62,84.95,0.0,0
1666,女,pct4,24.6,89.6,112.48,0.0,0
1667,女,pct4,23.29,88.29,88.44,0.0,0
1668,女,pct4,24.96,89.96,84.09,5.87,1
1669,女,pct4,19.6,84.6,123.06,0.0,0
1670,女,pct4,22.78,87.78,145.0,0.0,0
1671,女,pct4,15.71,80.71,145.0,0.0,0
1672,女,pct4,24.07,89.07,145.0,0.0,0
1673,女,pct4,26.01,91.01,83.09,7.92,1
1674,女,pct4,22.02,87.02,86.38,0.63,1
1675,女,pct4,15.64,80.64,145.0,0.0,0
1676,女,pct4,29.7,94.7,88.92,5.78,1
1677,女,pct4,25.47,90.47,145.0,0.0,0
1678,女,pct4,19.47,84.47,93.01,0.0,0
1679,女,pct4,21.73,86.73,117.47,0.0,0
1680,女,pct4,16.09,81.09,93.79,0.0,0
1681,女,pct4,18.09,83.09,145.0,0.0,0
1682,女,pct4,20.4,85.4,123.05,0.0,0
1683,女,pct4,31.51,96.51,96.97,0.0,0
1684,女,pct4,19.89,84.89,88.89,0.0,0
1685,女,pct4,27.26,92.26,145.0,0.0,0
1686,女,pct4,20.39,85.39,87.49,0.0,0
1687,女,pct4,24.75,89.75,145.0,0.0,0
1688,女,pct4,22.49,87.49,145.0,0.0,0
1689,女,pct4,28.87,93.87,145.0,0.0,0
1690,女,pct4,20.41,85.41,145.0,0.0,0
1691,女,pct4,15.81,80.81,107.54,0.0,0
1692,女,pct4,16.57,81.57,83.07,0.0,0
1693,女,pct4,20.43,85.43,86.66,0.0,0
1694,女,pct4,17.12,82.12,145.0,0.0,0
1695,女,pct4,25.76,90.76,91.67,0.0,0
1696,女,pct4,20.76,85.76,92.84,0.0,0
1697,女,pct4,41.78,106.78,104.39,2.39,1
1698,女,pct4,15.18,80.18,88.78,0.0,0
1699,女,pct4,24.48,89.48,87.38,2.1,1
1700,女,pct4,17.64,82.64,109.18,0.0,0
1701,女,pct4,20.62,85.62,90.49,0.0,0
1702,女,pct4,24.11,89.11,92.28,0.0,0
1703,女,pct4,13.13,78.13,91.77,0.0,0
1704,女,pct4,24.68,89.68,145.0,0.0,0
1705,女,pct4,37.2,102.2,102.22,0.0,0
1706,女,pct4,20.82,85.82,103.94,0.0,0
1707,女,pct4,24.82,89.82,145.0,0.0,0
1708,女,pct4,29.97,94.97,105.25,0.0,0
1709,女,pct4,22.36,87.36,100.9,0.0,0
1710,女,pct4,20.18,85.18,145.0,0.0,0
1711,女,pct4,13.3,78.3,145.0,0.0,0
1712,女,pct4,27.26,92.26,105.06,0.0,0
1713,女,pct4,22.64,87.64,117.55,0.0,0
1714,女,pct4,18.15,83.15,91.77,0.0,0
1715,女,pct4,24.02,89.02,90.83,0.0,0
1716,女,pct4,20.17,85.17,145.0,0.0,0
1717,女,pct4,20.44,85.44,145.0,0.0,0
1718,女,pct4,27.03,92.03,145.0,0.0,0
1719,女,pct4,16.75,81.75,145.0,0.0,0
1720,女,pct4,30.13,95.13,114.89,0.0,0
1721,女,pct4,16.5,81.5,145.0,0.0,0
1722,女,pct4,19.78,84.78,145.0,0.0,0
1723,女,pct4,37.38,102.38,145.0,0.0,0
1724,女,pct4,30.73,95.73,106.89,0.0,0
1725,女,pct4,23.85,88.85,145.0,0.0,0
1726,女,pct4,18.47,83.47,138.7,0.0,0
1727,女,pct4,20.44,85.44,145.0,0.0,0
1728,女,pct4,23.71,88.71,145.0,0.0,0
1729,女,pct4,23.5,88.5,144.27,0.0,0
1730,女,pct4,22.77,87.77,92.35,0.0,0
1731,女,pct4,23.11,88.11,145.0,0.0,0
1732,女,pct4,22.09,87.09,145.0,0.0,0
1733,女,pct4,16.32,81.32,98.52,0.0,0
1734,女,pct4,20.5,85.5,116.76,0.0,0
1735,女,pct4,29.16,94.16,97.01,0.0,0
1736,女,pct4,16.62,81.62,96.21,0.0,0
1737,女,pct4,22.22,87.22,145.0,0.0,0
1738,女,pct4,19.03,84.03,93.21,0.0,0
1739,女,pct4,23.93,88.93,96.47,0.0,0
1740,女,pct4,21.16,86.16,84.92,1.24,1
1741,女,pct4,33.5,98.5,92.07,6.43,1
1742,女,pct4,26.38,91.38,84.23,7.15,1
1743,女,pct4,16.86,81.86,145.0,0.0,0
1744,女,pct4,27.47,92.47,145.0,0.0,0
1745,女,pct4,19.24,84.24,98.7,0.0,0
1746,女,pct4,20.2,85.2,84.46,0.74,1
1747,女,pct4,25.15,90.15,145.0,0.0,0
1748,女,pct4,20.63,85.63,92.47,0.0,0
1749,女,pct4,29.01,94.01,145.0,0.0,0
1750,女,pct4,19.24,84.24,100.8,0.0,0
1751,女,pct4,19.99,84.99,93.81,0.0,0
1752,女,pct4,19.81,84.81,103.96,0.0,0
1753,女,pct4,20.26,85.26,145.0,0.0,0
1754,女,pct4,30.52,95.52,102.37,0.0,0
1755,女,pct4,27.18,92.18,96.05,0.0,0
1756,女,pct4,35.47,100.47,103.26,0.0,0
1757,女,pct4,40.69,105.69,87.04,18.66,1
1758,女,pct4,18.06,83.06,145.0,0.0,0
1759,女,pct4,23.69,88.69,83.81,4.88,1
1760,女,pct4,17.43,82.43,97.05,0.0,0
1761,女,pct4,19.23,84.23,145.0,0.0,0
1762,女,pct4,19.94,84.94,145.0,0.0,0
1763,女,pct4,17.95,82.95,145.0,0.0,0
1764,女,pct4,17.97,82.97,108.48,0.0,0
1765,女,pct4,22.47,87.47,145.0,0.0,0
1766,女,pct4,17.26,82.26,145.0,0.0,0
1767,女,pct4,28.65,93.65,145.0,0.0,0
1768,女,pct4,18.57,83.57,145.0,0.0,0
1769,女,pct4,45.0,110.0,145.0,0.0,0
1770,女,pct4,20.83,85.83,97.14,0.0,0
1771,女,pct4,23.7,88.7,86.5,2.2,1
1772,女,pct4,16.93,81.93,145.0,0.0,0
1773,女,pct4,35.44,100.44,145.0,0.0,0
1774,女,pct4,30.67,95.67,145.0,0.0,0
1775,女,pct4,25.05,90.05,90.01,0.04,0
1776,女,pct4,16.71,81.71,90.33,0.0,0
1777,女,pct4,24.52,89.52,145.0,0.0,0
1778,女,pct4,17.67,82.67,108.2,0.0,0
1779,女,pct4,33.37,98.37,83.32,15.06,1
1780,女,pct4,28.42,93.42,145.0,0.0,0
1781,女,pct4,23.84,88.84,83.48,5.36,1
1782,女,pct4,12.78,77.78,89.92,0.0,0
1783,女,pct4,18.28,83.28,145.0,0.0,0
1784,女,pct4,27.58,92.58,145.0,0.0,0
1785,女,pct4,31.39,96.39,87.47,8.92,1
1786,女,pct4,30.6,95.6,99.58,0.0,0
1787,女,pct4,15.73,80.73,114.64,0.0,0
1788,女,pct4,25.08,90.08,145.0,0.0,0
1789,女,pct4,29.9,94.9,96.12,0.0,0
1790,女,pct4,15.48,80.48,96.42,0.0,0
1791,女,pct4,23.24,88.24,145.0,0.0,0
1792,女,pct4,24.91,89.91,98.52,0.0,0
1793,女,pct4,21.62,86.62,145.0,0.0,0
1794,女,pct4,14.76,79.76,85.6,0.0,0
1795,女,pct4,21.49,86.49,104.19,0.0,0
1796,女,pct4,21.48,86.48,84.5,1.98,1
1797,女,pct4,22.45,87.45,88.84,0.0,0
1798,女,pct4,20.27,85.27,145.0,0.0,0
1799,女,pct4,20.88,85.88,109.21,0.0,0
1800,女,pct4,23.06,88.06,99.84,0.0,0
1801,女,pct4,25.96,90.96,92.18,0.0,0
1802,女,pct4,21.6,86.6,102.57,0.0,0
1803,女,pct4,21.05,86.05,145.0,0.0,0
1804,女,pct4,23.82,88.82,145.0,0.0,0
1805,女,pct4,14.51,79.51,80.38,0.0,0
1806,女,pct4,26.19,91.19,91.17,0.02,0
1807,女,pct4,23.28,88.28,125.83,0.0,0
1808,女,pct4,23.51,88.51,106.97,0.0,0
1809,女,pct4,29.5,94.5,145.0,0.0,0
1810,女,pct4,14.4,79.4,145.0,0.0,0
1811,女,pct4,14.32,79.32,100.2,0.0,0
1812,女,pct4,24.91,89.91,95.51,0.0,0
1813,女,pct4,23.24,88.24,101.83,0.0,0
1814,女,pct4,24.28,89.28,145.0,0.0,0
1815,女,pct4,20.78,85.78,92.4,0.0,0
1816,女,pct4,27.42,92.42,108.59,0.0,0
1817,女,pct4,29.29,94.29,129.42,0.0,0
1818,女,pct4,26.23,91.23,145.0,0.0,0
1819,女,pct4,21.84,86.84,100.32,0.0,0
1820,女,pct4,13.86,78.86,145.0,0.0,0
1821,女,pct4,28.14,93.14,145.0,0.0,0
1822,女,pct4,31.45,96.45,108.54,0.0,0
1823,女,pct4,27.29,92.29,102.88,0.0,0
1824,女,pct4,18.75,83.75,99.59,0.0,0
1825,女,pct4,27.49,92.49,101.53,0.0,0
1826,女,pct4,28.78,93.78,145.0,0.0,0
1827,女,pct4,34.18,99.18,139.38,0.0,0
1828,女,pct4,18.77,83.77,140.58,0.0,0
1829,女,pct4,22.02,87.02,88.22,0.0,0
1830,女,pct4,27.99,92.99,89.69,3.29,1
1831,女,pct4,23.61,88.61,145.0,0.0,0
1832,女,pct4,17.68,82.68,103.96,0.0,0
1833,女,pct4,25.79,90.79,91.85,0.0,0
1834,女,pct4,26.85,91.85,145.0,0.0,0
1835,女,pct4,23.79,88.79,145.0,0.0,0
1836,女,pct4,24.58,89.58,145.0,0.0,0
1837,女,pct4,21.85,86.85,105.4,0.0,0
1838,女,pct4,33.51,98.51,99.85,0.0,0
1839,女,pct4,18.65,83.65,104.25,0.0,0
1840,女,pct4,20.15,85.15,86.23,0.0,0
1841,女,pct4,23.35,88.35,107.44,0.0,0
1842,女,pct4,28.91,93.91,145.0,0.0,0
1843,女,pct4,16.1,81.1,145.0,0.0,0
1844,女,pct4,16.86,81.86,118.0,0.0,0
1845,女,pct4,14.1,79.1,81.4,0.0,0
1846,女,pct4,23.47,88.47,107.18,0.0,0
1847,女,pct4,17.68,82.68,145.0,0.0,0
1848,女,pct4,21.18,86.18,145.0,0.0,0
1849,女,pct4,27.4,92.4,91.41,0.99,1
1850,女,pct4,19.88,84.88,145.0,0.0,0
1851,女,pct4,24.65,89.65,92.27,0.0,0
1852,女,pct4,21.63,86.63,86.43,0.2,0
1853,女,pct4,27.47,92.47,99.13,0.0,0
1854,女,pct4,26.17,91.17,118.49,0.0,0
1855,女,pct4,19.64,84.64,83.38,1.25,1
1856,女,pct4,22.34,87.34,88.02,0.0,0
1857,女,pct4,30.11,95.11,112.52,0.0,0
1858,女,pct4,25.65,90.65,97.79,0.0,0
1859,女,pct4,16.51,81.51,145.0,0.0,0
1860,女,pct4,27.36,92.36,87.48,4.88,1
1861,女,pct4,17.83,82.83,145.0,0.0,0
1862,女,pct4,32.97,97.97,87.73,10.24,1
1863,女,pct4,29.96,94.96,145.0,0.0,0
1864,女,pct4,25.01,90.01,84.19,5.82,1
1865,女,pct4,24.2,89.2,88.51,0.69,1
1866,女,pct4,22.12,87.12,145.0,0.0,0
1867,女,pct4,27.52,92.52,145.0,0.0,0
1868,女,pct4,21.25,86.25,145.0,0.0,0
1869,女,pct4,24.67,89.67,145.0,0.0,0
1870,女,pct4,28.86,93.86,112.97,0.0,0
1871,女,pct4,20.28,85.28,89.12,0.0,0
1872,女,pct4,20.01,85.01,96.17,0.0,0
1873,女,pct4,17.35,82.35,87.5,0.0,0
1874,女,pct4,17.92,82.92,86.98,0.0,0
1875,女,pct4,14.84,79.84,145.0,0.0,0
1876,女,pct4,27.87,92.87,88.24,4.63,1
1877,女,pct4,36.35,101.35,145.0,0.0,0
1878,女,pct4,33.07,98.07,86.81,11.26,1
1879,女,pct4,15.6,80.6,145.0,0.0,0
1880,女,pct4,27.83,92.83,96.19,0.0,0
1881,女,pct4,33.05,98.05,145.0,0.0,0
1882,女,pct4,20.81,85.81,145.0,0.0,0
1883,女,pct4,23.87,88.87,145.0,0.0,0
1884,女,pct4,14.2,79.2,92.1,0.0,0
1885,女,pct4,24.86,89.86,115.62,0.0,0
1886,女,pct4,17.92,82.92,89.56,0.0,0
1887,女,pct4,24.46,89.46,97.67,0.0,0
1888,女,pct4,15.85,80.85,101.35,0.0,0
1889,女,pct4,26.61,91.61,92.48,0.0,0
1890,女,pct4,29.96,94.96,87.47,7.49,1
1891,女,pct4,19.2,84.2,86.02,0.0,0
1892,女,pct4,17.6,82.6,81.38,1.22,1
1893,女,pct4,13.69,78.69,88.84,0.0,0
1894,女,pct4,21.81,86.81,145.0,0.0,0
1895,女,pct4,20.18,85.18,84.85,0.32,0
1896,女,pct4,15.89,80.89,86.33,0.0,0
1897,女,pct4,26.03,91.03,145.0,0.0,0
1898,女,pct4,20.84,85.84,93.74,0.0,0
1899,女,pct4,17.87,82.87,145.0,0.0,0
1900,女,pct4,20.31,85.31,145.0,0.0,0
1901,女,pct4,30.31,95.31,145.0,0.0,0
1902,女,pct4,27.01,92.01,85.31,6.7,1
1903,女,pct4,22.55,87.55,102.25,0.0,0
1904,女,pct4,27.12,92.12,84.74,7.38,1
1905,女,pct4,17.49,82.49,145.0,0.0,0
1906,女,pct4,23.47,88.47,84.88,3.59,1
1907,女,pct4,24.14,89.14,88.92,0.23,0
1908,女,pct4,20.74,85.74,88.98,0.0,0
1909,女,pct4,25.92,90.92,85.47,5.44,1
1910,女,pct4,19.21,84.21,145.0,0.0,0
1911,女,pct4,26.4,91.4,145.0,0.0,0
1912,女,pct4,26.67,91.67,96.44,0.0,0
1913,女,pct4,11.35,76.35,86.67,0.0,0
1914,女,pct4,31.21,96.21,81.78,14.43,1
1915,女,pct4,10.99,75.99,101.87,0.0,0
1916,女,pct4,20.01,85.01,99.91,0.0,0
1917,女,pct4,29.97,94.97,93.52,1.45,1
1918,女,pct4,21.53,86.53,136.92,0.0,0
1919,女,pct4,16.23,81.23,145.0,0.0,0
1920,女,pct4,17.79,82.79,145.0,0.0,0
1921,女,pct4,29.98,94.98,99.91,0.0,0
1922,女,pct4,14.51,79.51,88.43,0.0,0
1923,女,pct4,30.74,95.74,145.0,0.0,0
1924,女,pct4,22.97,87.97,112.66,0.0,0
1925,女,pct4,17.36,82.36,145.0,0.0,0
1926,女,pct4,20.17,85.17,145.0,0.0,0
1927,女,pct4,18.12,83.12,85.97,0.0,0
1928,女,pct4,28.82,93.82,85.88,7.94,1
1929,女,pct4,27.88,92.88,92.1,0.79,1
1930,女,pct4,15.25,80.25,88.84,0.0,0
1931,女,pct4,21.08,86.08,145.0,0.0,0
1932,女,pct4,18.83,83.83,145.0,0.0,0
1933,女,pct4,32.02,97.02,145.0,0.0,0
1934,女,pct4,16.7,81.7,145.0,0.0,0
1935,女,pct4,34.56,99.56,134.07,0.0,0
1936,女,pct4,23.09,88.09,145.0,0.0,0
1937,女,pct4,17.49,82.49,145.0,0.0,0
1938,女,pct4,19.71,84.71,116.53,0.0,0
1939,女,pct4,19.11,84.11,145.0,0.0,0
1940,女,pct4,17.01,82.01,120.72,0.0,0
1941,女,pct4,23.83,88.83,100.21,0.0,0
1942,女,pct4,17.21,82.21,91.09,0.0,0
1943,女,pct4,13.61,78.61,145.0,0.0,0
1944,女,pct4,21.21,86.21,145.0,0.0,0
1945,女,pct4,14.94,79.94,109.18,0.0,0
1946,女,pct4,19.35,84.35,145.0,0.0,0
1947,女,pct4,18.61,83.61,82.92,0.69,1
1948,女,pct4,18.79,83.79,108.94,0.0,0
1949,女,pct4,38.11,103.11,109.7,0.0,0
1950,女,pct4,23.61,88.61,92.47,0.0,0
1951,女,pct4,24.73,89.73,145.0,0.0,0
1952,女,pct4,15.03,80.03,108.43,0.0,0
1953,女,pct4,19.82,84.82,97.8,0.0,0
1954,女,pct4,24.55,89.55,113.51,0.0,0
1955,女,pct4,18.09,83.09,82.77,0.32,0
1956,女,pct4,29.12,94.12,92.04,2.08,1
1957,女,pct4,17.32,82.32,145.0,0.0,0
1958,女,pct4,21.7,86.7,93.85,0.0,0
1959,女,pct4,20.15,85.15,91.2,0.0,0
1960,女,pct4,24.24,89.24,145.0,0.0,0
1961,女,pct4,19.89,84.89,145.0,0.0,0
1962,女,pct4,21.78,86.78,145.0,0.0,0
1963,女,pct4,21.97,86.97,96.83,0.0,0
1964,女,pct4,19.43,84.43,102.0,0.0,0
1965,女,pct4,26.24,91.24,91.49,0.0,0
1966,女,pct4,24.69,89.69,89.42,0.27,0
1967,女,pct4,22.78,87.78,88.95,0.0,0
1968,女,pct4,20.94,85.94,94.02,0.0,0
1969,女,pct4,28.33,93.33,89.04,4.29,1
1970,女,pct4,21.97,86.97,85.06,1.91,1
1971,女,pct4,21.59,86.59,136.45,0.0,0
1972,女,pct4,23.89,88.89,140.38,0.0,0
1973,女,pct4,35.36,100.36,145.0,0.0,0
1974,女,pct4,16.74,81.74,93.28,0.0,0
1975,女,pct4,28.14,93.14,145.0,0.0,0
1976,女,pct4,14.61,79.61,145.0,0.0,0
1977,女,pct4,24.56,89.56,101.59,0.0,0
1978,女,pct4,34.31,99.31,145.0,0.0,0
1979,女,pct4,26.26,91.26,145.0,0.0,0
1980,女,pct4,24.28,89.28,145.0,0.0,0
1981,女,pct4,20.28,85.28,101.53,0.0,0
1982,女,pct4,23.46,88.46,98.91,0.0,0
1983,女,pct4,21.88,86.88,86.33,0.55,1
1984,女,pct4,19.19,84.19,91.47,0.0,0
1985,女,pct4,21.68,86.68,93.96,0.0,0
1986,女,pct4,24.45,89.45,88.23,1.22,1
1987,女,pct4,19.28,84.28,145.0,0.0,0
1988,女,pct4,19.09,84.09,145.0,0.0,0
1989,女,pct4,16.66,81.66,90.31,0.0,0
1990,女,pct4,25.63,90.63,145.0,0.0,0
1991,女,pct4,26.63,91.63,89.04,2.59,1
1992,女,pct4,24.65,89.65,100.2,0.0,0
1993,女,pct4,29.53,94.53,92.97,1.56,1
1994,女,pct4,23.79,88.79,145.0,0.0,0
1995,女,pct4,25.64,90.64,93.13,0.0,0
1996,女,pct4,25.09,90.09,145.0,0.0,0
1997,女,pct4,22.76,87.76,101.82,0.0,0
1998,女,pct4,20.43,85.43,93.55,0.0,0
1999,女,pct4,40.16,105.16,87.18,17.99,1
