年份,年龄组,性别,人数,情景
2026,0-4,男,83500.0,中
2026,0-4,女,76800.0,中
2026,5-9,男,124500.0,中
2026,5-9,女,115700.0,中
2026,10-14,男,149500.0,中
2026,10-14,女,138400.0,中
2026,15-19,男,149600.0,中
2026,15-19,女,139100.0,中
2026,20-24,男,147300.0,中
2026,20-24,女,145000.0,中
2026,25-29,男,183500.0,中
2026,25-29,女,172700.0,中
2026,30-34,男,227100.0,中
2026,30-34,女,221900.0,中
2026,35-39,男,238500.0,中
2026,35-39,女,246100.0,中
2026,40-44,男,241900.0,中
2026,40-44,女,274000.0,中
2026,45-49,男,234900.0,中
2026,45-49,女,289200.0,中
2026,50-54,男,244100.0,中
2026,50-54,女,307900.0,中
2026,55-59,男,243400.0,中
2026,55-59,女,314700.0,中
2026,60-64,男,281500.0,中
2026,60-64,女,339700.0,中
2026,65-69,男,291500.0,中
2026,65-69,女,309600.0,中
2026,70-74,男,226600.0,中
2026,70-74,女,248600.0,中
2026,75-79,男,164300.0,中
2026,75-79,女,182100.0,中
2026,80-84,男,78500.0,中
2026,80-84,女,89700.0,中
2026,85+,男,95900.0,中
2026,85+,女,145300.0,中
2027,0-4,男,84397.8,中
2027,0-4,女,78147.5,中
2027,5-9,男,116881.3,中
2027,5-9,女,108557.4,中
2027,10-14,男,145086.6,中
2027,10-14,女,134497.7,中
2027,15-19,男,151956.7,中
2027,15-19,女,141549.6,中
2027,20-24,男,150122.6,中
2027,20-24,女,146397.9,中
2027,25-29,男,178597.1,中
2027,25-29,女,169730.6,中
2027,30-34,男,220662.3,中
2027,30-34,女,214604.5,中
2027,35-39,男,238466.1,中
2027,35-39,女,243773.4,中
2027,40-44,男,243363.9,中
2027,40-44,女,270897.1,中
2027,45-49,男,237377.9,中
2027,45-49,女,287534.1,中
2027,50-54,男,243057.7,中
2027,50-54,女,305345.3,中
2027,55-59,男,243972.9,中
2027,55-59,女,314280.1,中
2027,60-64,男,273630.3,中
2027,60-64,女,335215.9,中
2027,65-69,男,287033.5,中
2027,65-69,女,314647.7,中
2027,70-74,男,236323.5,中
2027,70-74,女,259338.0,中
2027,75-79,男,173016.4,中
2027,75-79,女,193511.3,中
2027,80-84,男,92078.8,中
2027,80-84,女,106099.0,中
2027,85+,男,102061.9,中
2027,85+,女,151541.9,中
2028,0-4,男,85050.1,中
2028,0-4,女,79245.8,中
2028,5-9,男,109284.9,中
2028,5-9,女,101444.7,中
2028,10-14,男,140703.2,中
2028,10-14,女,130627.7,中
2028,15-19,男,154071.0,中
2028,15-19,女,143733.6,中
2028,20-24,男,153063.0,中
2028,20-24,女,147923.5,中
2028,25-29,男,173817.8,中
2028,25-29,女,166888.0,中
2028,30-34,男,214357.4,中
2028,30-34,女,207443.0,中
2028,35-39,男,238555.4,中
2028,35-39,女,241579.9,中
2028,40-44,男,244968.8,中
2028,40-44,女,267929.6,中
2028,45-49,男,240143.2,中
2028,45-49,女,286175.9,中
2028,50-54,男,242159.2,中
2028,50-54,女,302917.4,中
2028,55-59,男,244701.8,中
2028,55-59,女,313998.5,中
2028,60-64,男,266053.8,中
2028,60-64,女,330927.7,中
2028,65-69,男,283124.7,中
2028,65-69,女,319995.7,中
2028,70-74,男,246071.6,中
2028,70-74,女,270130.9,中
2028,75-79,男,181651.9,中
2028,75-79,女,204888.7,中
2028,80-84,男,104943.4,中
2028,80-84,女,122091.1,中
2028,85+,男,107042.1,中
2028,85+,女,156983.3,中
2029,0-4,男,85454.9,中
2029,0-4,女,80092.2,中
2029,5-9,男,101710.9,中
2029,5-9,女,94362.1,中
2029,10-14,男,136349.6,中
2029,10-14,女,126789.7,中
2029,15-19,男,155925.7,中
2029,15-19,女,145633.1,中
2029,20-24,男,156121.0,中
2029,20-24,女,149577.0,中
2029,25-29,男,169161.9,中
2029,25-29,女,164172.2,中
2029,30-34,男,208184.9,中
2029,30-34,女,200415.2,中
2029,35-39,男,238767.8,中
2029,35-39,女,239519.3,中
2029,40-44,男,246714.4,中
2029,40-44,女,265097.4,中
2029,45-49,男,243203.7,中
2029,45-49,女,285133.8,中
2029,50-54,男,241403.4,中
2029,50-54,女,300615.6,中
2029,55-59,男,245584.9,中
2029,55-59,女,313854.0,中
2029,60-64,男,258765.0,中
2029,60-64,女,326834.1,中
2029,65-69,男,279768.6,中
2029,65-69,女,325652.0,中
2029,70-74,男,255840.3,中
2029,70-74,女,280977.3,中
2029,75-79,男,190203.9,中
2029,75-79,女,216231.7,中
2029,80-84,男,117126.8,中
2029,80-84,女,137688.2,中
2029,85+,男,111000.1,中
2029,85+,女,161713.7,中
2030,0-4,男,85610.6,中
2030,0-4,女,80684.3,中
2030,5-9,男,94159.3,中
2030,5-9,女,87309.4,中
2030,10-14,男,132025.8,中
2030,10-14,女,122983.9,中
2030,15-19,男,157503.7,中
2030,15-19,女,147229.6,中
2030,20-24,男,159296.7,中
2030,20-24,女,151358.3,中
2030,25-29,男,164629.5,中
2030,25-29,女,161583.1,中
2030,30-34,男,202144.8,中
2030,30-34,女,193521.0,中
2030,35-39,男,239103.0,中
2030,35-39,女,237591.5,中
2030,40-44,男,248600.4,中
2030,40-44,女,262400.2,中
2030,45-49,男,246567.1,中
2030,45-49,女,284416.9,中
2030,50-54,男,240789.3,中
2030,50-54,女,298439.2,中
2030,55-59,男,246620.6,中
2030,55-59,女,313845.8,中
2030,60-64,男,251758.5,中
2030,60-64,女,322934.0,中
2030,65-69,男,276960.8,中
2030,65-69,女,331624.6,中
2030,70-74,男,265625.8,中
2030,70-74,女,291875.7,中
2030,75-79,男,198670.5,中
2030,75-79,女,227539.8,中
2030,80-84,男,128660.9,中
2030,80-84,女,152902.3,中
2030,85+,男,114075.8,中
2030,85+,女,165813.5,中
2031,0-4,男,85516.1,中
2031,0-4,女,81020.0,中
2031,5-9,男,86630.1,中
2031,5-9,女,80286.9,中
2031,10-14,男,127731.8,中
2031,10-14,女,119210.3,中
2031,15-19,男,158787.7,中
2031,15-19,女,148504.5,中
2031,20-24,男,162590.0,中
2031,20-24,女,153267.3,中
2031,25-29,男,160220.3,中
2031,25-29,女,159120.7,中
2031,30-34,男,196236.6,中
2031,30-34,女,186760.4,中
2031,35-39,男,239561.1,中
2031,35-39,女,235796.4,中
2031,40-44,男,250626.7,中
2031,40-44,女,259837.9,中
2031,45-49,男,250241.1,中
2031,45-49,女,284033.6,中
2031,50-54,男,240316.1,中
2031,50-54,女,296387.7,中
2031,55-59,男,247807.6,中
2031,55-59,女,313973.1,中
2031,60-64,男,245029.3,中
2031,60-64,女,319226.2,中
2031,65-69,男,274697.3,中
2031,65-69,女,337921.3,中
2031,70-74,男,275424.8,中
2031,70-74,女,302824.7,中
2031,75-79,男,207050.1,中
2031,75-79,女,238812.8,中
2031,80-84,男,139576.3,中
2031,80-84,女,167745.1,中
2031,85+,男,116392.4,中
2031,85+,女,169355.0,中
2032,0-4,男,84825.3,中
2032,0-4,女,80379.8,中
2032,5-9,男,87671.8,中
2032,5-9,女,81790.5,中
2032,10-14,男,120261.3,中
2032,10-14,女,112227.6,中
2032,15-19,男,154780.6,中
2032,15-19,女,145041.6,中
2032,20-24,男,165521.8,中
2032,20-24,女,156340.2,中
2032,25-29,男,163617.1,中
2032,25-29,女,161142.6,中
2032,30-34,男,191922.7,中
2032,30-34,女,184419.4,中
2032,35-39,男,233725.1,中
2032,35-39,女,229138.8,中
2032,40-44,男,251178.6,中
2032,40-44,女,258145.2,中
2032,45-49,男,252159.5,中
2032,45-49,女,281429.4,中
2032,50-54,男,243156.5,中
2032,50-54,女,295136.7,中
2032,55-59,男,247181.4,中
2032,55-59,女,311856.5,中
2032,60-64,男,246009.8,中
2032,60-64,女,319238.0,中
2032,65-69,男,267404.1,中
2032,65-69,女,333788.9,中
2032,70-74,男,271507.2,中
2032,70-74,女,307945.2,中
2032,75-79,男,216372.5,中
2032,75-79,女,249346.5,中
2032,80-84,男,147697.2,中
2032,80-84,女,178715.4,中
2032,85+,男,131303.8,中
2032,85+,女,188436.4,中
2033,0-4,男,84287.6,中
2033,0-4,女,79884.0,中
2033,5-9,男,88468.9,中
2033,5-9,女,83045.4,中
2033,10-14,男,112813.1,中
2033,10-14,女,105274.9,中
2033,15-19,男,150803.8,中
2033,15-19,女,141610.7,中
2033,20-24,男,168211.5,中
2033,20-24,女,159147.5,中
2033,25-29,男,167131.4,中
2033,25-29,女,163292.3,中
2033,30-34,男,187733.1,中
2033,30-34,女,182205.5,中
2033,35-39,男,228021.7,中
2033,35-39,女,222615.4,中
2033,40-44,男,251854.2,中
2033,40-44,女,256585.4,中
2033,45-49,男,254218.5,中
2033,45-49,女,278962.5,中
2033,50-54,男,246280.1,中
2033,50-54,女,294193.1,中
2033,55-59,男,246698.5,中
2033,55-59,女,309867.7,中
2033,60-64,男,247141.8,中
2033,60-64,女,319387.3,中
2033,65-69,男,260415.9,中
2033,65-69,女,329853.6,中
2033,70-74,男,268120.3,中
2033,70-74,女,313340.9,中
2033,75-79,男,225624.4,中
2033,75-79,女,259879.0,中
2033,80-84,男,155488.7,中
2033,80-84,女,189476.5,中
2033,85+,男,144390.0,中
2033,85+,女,205883.0,中
2034,0-4,男,83906.2,中
2034,0-4,女,79535.7,中
2034,5-9,男,89019.2,中
2034,5-9,女,84048.8,中
2034,10-14,男,105387.2,中
2034,10-14,女,98352.0,中
2034,15-19,男,146857.1,中
2034,15-19,女,138212.0,中
2034,20-24,男,170641.9,中
2034,20-24,女,161670.6,中
2034,25-29,男,170763.3,中
2034,25-29,女,165569.7,中
2034,30-34,男,183667.9,中
2034,30-34,女,180118.7,中
2034,35-39,男,222450.6,中
2034,35-39,女,216226.2,中
2034,40-44,男,252653.2,中
2034,40-44,女,255158.6,中
2034,45-49,男,256417.7,中
2034,45-49,女,276632.6,中
2034,50-54,男,249694.5,中
2034,50-54,女,293565.3,中
2034,55-59,男,246357.9,中
2034,55-59,女,308005.7,中
2034,60-64,男,248423.5,中
2034,60-64,女,319673.1,中
2034,65-69,男,253726.0,中
2034,65-69,女,326114.1,中
2034,70-74,男,265257.8,中
2034,70-74,女,319019.4,中
2034,75-79,男,234807.2,中
2034,75-79,女,270410.7,中
2034,80-84,男,162966.4,中
2034,80-84,女,200036.9,中
2034,85+,男,155856.6,中
2034,85+,女,221850.0,中
2035,0-4,男,83684.1,中
2035,0-4,女,79337.8,中
2035,5-9,男,89321.1,中
2035,5-9,女,84798.3,中
2035,10-14,男,97983.6,中
2035,10-14,女,91459.0,中
2035,15-19,男,142940.7,中
2035,15-19,女,134845.3,中
2035,20-24,男,172795.9,中
2035,20-24,女,163890.9,中
2035,25-29,男,174512.7,中
2035,25-29,女,167974.7,中
2035,30-34,男,179726.7,中
2035,30-34,女,178158.8,中
2035,35-39,男,217011.7,中
2035,35-39,女,209971.1,中
2035,40-44,男,253575.5,中
2035,40-44,女,253864.7,中
2035,45-49,男,258757.0,中
2035,45-49,女,274439.7,中
2035,50-54,男,253407.3,中
2035,50-54,女,293262.1,中
2035,55-59,男,246158.4,中
2035,55-59,女,306270.1,中
2035,60-64,男,249853.5,中
2035,60-64,女,320094.7,中
2035,65-69,男,247328.2,中
2035,65-69,女,322569.1,中
2035,70-74,男,262913.5,中
2035,70-74,女,324988.2,中
2035,75-79,男,243922.4,中
2035,75-79,女,280941.5,中
2035,80-84,男,170145.1,中
2035,80-84,女,210404.8,中
2035,85+,男,165886.8,中
2035,85+,女,236477.9,中
2036,0-4,男,83624.1,中
2036,0-4,女,79293.0,中
2036,5-9,男,89373.1,中
2036,5-9,女,85291.6,中
2036,10-14,男,90602.2,中
2036,10-14,女,84596.0,中
2036,15-19,男,139054.3,中
2036,15-19,女,131510.6,中
2036,20-24,男,174656.4,中
2036,20-24,女,165789.9,中
2036,25-29,男,178379.7,中
2036,25-29,女,170507.5,中
2036,30-34,男,175909.5,中
2036,30-34,女,176325.9,中
2036,35-39,男,211704.6,中
2036,35-39,女,203849.8,中
2036,40-44,男,254621.1,中
2036,40-44,女,252703.4,中
2036,45-49,男,261236.1,中
2036,45-49,女,272383.4,中
2036,50-54,男,257426.0,中
2036,50-54,女,293292.0,中
2036,55-59,男,246099.1,中
2036,55-59,女,304660.0,中
2036,60-64,男,251430.2,中
2036,60-64,女,320651.0,中
2036,65-69,男,241216.4,中
2036,65-69,女,319217.1,中
2036,70-74,男,261082.0,中
2036,70-74,女,331254.8,中
2036,75-79,男,252971.6,中
2036,75-79,女,291471.9,中
2036,80-84,男,177038.9,中
2036,80-84,女,220588.1,中
2036,85+,男,174643.7,中
2036,85+,女,249894.0,中
2037,0-4,男,83670.1,中
2037,0-4,女,79340.1,中
2037,5-9,男,88770.6,中
2037,5-9,女,84745.8,中
2037,10-14,男,91729.1,中
2037,10-14,女,86191.7,中
2037,15-19,男,131756.0,中
2037,15-19,女,124713.7,中
2037,20-24,男,170995.3,中
2037,20-24,女,162698.4,中
2037,25-29,男,181650.7,中
2037,25-29,女,173948.4,中
2037,30-34,男,179644.0,中
2037,30-34,女,178716.6,中
2037,35-39,男,207748.9,中
2037,35-39,女,201883.7,中
2037,40-44,男,249152.7,中
2037,40-44,女,246431.6,中
2037,45-49,男,262099.7,中
2037,45-49,女,271025.0,中
2037,50-54,男,259563.5,中
2037,50-54,女,290944.3,中
2037,55-59,男,249147.6,中
2037,55-59,女,303674.1,中
2037,60-64,男,251086.6,中
2037,60-64,女,318821.2,中
2037,65-69,男,242416.8,中
2037,65-69,女,319448.6,中
2037,70-74,男,254373.6,中
2037,70-74,女,327355.8,中
2037,75-79,男,249692.7,中
2037,75-79,女,296579.8,中
2037,80-84,男,185694.1,中
2037,80-84,女,230726.3,中
2037,85+,男,190840.3,中
2037,85+,女,273072.0,中
2038,0-4,男,83887.4,中
2038,0-4,女,79542.4,中
2038,5-9,男,88262.0,中
2038,5-9,女,84280.6,中
2038,10-14,男,92552.7,中
2038,10-14,女,87475.1,中
2038,15-19,男,124280.6,中
2038,15-19,女,117730.1,中
2038,20-24,男,167129.7,中
2038,20-24,女,159384.8,中
2038,25-29,男,184444.9,中
2038,25-29,女,176869.4,中
2038,30-34,男,183260.8,中
2038,30-34,女,180980.4,中
2038,35-39,男,203682.6,中
2038,35-39,女,199790.4,中
2038,40-44,男,243584.6,中
2038,40-44,女,240039.6,中
2038,45-49,男,262923.4,中
2038,45-49,女,269623.1,中
2038,50-54,男,261694.4,中
2038,50-54,女,288576.7,中
2038,55-59,男,252327.4,中
2038,55-59,女,302836.1,中
2038,60-64,男,250739.3,中
2038,60-64,女,316962.5,中
2038,65-69,男,243698.3,中
2038,65-69,女,319746.7,中
2038,70-74,男,247939.5,中
2038,70-74,女,323614.1,中
2038,75-79,男,246864.4,中
2038,75-79,女,301879.6,中
2038,80-84,男,193998.9,中
2038,80-84,女,240666.3,中
2038,85+,男,205288.1,中
2038,85+,女,294472.0,中
2039,0-4,男,84262.0,中
2039,0-4,女,79888.1,中
2039,5-9,男,87850.5,中
2039,5-9,女,83899.1,中
2039,10-14,男,93070.9,中
2039,10-14,女,88443.5,中
2039,15-19,男,116663.6,中
2039,15-19,女,110598.0,中
2039,20-24,男,163059.7,中
2039,20-24,女,155848.9,中
2039,25-29,男,186745.4,中
2039,25-29,女,179251.8,中
2039,30-34,男,186760.1,中
2039,30-34,女,183117.3,中
2039,35-39,男,199505.6,中
2039,35-39,女,197569.7,中
2039,40-44,男,237916.8,中
2039,40-44,女,233527.6,中
2039,45-49,男,263689.5,中
2039,45-49,女,268158.5,中
2039,50-54,男,263818.7,中
2039,50-54,女,286189.1,中
2039,55-59,男,255646.2,中
2039,55-59,女,302154.5,中
2039,60-64,男,250387.9,中
2039,60-64,女,315074.3,中
2039,65-69,男,245039.6,中
2039,65-69,女,320088.5,中
2039,70-74,男,241772.3,中
2039,70-74,女,320028.2,中
2039,75-79,男,244478.8,中
2039,75-79,女,307378.9,中
2039,80-84,男,201971.3,中
2039,80-84,女,250415.9,中
2039,85+,男,218164.7,中
2039,85+,女,314246.4,中
2040,0-4,男,84778.3,中
2040,0-4,女,80364.3,中
2040,5-9,男,87539.3,中
2040,5-9,女,83604.1,中
2040,10-14,男,93282.0,中
2040,10-14,女,89094.3,中
2040,15-19,男,108940.2,中
2040,15-19,女,103355.6,中
2040,20-24,男,158785.1,中
2040,20-24,女,152090.8,中
2040,25-29,男,188534.9,中
2040,25-29,女,181077.2,中
2040,30-34,男,190142.0,中
2040,30-34,女,185127.4,中
2040,35-39,男,195217.8,中
2040,35-39,女,195221.7,中
2040,40-44,男,232149.1,中
2040,40-44,女,226895.4,中
2040,45-49,男,264380.6,中
2040,45-49,女,266612.2,中
2040,50-54,男,265936.6,中
2040,50-54,女,283781.3,中
2040,55-59,男,259111.9,中
2040,55-59,女,301638.0,中
2040,60-64,男,250031.9,中
2040,60-64,女,313156.4,中
2040,65-69,男,246419.6,中
2040,65-69,女,320451.5,中
2040,70-74,男,235864.8,中
2040,70-74,女,316596.5,中
2040,75-79,男,242528.6,中
2040,75-79,女,313085.2,中
2040,80-84,男,209628.2,中
2040,80-84,女,259983.1,中
2040,85+,男,229628.7,中
2040,85+,女,332533.7,中
2041,0-4,男,85419.9,中
2041,0-4,女,80957.2,中
2041,5-9,男,87331.3,中
2041,5-9,女,83398.5,中
2041,10-14,男,93184.6,中
2041,10-14,女,89425.5,中
2041,15-19,男,101145.7,中
2041,15-19,女,96041.3,中
2041,20-24,男,154306.0,中
2041,20-24,女,148110.5,中
2041,25-29,男,189796.6,中
2041,25-29,女,182326.9,中
2041,30-34,男,193406.5,中
2041,30-34,女,187010.7,中
2041,35-39,男,190819.4,中
2041,35-39,女,192746.4,中
2041,40-44,男,226281.3,中
2041,40-44,女,220142.9,中
2041,45-49,男,264979.2,中
2041,45-49,女,264965.0,中
2041,50-54,男,268047.9,中
2041,50-54,女,281353.4,中
2041,55-59,男,262732.1,中
2041,55-59,女,301295.2,中
2041,60-64,男,249670.9,中
2041,60-64,女,311208.4,中
2041,65-69,男,247817.5,中
2041,65-69,女,320813.2,中
2041,70-74,男,230210.0,中
2041,70-74,女,313317.3,中
2041,75-79,男,241007.3,中
2041,75-79,女,319005.9,中
2041,80-84,男,216985.5,中
2041,80-84,女,269374.7,中
2041,85+,男,239822.8,中
2041,85+,女,349459.6,中
2042,0-4,男,86169.0,中
2042,0-4,女,81651.7,中
2042,5-9,男,87229.1,中
2042,5-9,女,83284.6,中
2042,10-14,男,92433.0,中
2042,10-14,女,88718.1,中
2042,15-19,男,101853.0,中
2042,15-19,女,97182.2,中
2042,20-24,男,146416.0,中
2042,20-24,女,140667.8,中
2042,25-29,男,185543.7,中
2042,25-29,女,178590.4,中
2042,30-34,男,196076.5,中
2042,30-34,女,189801.0,中
2042,35-39,男,193951.2,中
2042,35-39,女,194487.6,中
2042,40-44,男,221746.0,中
2042,40-44,女,217535.3,中
2042,45-49,男,259090.0,中
2042,45-49,女,258209.4,中
2042,50-54,男,268554.9,中
2042,50-54,女,279608.7,中
2042,55-59,男,264504.3,中
2042,55-59,女,298582.1,中
2042,60-64,男,252341.1,中
2042,60-64,女,309860.4,中
2042,65-69,男,247353.8,中
2042,65-69,女,318820.3,中
2042,70-74,男,231372.4,中
2042,70-74,女,313482.9,中
2042,75-79,男,234896.4,中
2042,75-79,女,315239.5,中
2042,80-84,男,214300.9,中
2042,80-84,女,274261.8,中
2042,85+,男,257267.9,中
2042,85+,女,374845.7,中
2043,0-4,男,86840.9,中
2043,0-4,女,82273.3,中
2043,5-9,男,87297.9,中
2043,5-9,女,83325.7,中
2043,10-14,男,91775.1,中
2043,10-14,女,88091.2,中
2043,15-19,男,102257.1,中
2043,15-19,女,98010.8,中
2043,20-24,男,138349.6,中
2043,20-24,女,133039.0,中
2043,25-29,男,181086.9,中
2043,25-29,女,174631.8,中
2043,30-34,男,198270.7,中
2043,30-34,女,192071.9,中
2043,35-39,男,196965.7,中
2043,35-39,女,196102.1,中
2043,40-44,男,217102.9,中
2043,40-44,女,214800.9,中
2043,45-49,男,253106.7,中
2043,45-49,女,251337.8,中
2043,50-54,男,269024.4,中
2043,50-54,女,277822.9,中
2043,55-59,男,266271.2,中
2043,55-59,女,295852.1,中
2043,60-64,男,255138.4,中
2043,60-64,女,308661.9,中
2043,65-69,男,246891.8,中
2043,65-69,女,316802.6,中
2043,70-74,男,232610.8,中
2043,70-74,女,313716.7,中
2043,75-79,男,229077.4,中
2043,75-79,女,311642.3,中
2043,80-84,男,212041.7,中
2043,80-84,女,279259.2,中
2043,85+,男,273056.2,中
2043,85+,女,398490.3,中
2044,0-4,男,87423.5,中
2044,0-4,女,82810.5,中
2044,5-9,男,87523.5,中
2044,5-9,女,83510.1,中
2044,10-14,男,91214.4,中
2044,10-14,女,87547.8,中
2044,15-19,男,102356.0,中
2044,15-19,女,98524.6,中
2044,20-24,男,130142.2,中
2044,20-24,女,125262.3,中
2044,25-29,男,176426.1,中
2044,25-29,女,170451.0,中
2044,30-34,男,199972.0,中
2044,30-34,女,193804.8,中
2044,35-39,男,199863.1,中
2044,35-39,女,197590.1,中
2044,40-44,男,212352.0,中
2044,40-44,女,211939.6,中
2044,45-49,男,247029.1,中
2044,45-49,女,244350.0,中
2044,50-54,男,269439.2,中
2044,50-54,女,275976.6,中
2044,55-59,男,268032.7,中
2044,55-59,女,293105.1,中
2044,60-64,男,258070.3,中
2044,60-64,女,307621.1,中
2044,65-69,男,246430.7,中
2044,65-69,女,314759.7,中
2044,70-74,男,233904.6,中
2044,70-74,女,313996.4,中
2044,75-79,男,223540.4,中
2044,75-79,女,308212.0,中
2044,80-84,男,210191.6,中
2044,80-84,女,284374.6,中
2044,85+,男,287349.6,中
2044,85+,女,420538.6,中
2045,0-4,男,87904.6,中
2045,0-4,女,83252.0,中
2045,5-9,男,87890.7,中
2045,5-9,女,83824.9,中
2045,10-14,男,90753.9,中
2045,10-14,女,87091.0,中
2045,15-19,男,102147.9,中
2045,15-19,女,98720.9,中
2045,20-24,男,121828.9,中
2045,20-24,女,117376.0,中
2045,25-29,男,171561.3,中
2045,25-29,女,166048.1,中
2045,30-34,男,201163.4,中
2045,30-34,女,194981.2,中
2045,35-39,男,202643.5,中
2045,35-39,女,198951.6,中
2045,40-44,男,207493.1,中
2045,40-44,女,208951.5,中
2045,45-49,男,240856.8,中
2045,45-49,女,237245.8,中
2045,50-54,男,269781.8,中
2045,50-54,女,274051.0,中
2045,55-59,男,269788.9,中
2045,55-59,女,290341.0,中
2045,60-64,男,261144.1,中
2045,60-64,女,306746.4,中
2045,65-69,男,245969.7,中
2045,65-69,女,312691.0,中
2045,70-74,男,235233.8,中
2045,70-74,女,314299.8,中
2045,75-79,男,218276.0,中
2045,75-79,女,304946.1,中
2045,80-84,男,208735.4,中
2045,80-84,女,289615.4,中
2045,85+,男,300293.3,中
2045,85+,女,441122.8,中
2046,0-4,男,88271.9,中
2046,0-4,女,83586.0,中
2046,5-9,男,88383.0,中
2046,5-9,女,84256.3,中
2046,10-14,男,90396.5,中
2046,10-14,女,86723.5,中
2046,15-19,男,101631.5,中
2046,15-19,女,98597.7,中
2046,20-24,男,113445.0,中
2046,20-24,女,109418.3,中
2046,25-29,男,166492.5,中
2046,25-29,女,161423.1,中
2046,30-34,男,201828.0,中
2046,30-34,女,195582.6,中
2046,35-39,男,205306.8,中
2046,35-39,女,200186.5,中
2046,40-44,男,202526.1,中
2046,40-44,女,205836.6,中
2046,45-49,男,234589.6,中
2046,45-49,女,230025.2,中
2046,50-54,男,270034.8,中
2046,50-54,女,272026.9,中
2046,55-59,男,271539.7,中
2046,55-59,女,287559.6,中
2046,60-64,男,264367.2,中
2046,60-64,女,306046.0,中
2046,65-69,男,245507.9,中
2046,65-69,女,310596.0,中
2046,70-74,男,236578.6,中
2046,70-74,女,314604.7,中
2046,75-79,男,213275.3,中
2046,75-79,女,301842.2,中
2046,80-84,男,207658.8,中
2046,80-84,女,294989.1,中
2046,85+,男,312017.9,中
2046,85+,女,460363.3,中
2047,0-4,男,88512.8,中
2047,0-4,女,83800.7,中
2047,5-9,男,88982.9,中
2047,5-9,女,84789.3,中
2047,10-14,男,90144.9,中
2047,10-14,女,86447.7,中
2047,15-19,男,100461.2,中
2047,15-19,女,97436.4,中
2047,20-24,男,113553.5,中
2047,20-24,女,109909.8,中
2047,25-29,男,158014.9,中
2047,25-29,女,153338.2,中
2047,30-34,男,196987.0,中
2047,30-34,女,191201.7,中
2047,35-39,男,207377.4,中
2047,35-39,女,202327.1,中
2047,40-44,男,205057.2,中
2047,40-44,女,206929.7,中
2047,45-49,男,229625.1,中
2047,45-49,女,226924.9,中
2047,50-54,男,263842.3,中
2047,50-54,女,264905.2,中
2047,55-59,男,271703.7,中
2047,55-59,女,285442.4,中
2047,60-64,男,265787.3,中
2047,60-64,女,302982.5,中
2047,65-69,男,247969.1,中
2047,65-69,女,309074.0,中
2047,70-74,男,236147.9,中
2047,70-74,女,312590.4,中
2047,75-79,男,214424.7,中
2047,75-79,女,301975.3,中
2047,80-84,男,202313.0,中
2047,80-84,女,291498.5,中
2047,85+,男,321562.6,中
2047,85+,女,483096.9,中
2048,0-4,男,88340.3,中
2048,0-4,女,83627.8,中
2048,5-9,男,89523.8,中
2048,5-9,女,85269.1,中
2048,10-14,男,90082.4,中
2048,10-14,女,86346.6,中
2048,15-19,男,99457.5,中
2048,15-19,女,96434.3,中
2048,20-24,男,113431.9,中
2048,20-24,女,110168.2,中
2048,25-29,男,149434.4,中
2048,25-29,女,145146.1,中
2048,30-34,男,192015.6,中
2048,30-34,女,186678.0,中
2048,35-39,男,209046.1,中
2048,35-39,女,204027.8,中
2048,40-44,男,207544.3,中
2048,40-44,女,207975.4,中
2048,45-49,男,224602.8,中
2048,45-49,女,223749.4,中
2048,50-54,男,257609.5,中
2048,50-54,女,257721.2,中
2048,55-59,男,271879.0,中
2048,55-59,女,283336.0,中
2048,60-64,男,267249.0,中
2048,60-64,女,299957.3,中
2048,65-69,男,250564.3,中
2048,65-69,女,307716.8,中
2048,70-74,男,235739.5,中
2048,70-74,女,310576.0,中
2048,75-79,男,215656.8,中
2048,75-79,女,302193.7,中
2048,80-84,男,197365.5,中
2048,80-84,女,288233.6,中
2048,85+,男,330495.4,中
2048,85+,女,504617.4,中
2049,0-4,男,87762.1,中
2049,0-4,女,83074.0,中
2049,5-9,男,89993.8,中
2049,5-9,女,85684.4,中
2049,10-14,男,90194.8,中
2049,10-14,女,86408.3,中
2049,15-19,男,98612.8,中
2049,15-19,女,95582.8,中
2049,20-24,男,113078.1,中
2049,20-24,女,110190.6,中
2049,25-29,男,140786.1,中
2049,25-29,女,136885.0,中
2049,30-34,男,186914.0,中
2049,30-34,女,182011.5,中
2049,35-39,男,210296.0,中
2049,35-39,女,205270.0,中
2049,40-44,男,209987.4,中
2049,40-44,女,208973.7,中
2049,45-49,男,219528.0,中
2049,45-49,女,220504.6,中
2049,50-54,男,251335.7,中
2049,50-54,女,250474.4,中
2049,55-59,男,272048.2,中
2049,55-59,女,281221.3,中
2049,60-64,男,268751.9,中
2049,60-64,女,296969.9,中
2049,65-69,男,253306.5,中
2049,65-69,女,306539.4,中
2049,70-74,男,235351.7,中
2049,70-74,女,308560.5,中
2049,75-79,男,216952.1,中
2049,75-79,女,302475.2,中
2049,80-84,男,192796.0,中
2049,80-84,女,285187.9,中
2049,85+,男,338883.5,中
2049,85+,女,525036.9,中
2050,0-4,男,86787.9,中
2050,0-4,女,82147.8,中
2050,5-9,男,90380.7,中
2050,5-9,女,86023.6,中
2050,10-14,男,90467.0,中
2050,10-14,女,86620.2,中
2050,15-19,男,97919.2,中
2050,15-19,女,94873.1,中
2050,20-24,男,112490.3,中
2050,20-24,女,109974.6,中
2050,25-29,男,132105.2,中
2050,25-29,女,128593.0,中
2050,30-34,男,181681.9,中
2050,30-34,女,177202.1,中
2050,35-39,男,211109.9,中
2050,35-39,女,206035.4,中
2050,40-44,男,212386.4,中
2050,40-44,女,209924.6,中
2050,45-49,男,214405.9,中
2050,45-49,女,217196.2,中
2050,50-54,男,245020.3,中
2050,50-54,女,243164.6,中
2050,55-59,男,272193.8,中
2050,55-59,女,279079.3,中
2050,60-64,男,270295.8,中
2050,60-64,女,294020.0,中
2050,65-69,男,256208.7,中
2050,65-69,女,305556.2,中
2050,70-74,男,234983.1,中
2050,70-74,女,306543.2,中
2050,75-79,男,218291.6,中
2050,75-79,女,302798.1,中
2050,80-84,男,188585.6,中
2050,80-84,女,282355.5,中
2050,85+,男,346787.6,中
2050,85+,女,544457.6,中
2051,0-4,男,85428.9,中
2051,0-4,女,80859.2,中
2051,5-9,男,90672.1,中
2051,5-9,女,86275.1,中
2051,10-14,男,90882.5,中
2051,10-14,女,86968.3,中
2051,15-19,男,97368.6,中
2051,15-19,女,94295.9,中
2051,20-24,男,111667.2,中
2051,20-24,女,109518.0,中
2051,25-29,男,123426.9,中
2051,25-29,女,120308.3,中
2051,30-34,男,176319.3,中
2051,30-34,女,172249.8,中
2051,35-39,男,211471.0,中
2051,35-39,女,206305.2,中
2051,40-44,男,214741.5,中
2051,40-44,女,210828.1,中
2051,45-49,男,209241.5,中
2051,45-49,女,213830.1,中
2051,50-54,男,238662.9,中
2051,50-54,女,235791.4,中
2051,55-59,男,272298.5,中
2051,55-59,女,276890.7,中
2051,60-64,男,271880.4,中
2051,60-64,女,291107.3,中
2051,65-69,男,259283.7,中
2051,65-69,女,304782.1,中
2051,70-74,男,234632.2,中
2051,70-74,女,304522.9,中
2051,75-79,男,219656.7,中
2051,75-79,女,303141.0,中
2051,80-84,男,184716.6,中
2051,80-84,女,279730.9,中
2051,85+,男,354262.3,中
2051,85+,女,562973.0,中
2052,0-4,男,83698.0,中
2052,0-4,女,79220.1,中
2052,5-9,男,90855.5,中
2052,5-9,女,86427.1,中
2052,10-14,男,91423.7,中
2052,10-14,女,87437.7,中
2052,15-19,男,96952.9,中
2052,15-19,女,93842.0,中
2052,20-24,男,110263.6,中
2052,20-24,女,108102.7,中
2052,25-29,男,123301.8,中
2052,25-29,女,120545.4,中
2052,30-34,男,167622.5,中
2052,30-34,女,163917.5,中
2052,35-39,男,206411.2,中
2052,35-39,女,201677.2,中
2052,40-44,男,216578.7,中
2052,40-44,女,212714.3,中
2052,45-49,男,211590.8,中
2052,45-49,女,214728.5,中
2052,50-54,男,233608.8,中
2052,50-54,女,232553.8,中
2052,55-59,男,266071.3,中
2052,55-59,女,269672.2,中
2052,60-64,男,271948.3,中
2052,60-64,女,288875.5,中
2052,65-69,男,260657.4,中
2052,65-69,女,301706.9,中
2052,70-74,男,237061.9,中
2052,70-74,女,303038.2,中
2052,75-79,男,219379.4,中
2052,75-79,女,301236.9,中
2052,80-84,男,185880.1,中
2052,80-84,女,279957.4,中
2052,85+,男,356812.8,中
2052,85+,女,576886.1,中
2053,0-4,男,81862.5,中
2053,0-4,女,77482.1,中
2053,5-9,男,90626.3,中
2053,5-9,女,86191.7,中
2053,10-14,男,91905.9,中
2053,10-14,女,87854.0,中
2053,15-19,男,96726.2,中
2053,15-19,女,93562.7,中
2053,20-24,男,109026.5,中
2053,20-24,女,106846.7,中
2053,25-29,男,122946.7,中
2053,25-29,女,120549.5,中
2053,30-34,男,158823.8,中
2053,30-34,女,155478.6,中
2053,35-39,男,201221.5,中
2053,35-39,女,196906.6,中
2053,40-44,男,218015.2,中
2053,40-44,女,214161.4,中
2053,45-49,男,213896.1,中
2053,45-49,女,215580.0,中
2053,50-54,男,228503.2,中
2053,50-54,女,229243.3,中
2053,55-59,男,259812.7,中
2053,55-59,女,262396.2,中
2053,60-64,男,272030.2,中
2053,60-64,女,286659.1,中
2053,65-69,男,262073.6,中
2053,65-69,女,298674.5,中
2053,70-74,男,239615.5,中
2053,70-74,女,301722.4,中
2053,75-79,男,219132.0,中
2053,75-79,女,299346.1,中
2053,80-84,男,187113.2,中
2053,80-84,女,280277.0,中
2053,85+,男,359480.6,中
2053,85+,女,590376.5,中
2054,0-4,男,79928.6,中
2054,0-4,女,75651.2,中
2054,5-9,男,89992.1,中
2054,5-9,女,85575.7,中
2054,10-14,男,92317.2,中
2054,10-14,女,88205.7,中
2054,15-19,男,96674.3,中
2054,15-19,女,93446.2,中
2054,20-24,男,107948.1,中
2054,20-24,女,105741.2,中
2054,25-29,男,122359.5,中
2054,25-29,女,120317.8,中
2054,30-34,男,149958.2,中
2054,30-34,女,146971.0,中
2054,35-39,男,195901.7,中
2054,35-39,女,191993.6,中
2054,40-44,男,219034.0,中
2054,40-44,女,215150.7,中
2054,45-49,男,216157.6,中
2054,45-49,女,216384.7,中
2054,50-54,男,223351.2,中
2054,50-54,女,225865.8,中
2054,55-59,男,253521.9,中
2054,55-59,女,255062.3,中
2054,60-64,男,272108.9,中
2054,60-64,女,284439.2,中
2054,65-69,男,263531.9,中
2054,65-69,女,295684.4,中
2054,70-74,男,242305.0,中
2054,70-74,女,300589.2,中
2054,75-79,男,218912.2,中
2054,75-79,女,297467.1,中
2054,80-84,男,188397.8,中
2054,80-84,女,280667.9,中
2054,85+,男,362263.8,中
2054,85+,女,603491.4,中
2055,0-4,男,77903.1,中
2055,0-4,女,73733.8,中
2055,5-9,男,88962.3,中
2055,5-9,女,84587.4,中
2055,10-14,男,92645.5,中
2055,10-14,女,88481.3,中
2055,15-19,男,96782.1,中
2055,15-19,女,93479.8,中
2055,20-24,男,107020.7,中
2055,20-24,女,104777.3,中
2055,25-29,男,121538.7,中
2055,25-29,女,119847.8,中
2055,30-34,男,141060.9,中
2055,30-34,女,138433.0,中
2055,35-39,男,190451.8,中
2055,35-39,女,186938.0,中
2055,40-44,男,219618.3,中
2055,40-44,女,215663.8,中
2055,45-49,男,218375.1,中
2055,45-49,女,217142.4,中
2055,50-54,男,218157.8,中
2055,50-54,女,222427.0,中
2055,55-59,男,247197.9,中
2055,55-59,女,247670.0,中
2055,60-64,男,272167.4,中
2055,60-64,女,282196.8,中
2055,65-69,男,265031.8,中
2055,65-69,女,292736.1,中
2055,70-74,男,245142.4,中
2055,70-74,女,299652.3,中
2055,75-79,男,218717.7,中
2055,75-79,女,295598.3,中
2055,80-84,男,189716.6,中
2055,80-84,女,281109.0,中
2055,85+,男,365160.6,中
2055,85+,女,616274.4,中
2056,0-4,男,75793.6,中
2056,0-4,女,71737.2,中
2056,5-9,男,87548.1,中
2056,5-9,女,83237.0,中
2056,10-14,男,92878.3,中
2056,10-14,女,88669.4,中
2056,15-19,男,97033.0,中
2056,15-19,女,93649.5,中
2056,20-24,男,106236.2,中
2056,20-24,女,103945.9,中
2056,25-29,男,120482.8,中
2056,25-29,女,119137.4,中
2056,30-34,男,132166.7,中
2056,30-34,女,129902.6,中
2056,35-39,男,184871.7,中
2056,35-39,女,181739.7,中
2056,40-44,男,219751.2,中
2056,40-44,女,215682.2,中
2056,45-49,男,220548.8,中
2056,45-49,女,217853.3,中
2056,50-54,男,212927.9,中
2056,50-54,女,218932.6,中
2056,55-59,男,240840.1,中
2056,55-59,女,240218.8,中
2056,60-64,男,272188.5,中
2056,60-64,女,279913.1,中
2056,65-69,男,266572.9,中
2056,65-69,女,289829.2,中
2056,70-74,男,248139.4,中
2056,70-74,女,298925.3,中
2056,75-79,男,218546.5,中
2056,75-79,女,293738.3,中
2056,80-84,男,191053.0,中
2056,80-84,女,281579.6,中
2056,85+,男,368169.7,中
2056,85+,女,628765.5,中
