年份,情景,上下限制度,是否模型默认,有关入息下限_港元每月,有关入息上限_港元每月,上下限生效说明,雇员强制费率,雇主强制费率,强积金覆盖率,劳动年龄人口_万人,劳动参与率,就业率,缴费人数_万人,平均有关入息_港元每月,年强制性供款_亿港元,自愿性供款占比,年自愿性供款_亿港元,年总供款_亿港元,取消对冲生效日,取消对冲处理,校准锚点说明,真实或假设,来源或假设
2026,低,拟调整_默认,是,10500,40000,模型默认采用拟调整值10500/40000（积金局检讨/劳顾会咨询口径；尚未立法）,0.05,0.05,0.85,464.21,0.56,0.97,232.0884,22000.0,612.71,0.26,215.28,827.99,2025-05-01,[真实数据] 2025-05-01起雇主强制供款不得对冲转制后服务年资遣散费/长服金；本表以参数记录断点，量化漏损衰减见领取/资产层,[真实数据] 2025-26财年总供款912.3亿；自愿占比约26%；2026Q2总供款234.0亿；覆盖率85%为[假设],混合,[混合] 费率与现行/拟议上下限为制度/公开检讨锚点；缴费人数=劳动人口×LFPR×就业×覆盖[假设路径]；平均入息与人数经总供款量级校准；人口来自队列成分法
2026,低,现行_对照,否,7100,30000,现行条例7100/30000（约2013/2014年起），作对照情景,0.05,0.05,0.85,464.21,0.56,0.97,232.0884,18500.0,515.24,0.26,181.03,696.27,2025-05-01,[真实数据] 2025-05-01起雇主强制供款不得对冲转制后服务年资遣散费/长服金；本表以参数记录断点，量化漏损衰减见领取/资产层,[真实数据] 2025-26财年总供款912.3亿；自愿占比约26%；2026Q2总供款234.0亿；覆盖率85%为[假设],混合,[混合] 费率与现行/拟议上下限为制度/公开检讨锚点；缴费人数=劳动人口×LFPR×就业×覆盖[假设路径]；平均入息与人数经总供款量级校准；人口来自队列成分法
2027,低,拟调整_默认,是,10500,40000,模型默认采用拟调整值10500/40000（积金局检讨/劳顾会咨询口径；尚未立法）,0.05,0.05,0.85,459.777,0.5585,0.97,229.2563,22440.0,617.34,0.26,216.9,834.25,2025-05-01,[真实数据] 2025-05-01起雇主强制供款不得对冲转制后服务年资遣散费/长服金；本表以参数记录断点，量化漏损衰减见领取/资产层,[真实数据] 2025-26财年总供款912.3亿；自愿占比约26%；2026Q2总供款234.0亿；覆盖率85%为[假设],混合,[混合] 费率与现行/拟议上下限为制度/公开检讨锚点；缴费人数=劳动人口×LFPR×就业×覆盖[假设路径]；平均入息与人数经总供款量级校准；人口来自队列成分法
2027,低,现行_对照,否,7100,30000,现行条例7100/30000（约2013/2014年起），作对照情景,0.05,0.05,0.85,459.777,0.5585,0.97,229.2563,18870.0,519.13,0.26,182.4,701.52,2025-05-01,[真实数据] 2025-05-01起雇主强制供款不得对冲转制后服务年资遣散费/长服金；本表以参数记录断点，量化漏损衰减见领取/资产层,[真实数据] 2025-26财年总供款912.3亿；自愿占比约26%；2026Q2总供款234.0亿；覆盖率85%为[假设],混合,[混合] 费率与现行/拟议上下限为制度/公开检讨锚点；缴费人数=劳动人口×LFPR×就业×覆盖[假设路径]；平均入息与人数经总供款量级校准；人口来自队列成分法
2028,低,拟调整_默认,是,10500,40000,模型默认采用拟调整值10500/40000（积金局检讨/劳顾会咨询口径；尚未立法）,0.05,0.05,0.85,455.5392,0.557,0.97,226.5332,22888.8,622.21,0.26,218.61,840.82,2025-05-01,[真实数据] 2025-05-01起雇主强制供款不得对冲转制后服务年资遣散费/长服金；本表以参数记录断点，量化漏损衰减见领取/资产层,[真实数据] 2025-26财年总供款912.3亿；自愿占比约26%；2026Q2总供款234.0亿；覆盖率85%为[假设],混合,[混合] 费率与现行/拟议上下限为制度/公开检讨锚点；缴费人数=劳动人口×LFPR×就业×覆盖[假设路径]；平均入息与人数经总供款量级校准；人口来自队列成分法
2028,低,现行_对照,否,7100,30000,现行条例7100/30000（约2013/2014年起），作对照情景,0.05,0.05,0.85,455.5392,0.557,0.97,226.5332,19247.4,523.22,0.26,183.83,707.06,2025-05-01,[真实数据] 2025-05-01起雇主强制供款不得对冲转制后服务年资遣散费/长服金；本表以参数记录断点，量化漏损衰减见领取/资产层,[真实数据] 2025-26财年总供款912.3亿；自愿占比约26%；2026Q2总供款234.0亿；覆盖率85%为[假设],混合,[混合] 费率与现行/拟议上下限为制度/公开检讨锚点；缴费人数=劳动人口×LFPR×就业×覆盖[假设路径]；平均入息与人数经总供款量级校准；人口来自队列成分法
2029,低,拟调整_默认,是,10500,40000,模型默认采用拟调整值10500/40000（积金局检讨/劳顾会咨询口径；尚未立法）,0.05,0.05,0.85,451.4937,0.5555,0.97,223.9168,23346.6,627.32,0.26,220.41,847.73,2025-05-01,[真实数据] 2025-05-01起雇主强制供款不得对冲转制后服务年资遣散费/长服金；本表以参数记录断点，量化漏损衰减见领取/资产层,[真实数据] 2025-26财年总供款912.3亿；自愿占比约26%；2026Q2总供款234.0亿；覆盖率85%为[假设],混合,[混合] 费率与现行/拟议上下限为制度/公开检讨锚点；缴费人数=劳动人口×LFPR×就业×覆盖[假设路径]；平均入息与人数经总供款量级校准；人口来自队列成分法
2029,低,现行_对照,否,7100,30000,现行条例7100/30000（约2013/2014年起），作对照情景,0.05,0.05,0.85,451.4937,0.5555,0.97,223.9168,19632.3,527.52,0.26,185.35,712.87,2025-05-01,[真实数据] 2025-05-01起雇主强制供款不得对冲转制后服务年资遣散费/长服金；本表以参数记录断点，量化漏损衰减见领取/资产层,[真实数据] 2025-26财年总供款912.3亿；自愿占比约26%；2026Q2总供款234.0亿；覆盖率85%为[假设],混合,[混合] 费率与现行/拟议上下限为制度/公开检讨锚点；缴费人数=劳动人口×LFPR×就业×覆盖[假设路径]；平均入息与人数经总供款量级校准；人口来自队列成分法
2030,低,拟调整_默认,是,10500,40000,模型默认采用拟调整值10500/40000（积金局检讨/劳顾会咨询口径；尚未立法）,0.05,0.05,0.85,447.638,0.554,0.97,221.4051,23813.5,632.69,0.26,222.3,854.99,2025-05-01,[真实数据] 2025-05-01起雇主强制供款不得对冲转制后服务年资遣散费/长服金；本表以参数记录断点，量化漏损衰减见领取/资产层,[真实数据] 2025-26财年总供款912.3亿；自愿占比约26%；2026Q2总供款234.0亿；覆盖率85%为[假设],混合,[混合] 费率与现行/拟议上下限为制度/公开检讨锚点；缴费人数=劳动人口×LFPR×就业×覆盖[假设路径]；平均入息与人数经总供款量级校准；人口来自队列成分法
2030,低,现行_对照,否,7100,30000,现行条例7100/30000（约2013/2014年起），作对照情景,0.05,0.05,0.85,447.638,0.554,0.97,221.4051,20025.0,532.04,0.26,186.93,718.97,2025-05-01,[真实数据] 2025-05-01起雇主强制供款不得对冲转制后服务年资遣散费/长服金；本表以参数记录断点，量化漏损衰减见领取/资产层,[真实数据] 2025-26财年总供款912.3亿；自愿占比约26%；2026Q2总供款234.0亿；覆盖率85%为[假设],混合,[混合] 费率与现行/拟议上下限为制度/公开检讨锚点；缴费人数=劳动人口×LFPR×就业×覆盖[假设路径]；平均入息与人数经总供款量级校准；人口来自队列成分法
2031,低,拟调整_默认,是,10500,40000,模型默认采用拟调整值10500/40000（积金局检讨/劳顾会咨询口径；尚未立法）,0.05,0.05,0.85,443.9694,0.5525,0.97,218.996,24289.8,638.32,0.26,224.28,862.6,2025-05-01,[真实数据] 2025-05-01起雇主强制供款不得对冲转制后服务年资遣散费/长服金；本表以参数记录断点，量化漏损衰减见领取/资产层,[真实数据] 2025-26财年总供款912.3亿；自愿占比约26%；2026Q2总供款234.0亿；覆盖率85%为[假设],混合,[混合] 费率与现行/拟议上下限为制度/公开检讨锚点；缴费人数=劳动人口×LFPR×就业×覆盖[假设路径]；平均入息与人数经总供款量级校准；人口来自队列成分法
2031,低,现行_对照,否,7100,30000,现行条例7100/30000（约2013/2014年起），作对照情景,0.05,0.05,0.85,443.9694,0.5525,0.97,218.996,20425.5,536.77,0.26,188.6,725.37,2025-05-01,[真实数据] 2025-05-01起雇主强制供款不得对冲转制后服务年资遣散费/长服金；本表以参数记录断点，量化漏损衰减见领取/资产层,[真实数据] 2025-26财年总供款912.3亿；自愿占比约26%；2026Q2总供款234.0亿；覆盖率85%为[假设],混合,[混合] 费率与现行/拟议上下限为制度/公开检讨锚点；缴费人数=劳动人口×LFPR×就业×覆盖[假设路径]；平均入息与人数经总供款量级校准；人口来自队列成分法
2032,低,拟调整_默认,是,10500,40000,模型默认采用拟调整值10500/40000（积金局检讨/劳顾会咨询口径；尚未立法）,0.05,0.05,0.85,440.7369,0.551,0.97,216.8113,24775.6,644.59,0.26,226.48,871.07,2025-05-01,[真实数据] 2025-05-01起雇主强制供款不得对冲转制后服务年资遣散费/长服金；本表以参数记录断点，量化漏损衰减见领取/资产层,[真实数据] 2025-26财年总供款912.3亿；自愿占比约26%；2026Q2总供款234.0亿；覆盖率85%为[假设],混合,[混合] 费率与现行/拟议上下限为制度/公开检讨锚点；缴费人数=劳动人口×LFPR×就业×覆盖[假设路径]；平均入息与人数经总供款量级校准；人口来自队列成分法
2032,低,现行_对照,否,7100,30000,现行条例7100/30000（约2013/2014年起），作对照情景,0.05,0.05,0.85,440.7369,0.551,0.97,216.8113,20834.0,542.05,0.26,190.45,732.49,2025-05-01,[真实数据] 2025-05-01起雇主强制供款不得对冲转制后服务年资遣散费/长服金；本表以参数记录断点，量化漏损衰减见领取/资产层,[真实数据] 2025-26财年总供款912.3亿；自愿占比约26%；2026Q2总供款234.0亿；覆盖率85%为[假设],混合,[混合] 费率与现行/拟议上下限为制度/公开检讨锚点；缴费人数=劳动人口×LFPR×就业×覆盖[假设路径]；平均入息与人数经总供款量级校准；人口来自队列成分法
2033,低,拟调整_默认,是,10500,40000,模型默认采用拟调整值10500/40000（积金局检讨/劳顾会咨询口径；尚未立法）,0.05,0.05,0.85,437.6587,0.5495,0.97,214.7109,25271.1,651.12,0.26,228.77,879.89,2025-05-01,[真实数据] 2025-05-01起雇主强制供款不得对冲转制后服务年资遣散费/长服金；本表以参数记录断点，量化漏损衰减见领取/资产层,[真实数据] 2025-26财年总供款912.3亿；自愿占比约26%；2026Q2总供款234.0亿；覆盖率85%为[假设],混合,[混合] 费率与现行/拟议上下限为制度/公开检讨锚点；缴费人数=劳动人口×LFPR×就业×覆盖[假设路径]；平均入息与人数经总供款量级校准；人口来自队列成分法
2033,低,现行_对照,否,7100,30000,现行条例7100/30000（约2013/2014年起），作对照情景,0.05,0.05,0.85,437.6587,0.5495,0.97,214.7109,21250.7,547.53,0.26,192.38,739.91,2025-05-01,[真实数据] 2025-05-01起雇主强制供款不得对冲转制后服务年资遣散费/长服金；本表以参数记录断点，量化漏损衰减见领取/资产层,[真实数据] 2025-26财年总供款912.3亿；自愿占比约26%；2026Q2总供款234.0亿；覆盖率85%为[假设],混合,[混合] 费率与现行/拟议上下限为制度/公开检讨锚点；缴费人数=劳动人口×LFPR×就业×覆盖[假设路径]；平均入息与人数经总供款量级校准；人口来自队列成分法
2034,低,拟调整_默认,是,10500,40000,模型默认采用拟调整值10500/40000（积金局检讨/劳顾会咨询口径；尚未立法）,0.05,0.05,0.85,434.7327,0.548,0.97,212.6933,25776.5,657.9,0.26,231.15,889.05,2025-05-01,[真实数据] 2025-05-01起雇主强制供款不得对冲转制后服务年资遣散费/长服金；本表以参数记录断点，量化漏损衰减见领取/资产层,[真实数据] 2025-26财年总供款912.3亿；自愿占比约26%；2026Q2总供款234.0亿；覆盖率85%为[假设],混合,[混合] 费率与现行/拟议上下限为制度/公开检讨锚点；缴费人数=劳动人口×LFPR×就业×覆盖[假设路径]；平均入息与人数经总供款量级校准；人口来自队列成分法
2034,低,现行_对照,否,7100,30000,现行条例7100/30000（约2013/2014年起），作对照情景,0.05,0.05,0.85,434.7327,0.548,0.97,212.6933,21675.7,553.23,0.26,194.38,747.61,2025-05-01,[真实数据] 2025-05-01起雇主强制供款不得对冲转制后服务年资遣散费/长服金；本表以参数记录断点，量化漏损衰减见领取/资产层,[真实数据] 2025-26财年总供款912.3亿；自愿占比约26%；2026Q2总供款234.0亿；覆盖率85%为[假设],混合,[混合] 费率与现行/拟议上下限为制度/公开检讨锚点；缴费人数=劳动人口×LFPR×就业×覆盖[假设路径]；平均入息与人数经总供款量级校准；人口来自队列成分法
2035,低,拟调整_默认,是,10500,40000,模型默认采用拟调整值10500/40000（积金局检讨/劳顾会咨询口径；尚未立法）,0.05,0.05,0.85,431.957,0.5465,0.97,210.7568,26292.0,664.95,0.26,233.63,898.58,2025-05-01,[真实数据] 2025-05-01起雇主强制供款不得对冲转制后服务年资遣散费/长服金；本表以参数记录断点，量化漏损衰减见领取/资产层,[真实数据] 2025-26财年总供款912.3亿；自愿占比约26%；2026Q2总供款234.0亿；覆盖率85%为[假设],混合,[混合] 费率与现行/拟议上下限为制度/公开检讨锚点；缴费人数=劳动人口×LFPR×就业×覆盖[假设路径]；平均入息与人数经总供款量级校准；人口来自队列成分法
2035,低,现行_对照,否,7100,30000,现行条例7100/30000（约2013/2014年起），作对照情景,0.05,0.05,0.85,431.957,0.5465,0.97,210.7568,22109.2,559.16,0.26,196.46,755.62,2025-05-01,[真实数据] 2025-05-01起雇主强制供款不得对冲转制后服务年资遣散费/长服金；本表以参数记录断点，量化漏损衰减见领取/资产层,[真实数据] 2025-26财年总供款912.3亿；自愿占比约26%；2026Q2总供款234.0亿；覆盖率85%为[假设],混合,[混合] 费率与现行/拟议上下限为制度/公开检讨锚点；缴费人数=劳动人口×LFPR×就业×覆盖[假设路径]；平均入息与人数经总供款量级校准；人口来自队列成分法
2036,低,拟调整_默认,是,10500,40000,模型默认采用拟调整值10500/40000（积金局检讨/劳顾会咨询口径；尚未立法）,0.05,0.05,0.85,429.3295,0.545,0.97,208.8998,26817.9,672.27,0.26,236.2,908.47,2025-05-01,[真实数据] 2025-05-01起雇主强制供款不得对冲转制后服务年资遣散费/长服金；本表以参数记录断点，量化漏损衰减见领取/资产层,[真实数据] 2025-26财年总供款912.3亿；自愿占比约26%；2026Q2总供款234.0亿；覆盖率85%为[假设],混合,[混合] 费率与现行/拟议上下限为制度/公开检讨锚点；缴费人数=劳动人口×LFPR×就业×覆盖[假设路径]；平均入息与人数经总供款量级校准；人口来自队列成分法
2036,低,现行_对照,否,7100,30000,现行条例7100/30000（约2013/2014年起），作对照情景,0.05,0.05,0.85,429.3295,0.545,0.97,208.8998,22551.4,565.32,0.26,198.63,763.94,2025-05-01,[真实数据] 2025-05-01起雇主强制供款不得对冲转制后服务年资遣散费/长服金；本表以参数记录断点，量化漏损衰减见领取/资产层,[真实数据] 2025-26财年总供款912.3亿；自愿占比约26%；2026Q2总供款234.0亿；覆盖率85%为[假设],混合,[混合] 费率与现行/拟议上下限为制度/公开检讨锚点；缴费人数=劳动人口×LFPR×就业×覆盖[假设路径]；平均入息与人数经总供款量级校准；人口来自队列成分法
2037,低,拟调整_默认,是,10500,40000,模型默认采用拟调整值10500/40000（积金局检讨/劳顾会咨询口径；尚未立法）,0.05,0.05,0.85,425.0662,0.5435,0.97,206.2562,27354.2,677.04,0.26,237.88,914.92,2025-05-01,[真实数据] 2025-05-01起雇主强制供款不得对冲转制后服务年资遣散费/长服金；本表以参数记录断点，量化漏损衰减见领取/资产层,[真实数据] 2025-26财年总供款912.3亿；自愿占比约26%；2026Q2总供款234.0亿；覆盖率85%为[假设],混合,[混合] 费率与现行/拟议上下限为制度/公开检讨锚点；缴费人数=劳动人口×LFPR×就业×覆盖[假设路径]；平均入息与人数经总供款量级校准；人口来自队列成分法
2037,低,现行_对照,否,7100,30000,现行条例7100/30000（约2013/2014年起），作对照情景,0.05,0.05,0.85,425.0662,0.5435,0.97,206.2562,23002.4,569.33,0.26,200.03,769.36,2025-05-01,[真实数据] 2025-05-01起雇主强制供款不得对冲转制后服务年资遣散费/长服金；本表以参数记录断点，量化漏损衰减见领取/资产层,[真实数据] 2025-26财年总供款912.3亿；自愿占比约26%；2026Q2总供款234.0亿；覆盖率85%为[假设],混合,[混合] 费率与现行/拟议上下限为制度/公开检讨锚点；缴费人数=劳动人口×LFPR×就业×覆盖[假设路径]；平均入息与人数经总供款量级校准；人口来自队列成分法
2038,低,拟调整_默认,是,10500,40000,模型默认采用拟调整值10500/40000（积金局检讨/劳顾会咨询口径；尚未立法）,0.05,0.05,0.85,420.6478,0.542,0.97,203.5489,27901.3,681.51,0.26,239.45,920.96,2025-05-01,[真实数据] 2025-05-01起雇主强制供款不得对冲转制后服务年资遣散费/长服金；本表以参数记录断点，量化漏损衰减见领取/资产层,[真实数据] 2025-26财年总供款912.3亿；自愿占比约26%；2026Q2总供款234.0亿；覆盖率85%为[假设],混合,[混合] 费率与现行/拟议上下限为制度/公开检讨锚点；缴费人数=劳动人口×LFPR×就业×覆盖[假设路径]；平均入息与人数经总供款量级校准；人口来自队列成分法
2038,低,现行_对照,否,7100,30000,现行条例7100/30000（约2013/2014年起），作对照情景,0.05,0.05,0.85,420.6478,0.542,0.97,203.5489,23462.5,573.09,0.26,201.36,774.45,2025-05-01,[真实数据] 2025-05-01起雇主强制供款不得对冲转制后服务年资遣散费/长服金；本表以参数记录断点，量化漏损衰减见领取/资产层,[真实数据] 2025-26财年总供款912.3亿；自愿占比约26%；2026Q2总供款234.0亿；覆盖率85%为[假设],混合,[混合] 费率与现行/拟议上下限为制度/公开检讨锚点；缴费人数=劳动人口×LFPR×就业×覆盖[假设路径]；平均入息与人数经总供款量级校准；人口来自队列成分法
2039,低,拟调整_默认,是,10500,40000,模型默认采用拟调整值10500/40000（积金局检讨/劳顾会咨询口径；尚未立法）,0.05,0.05,0.85,416.0752,0.5405,0.97,200.7791,28459.3,685.68,0.26,240.92,926.6,2025-05-01,[真实数据] 2025-05-01起雇主强制供款不得对冲转制后服务年资遣散费/长服金；本表以参数记录断点，量化漏损衰减见领取/资产层,[真实数据] 2025-26财年总供款912.3亿；自愿占比约26%；2026Q2总供款234.0亿；覆盖率85%为[假设],混合,[混合] 费率与现行/拟议上下限为制度/公开检讨锚点；缴费人数=劳动人口×LFPR×就业×覆盖[假设路径]；平均入息与人数经总供款量级校准；人口来自队列成分法
2039,低,现行_对照,否,7100,30000,现行条例7100/30000（约2013/2014年起），作对照情景,0.05,0.05,0.85,416.0752,0.5405,0.97,200.7791,23931.7,576.6,0.26,202.59,779.19,2025-05-01,[真实数据] 2025-05-01起雇主强制供款不得对冲转制后服务年资遣散费/长服金；本表以参数记录断点，量化漏损衰减见领取/资产层,[真实数据] 2025-26财年总供款912.3亿；自愿占比约26%；2026Q2总供款234.0亿；覆盖率85%为[假设],混合,[混合] 费率与现行/拟议上下限为制度/公开检讨锚点；缴费人数=劳动人口×LFPR×就业×覆盖[假设路径]；平均入息与人数经总供款量级校准；人口来自队列成分法
2040,低,拟调整_默认,是,10500,40000,模型默认采用拟调整值10500/40000（积金局检讨/劳顾会咨询口径；尚未立法）,0.05,0.05,0.85,411.3496,0.539,0.97,197.9478,29028.5,689.54,0.26,242.27,931.81,2025-05-01,[真实数据] 2025-05-01起雇主强制供款不得对冲转制后服务年资遣散费/长服金；本表以参数记录断点，量化漏损衰减见领取/资产层,[真实数据] 2025-26财年总供款912.3亿；自愿占比约26%；2026Q2总供款234.0亿；覆盖率85%为[假设],混合,[混合] 费率与现行/拟议上下限为制度/公开检讨锚点；缴费人数=劳动人口×LFPR×就业×覆盖[假设路径]；平均入息与人数经总供款量级校准；人口来自队列成分法
2040,低,现行_对照,否,7100,30000,现行条例7100/30000（约2013/2014年起），作对照情景,0.05,0.05,0.85,411.3496,0.539,0.97,197.9478,24410.4,579.84,0.26,203.73,783.56,2025-05-01,[真实数据] 2025-05-01起雇主强制供款不得对冲转制后服务年资遣散费/长服金；本表以参数记录断点，量化漏损衰减见领取/资产层,[真实数据] 2025-26财年总供款912.3亿；自愿占比约26%；2026Q2总供款234.0亿；覆盖率85%为[假设],混合,[混合] 费率与现行/拟议上下限为制度/公开检讨锚点；缴费人数=劳动人口×LFPR×就业×覆盖[假设路径]；平均入息与人数经总供款量级校准；人口来自队列成分法
2041,低,拟调整_默认,是,10500,40000,模型默认采用拟调整值10500/40000（积金局检讨/劳顾会咨询口径；尚未立法）,0.05,0.05,0.85,406.4719,0.5375,0.97,195.0562,29609.1,693.05,0.26,243.51,936.56,2025-05-01,[真实数据] 2025-05-01起雇主强制供款不得对冲转制后服务年资遣散费/长服金；本表以参数记录断点，量化漏损衰减见领取/资产层,[真实数据] 2025-26财年总供款912.3亿；自愿占比约26%；2026Q2总供款234.0亿；覆盖率85%为[假设],混合,[混合] 费率与现行/拟议上下限为制度/公开检讨锚点；缴费人数=劳动人口×LFPR×就业×覆盖[假设路径]；平均入息与人数经总供款量级校准；人口来自队列成分法
2041,低,现行_对照,否,7100,30000,现行条例7100/30000（约2013/2014年起），作对照情景,0.05,0.05,0.85,406.4719,0.5375,0.97,195.0562,24898.6,582.79,0.26,204.77,787.56,2025-05-01,[真实数据] 2025-05-01起雇主强制供款不得对冲转制后服务年资遣散费/长服金；本表以参数记录断点，量化漏损衰减见领取/资产层,[真实数据] 2025-26财年总供款912.3亿；自愿占比约26%；2026Q2总供款234.0亿；覆盖率85%为[假设],混合,[混合] 费率与现行/拟议上下限为制度/公开检讨锚点；缴费人数=劳动人口×LFPR×就业×覆盖[假设路径]；平均入息与人数经总供款量级校准；人口来自队列成分法
2042,低,拟调整_默认,是,10500,40000,模型默认采用拟调整值10500/40000（积金局检讨/劳顾会咨询口径；尚未立法）,0.05,0.05,0.85,401.743,0.536,0.97,192.249,30201.3,696.74,0.26,244.8,941.54,2025-05-01,[真实数据] 2025-05-01起雇主强制供款不得对冲转制后服务年资遣散费/长服金；本表以参数记录断点，量化漏损衰减见领取/资产层,[真实数据] 2025-26财年总供款912.3亿；自愿占比约26%；2026Q2总供款234.0亿；覆盖率85%为[假设],混合,[混合] 费率与现行/拟议上下限为制度/公开检讨锚点；缴费人数=劳动人口×LFPR×就业×覆盖[假设路径]；平均入息与人数经总供款量级校准；人口来自队列成分法
2042,低,现行_对照,否,7100,30000,现行条例7100/30000（约2013/2014年起），作对照情景,0.05,0.05,0.85,401.743,0.536,0.97,192.249,25396.5,585.89,0.26,205.85,791.75,2025-05-01,[真实数据] 2025-05-01起雇主强制供款不得对冲转制后服务年资遣散费/长服金；本表以参数记录断点，量化漏损衰减见领取/资产层,[真实数据] 2025-26财年总供款912.3亿；自愿占比约26%；2026Q2总供款234.0亿；覆盖率85%为[假设],混合,[混合] 费率与现行/拟议上下限为制度/公开检讨锚点；缴费人数=劳动人口×LFPR×就业×覆盖[假设路径]；平均入息与人数经总供款量级校准；人口来自队列成分法
2043,低,拟调整_默认,是,10500,40000,模型默认采用拟调整值10500/40000（积金局检讨/劳顾会咨询口径；尚未立法）,0.05,0.05,0.85,396.7996,0.5345,0.97,189.352,30805.3,699.97,0.26,245.93,945.9,2025-05-01,[真实数据] 2025-05-01起雇主强制供款不得对冲转制后服务年资遣散费/长服金；本表以参数记录断点，量化漏损衰减见领取/资产层,[真实数据] 2025-26财年总供款912.3亿；自愿占比约26%；2026Q2总供款234.0亿；覆盖率85%为[假设],混合,[混合] 费率与现行/拟议上下限为制度/公开检讨锚点；缴费人数=劳动人口×LFPR×就业×覆盖[假设路径]；平均入息与人数经总供款量级校准；人口来自队列成分法
2043,低,现行_对照,否,7100,30000,现行条例7100/30000（约2013/2014年起），作对照情景,0.05,0.05,0.85,396.7996,0.5345,0.97,189.352,25904.5,588.61,0.26,206.81,795.42,2025-05-01,[真实数据] 2025-05-01起雇主强制供款不得对冲转制后服务年资遣散费/长服金；本表以参数记录断点，量化漏损衰减见领取/资产层,[真实数据] 2025-26财年总供款912.3亿；自愿占比约26%；2026Q2总供款234.0亿；覆盖率85%为[假设],混合,[混合] 费率与现行/拟议上下限为制度/公开检讨锚点；缴费人数=劳动人口×LFPR×就业×覆盖[假设路径]；平均入息与人数经总供款量级校准；人口来自队列成分法
2044,低,拟调整_默认,是,10500,40000,模型默认采用拟调整值10500/40000（积金局检讨/劳顾会咨询口径；尚未立法）,0.05,0.05,0.85,391.6418,0.533,0.97,186.3662,31421.4,702.71,0.26,246.9,949.6,2025-05-01,[真实数据] 2025-05-01起雇主强制供款不得对冲转制后服务年资遣散费/长服金；本表以参数记录断点，量化漏损衰减见领取/资产层,[真实数据] 2025-26财年总供款912.3亿；自愿占比约26%；2026Q2总供款234.0亿；覆盖率85%为[假设],混合,[混合] 费率与现行/拟议上下限为制度/公开检讨锚点；缴费人数=劳动人口×LFPR×就业×覆盖[假设路径]；平均入息与人数经总供款量级校准；人口来自队列成分法
2044,低,现行_对照,否,7100,30000,现行条例7100/30000（约2013/2014年起），作对照情景,0.05,0.05,0.85,391.6418,0.533,0.97,186.3662,26422.6,590.91,0.26,207.62,798.53,2025-05-01,[真实数据] 2025-05-01起雇主强制供款不得对冲转制后服务年资遣散费/长服金；本表以参数记录断点，量化漏损衰减见领取/资产层,[真实数据] 2025-26财年总供款912.3亿；自愿占比约26%；2026Q2总供款234.0亿；覆盖率85%为[假设],混合,[混合] 费率与现行/拟议上下限为制度/公开检讨锚点；缴费人数=劳动人口×LFPR×就业×覆盖[假设路径]；平均入息与人数经总供款量级校准；人口来自队列成分法
2045,低,拟调整_默认,是,10500,40000,模型默认采用拟调整值10500/40000（积金局检讨/劳顾会咨询口径；尚未立法）,0.05,0.05,0.85,386.2697,0.5315,0.97,183.2925,32049.8,704.94,0.26,247.68,952.62,2025-05-01,[真实数据] 2025-05-01起雇主强制供款不得对冲转制后服务年资遣散费/长服金；本表以参数记录断点，量化漏损衰减见领取/资产层,[真实数据] 2025-26财年总供款912.3亿；自愿占比约26%；2026Q2总供款234.0亿；覆盖率85%为[假设],混合,[混合] 费率与现行/拟议上下限为制度/公开检讨锚点；缴费人数=劳动人口×LFPR×就业×覆盖[假设路径]；平均入息与人数经总供款量级校准；人口来自队列成分法
2045,低,现行_对照,否,7100,30000,现行条例7100/30000（约2013/2014年起），作对照情景,0.05,0.05,0.85,386.2697,0.5315,0.97,183.2925,26951.0,592.79,0.26,208.28,801.07,2025-05-01,[真实数据] 2025-05-01起雇主强制供款不得对冲转制后服务年资遣散费/长服金；本表以参数记录断点，量化漏损衰减见领取/资产层,[真实数据] 2025-26财年总供款912.3亿；自愿占比约26%；2026Q2总供款234.0亿；覆盖率85%为[假设],混合,[混合] 费率与现行/拟议上下限为制度/公开检讨锚点；缴费人数=劳动人口×LFPR×就业×覆盖[假设路径]；平均入息与人数经总供款量级校准；人口来自队列成分法
2046,低,拟调整_默认,是,10500,40000,模型默认采用拟调整值10500/40000（积金局检讨/劳顾会咨询口径；尚未立法）,0.05,0.05,0.85,380.6833,0.53,0.97,180.1319,32690.8,706.64,0.26,248.28,954.92,2025-05-01,[真实数据] 2025-05-01起雇主强制供款不得对冲转制后服务年资遣散费/长服金；本表以参数记录断点，量化漏损衰减见领取/资产层,[真实数据] 2025-26财年总供款912.3亿；自愿占比约26%；2026Q2总供款234.0亿；覆盖率85%为[假设],混合,[混合] 费率与现行/拟议上下限为制度/公开检讨锚点；缴费人数=劳动人口×LFPR×就业×覆盖[假设路径]；平均入息与人数经总供款量级校准；人口来自队列成分法
2046,低,现行_对照,否,7100,30000,现行条例7100/30000（约2013/2014年起），作对照情景,0.05,0.05,0.85,380.6833,0.53,0.97,180.1319,27490.0,594.22,0.26,208.78,803.0,2025-05-01,[真实数据] 2025-05-01起雇主强制供款不得对冲转制后服务年资遣散费/长服金；本表以参数记录断点，量化漏损衰减见领取/资产层,[真实数据] 2025-26财年总供款912.3亿；自愿占比约26%；2026Q2总供款234.0亿；覆盖率85%为[假设],混合,[混合] 费率与现行/拟议上下限为制度/公开检讨锚点；缴费人数=劳动人口×LFPR×就业×覆盖[假设路径]；平均入息与人数经总供款量级校准；人口来自队列成分法
2047,低,拟调整_默认,是,10500,40000,模型默认采用拟调整值10500/40000（积金局检讨/劳顾会咨询口径；尚未立法）,0.05,0.05,0.85,375.0396,0.5285,0.97,176.9591,33344.7,708.08,0.26,248.78,956.86,2025-05-01,[真实数据] 2025-05-01起雇主强制供款不得对冲转制后服务年资遣散费/长服金；本表以参数记录断点，量化漏损衰减见领取/资产层,[真实数据] 2025-26财年总供款912.3亿；自愿占比约26%；2026Q2总供款234.0亿；覆盖率85%为[假设],混合,[混合] 费率与现行/拟议上下限为制度/公开检讨锚点；缴费人数=劳动人口×LFPR×就业×覆盖[假设路径]；平均入息与人数经总供款量级校准；人口来自队列成分法
2047,低,现行_对照,否,7100,30000,现行条例7100/30000（约2013/2014年起），作对照情景,0.05,0.05,0.85,375.0396,0.5285,0.97,176.9591,28039.8,595.43,0.26,209.2,804.63,2025-05-01,[真实数据] 2025-05-01起雇主强制供款不得对冲转制后服务年资遣散费/长服金；本表以参数记录断点，量化漏损衰减见领取/资产层,[真实数据] 2025-26财年总供款912.3亿；自愿占比约26%；2026Q2总供款234.0亿；覆盖率85%为[假设],混合,[混合] 费率与现行/拟议上下限为制度/公开检讨锚点；缴费人数=劳动人口×LFPR×就业×覆盖[假设路径]；平均入息与人数经总供款量级校准；人口来自队列成分法
2048,低,拟调整_默认,是,10500,40000,模型默认采用拟调整值10500/40000（积金局检讨/劳顾会咨询口径；尚未立法）,0.05,0.05,0.85,369.2676,0.527,0.97,173.7412,34011.6,709.1,0.26,249.14,958.25,2025-05-01,[真实数据] 2025-05-01起雇主强制供款不得对冲转制后服务年资遣散费/长服金；本表以参数记录断点，量化漏损衰减见领取/资产层,[真实数据] 2025-26财年总供款912.3亿；自愿占比约26%；2026Q2总供款234.0亿；覆盖率85%为[假设],混合,[混合] 费率与现行/拟议上下限为制度/公开检讨锚点；缴费人数=劳动人口×LFPR×就业×覆盖[假设路径]；平均入息与人数经总供款量级校准；人口来自队列成分法
2048,低,现行_对照,否,7100,30000,现行条例7100/30000（约2013/2014年起），作对照情景,0.05,0.05,0.85,369.2676,0.527,0.97,173.7412,28500.0,594.19,0.26,208.77,802.97,2025-05-01,[真实数据] 2025-05-01起雇主强制供款不得对冲转制后服务年资遣散费/长服金；本表以参数记录断点，量化漏损衰减见领取/资产层,[真实数据] 2025-26财年总供款912.3亿；自愿占比约26%；2026Q2总供款234.0亿；覆盖率85%为[假设],混合,[混合] 费率与现行/拟议上下限为制度/公开检讨锚点；缴费人数=劳动人口×LFPR×就业×覆盖[假设路径]；平均入息与人数经总供款量级校准；人口来自队列成分法
2049,低,拟调整_默认,是,10500,40000,模型默认采用拟调整值10500/40000（积金局检讨/劳顾会咨询口径；尚未立法）,0.05,0.05,0.85,363.3663,0.5255,0.97,170.4779,34691.8,709.7,0.26,249.35,959.06,2025-05-01,[真实数据] 2025-05-01起雇主强制供款不得对冲转制后服务年资遣散费/长服金；本表以参数记录断点，量化漏损衰减见领取/资产层,[真实数据] 2025-26财年总供款912.3亿；自愿占比约26%；2026Q2总供款234.0亿；覆盖率85%为[假设],混合,[混合] 费率与现行/拟议上下限为制度/公开检讨锚点；缴费人数=劳动人口×LFPR×就业×覆盖[假设路径]；平均入息与人数经总供款量级校准；人口来自队列成分法
2049,低,现行_对照,否,7100,30000,现行条例7100/30000（约2013/2014年起），作对照情景,0.05,0.05,0.85,363.3663,0.5255,0.97,170.4779,28500.0,583.03,0.26,204.85,787.88,2025-05-01,[真实数据] 2025-05-01起雇主强制供款不得对冲转制后服务年资遣散费/长服金；本表以参数记录断点，量化漏损衰减见领取/资产层,[真实数据] 2025-26财年总供款912.3亿；自愿占比约26%；2026Q2总供款234.0亿；覆盖率85%为[假设],混合,[混合] 费率与现行/拟议上下限为制度/公开检讨锚点；缴费人数=劳动人口×LFPR×就业×覆盖[假设路径]；平均入息与人数经总供款量级校准；人口来自队列成分法
2050,低,拟调整_默认,是,10500,40000,模型默认采用拟调整值10500/40000（积金局检讨/劳顾会咨询口径；尚未立法）,0.05,0.05,0.85,357.3342,0.524,0.97,167.1693,35385.6,709.85,0.26,249.41,959.25,2025-05-01,[真实数据] 2025-05-01起雇主强制供款不得对冲转制后服务年资遣散费/长服金；本表以参数记录断点，量化漏损衰减见领取/资产层,[真实数据] 2025-26财年总供款912.3亿；自愿占比约26%；2026Q2总供款234.0亿；覆盖率85%为[假设],混合,[混合] 费率与现行/拟议上下限为制度/公开检讨锚点；缴费人数=劳动人口×LFPR×就业×覆盖[假设路径]；平均入息与人数经总供款量级校准；人口来自队列成分法
2050,低,现行_对照,否,7100,30000,现行条例7100/30000（约2013/2014年起），作对照情景,0.05,0.05,0.85,357.3342,0.524,0.97,167.1693,28500.0,571.72,0.26,200.87,772.59,2025-05-01,[真实数据] 2025-05-01起雇主强制供款不得对冲转制后服务年资遣散费/长服金；本表以参数记录断点，量化漏损衰减见领取/资产层,[真实数据] 2025-26财年总供款912.3亿；自愿占比约26%；2026Q2总供款234.0亿；覆盖率85%为[假设],混合,[混合] 费率与现行/拟议上下限为制度/公开检讨锚点；缴费人数=劳动人口×LFPR×就业×覆盖[假设路径]；平均入息与人数经总供款量级校准；人口来自队列成分法
2051,低,拟调整_默认,是,10500,40000,模型默认采用拟调整值10500/40000（积金局检讨/劳顾会咨询口径；尚未立法）,0.05,0.05,0.85,351.1701,0.5225,0.97,163.8154,36093.3,709.52,0.26,249.29,958.81,2025-05-01,[真实数据] 2025-05-01起雇主强制供款不得对冲转制后服务年资遣散费/长服金；本表以参数记录断点，量化漏损衰减见领取/资产层,[真实数据] 2025-26财年总供款912.3亿；自愿占比约26%；2026Q2总供款234.0亿；覆盖率85%为[假设],混合,[混合] 费率与现行/拟议上下限为制度/公开检讨锚点；缴费人数=劳动人口×LFPR×就业×覆盖[假设路径]；平均入息与人数经总供款量级校准；人口来自队列成分法
2051,低,现行_对照,否,7100,30000,现行条例7100/30000（约2013/2014年起），作对照情景,0.05,0.05,0.85,351.1701,0.5225,0.97,163.8154,28500.0,560.25,0.26,196.84,757.09,2025-05-01,[真实数据] 2025-05-01起雇主强制供款不得对冲转制后服务年资遣散费/长服金；本表以参数记录断点，量化漏损衰减见领取/资产层,[真实数据] 2025-26财年总供款912.3亿；自愿占比约26%；2026Q2总供款234.0亿；覆盖率85%为[假设],混合,[混合] 费率与现行/拟议上下限为制度/公开检讨锚点；缴费人数=劳动人口×LFPR×就业×覆盖[假设路径]；平均入息与人数经总供款量级校准；人口来自队列成分法
2052,低,拟调整_默认,是,10500,40000,模型默认采用拟调整值10500/40000（积金局检讨/劳顾会咨询口径；尚未立法）,0.05,0.05,0.85,345.4703,0.521,0.97,160.6939,36815.2,709.92,0.26,249.43,959.35,2025-05-01,[真实数据] 2025-05-01起雇主强制供款不得对冲转制后服务年资遣散费/长服金；本表以参数记录断点，量化漏损衰减见领取/资产层,[真实数据] 2025-26财年总供款912.3亿；自愿占比约26%；2026Q2总供款234.0亿；覆盖率85%为[假设],混合,[混合] 费率与现行/拟议上下限为制度/公开检讨锚点；缴费人数=劳动人口×LFPR×就业×覆盖[假设路径]；平均入息与人数经总供款量级校准；人口来自队列成分法
2052,低,现行_对照,否,7100,30000,现行条例7100/30000（约2013/2014年起），作对照情景,0.05,0.05,0.85,345.4703,0.521,0.97,160.6939,28500.0,549.57,0.26,193.09,742.67,2025-05-01,[真实数据] 2025-05-01起雇主强制供款不得对冲转制后服务年资遣散费/长服金；本表以参数记录断点，量化漏损衰减见领取/资产层,[真实数据] 2025-26财年总供款912.3亿；自愿占比约26%；2026Q2总供款234.0亿；覆盖率85%为[假设],混合,[混合] 费率与现行/拟议上下限为制度/公开检讨锚点；缴费人数=劳动人口×LFPR×就业×覆盖[假设路径]；平均入息与人数经总供款量级校准；人口来自队列成分法
2053,低,拟调整_默认,是,10500,40000,模型默认采用拟调整值10500/40000（积金局检讨/劳顾会咨询口径；尚未立法）,0.05,0.05,0.85,339.67,0.5195,0.97,157.541,37551.5,709.91,0.26,249.43,959.34,2025-05-01,[真实数据] 2025-05-01起雇主强制供款不得对冲转制后服务年资遣散费/长服金；本表以参数记录断点，量化漏损衰减见领取/资产层,[真实数据] 2025-26财年总供款912.3亿；自愿占比约26%；2026Q2总供款234.0亿；覆盖率85%为[假设],混合,[混合] 费率与现行/拟议上下限为制度/公开检讨锚点；缴费人数=劳动人口×LFPR×就业×覆盖[假设路径]；平均入息与人数经总供款量级校准；人口来自队列成分法
2053,低,现行_对照,否,7100,30000,现行条例7100/30000（约2013/2014年起），作对照情景,0.05,0.05,0.85,339.67,0.5195,0.97,157.541,28500.0,538.79,0.26,189.3,728.09,2025-05-01,[真实数据] 2025-05-01起雇主强制供款不得对冲转制后服务年资遣散费/长服金；本表以参数记录断点，量化漏损衰减见领取/资产层,[真实数据] 2025-26财年总供款912.3亿；自愿占比约26%；2026Q2总供款234.0亿；覆盖率85%为[假设],混合,[混合] 费率与现行/拟议上下限为制度/公开检讨锚点；缴费人数=劳动人口×LFPR×就业×覆盖[假设路径]；平均入息与人数经总供款量级校准；人口来自队列成分法
2054,低,拟调整_默认,是,10500,40000,模型默认采用拟调整值10500/40000（积金局检讨/劳顾会咨询口径；尚未立法）,0.05,0.05,0.85,333.7666,0.518,0.97,154.356,38000.0,703.86,0.26,247.3,951.17,2025-05-01,[真实数据] 2025-05-01起雇主强制供款不得对冲转制后服务年资遣散费/长服金；本表以参数记录断点，量化漏损衰减见领取/资产层,[真实数据] 2025-26财年总供款912.3亿；自愿占比约26%；2026Q2总供款234.0亿；覆盖率85%为[假设],混合,[混合] 费率与现行/拟议上下限为制度/公开检讨锚点；缴费人数=劳动人口×LFPR×就业×覆盖[假设路径]；平均入息与人数经总供款量级校准；人口来自队列成分法
2054,低,现行_对照,否,7100,30000,现行条例7100/30000（约2013/2014年起），作对照情景,0.05,0.05,0.85,333.7666,0.518,0.97,154.356,28500.0,527.9,0.26,185.48,713.37,2025-05-01,[真实数据] 2025-05-01起雇主强制供款不得对冲转制后服务年资遣散费/长服金；本表以参数记录断点，量化漏损衰减见领取/资产层,[真实数据] 2025-26财年总供款912.3亿；自愿占比约26%；2026Q2总供款234.0亿；覆盖率85%为[假设],混合,[混合] 费率与现行/拟议上下限为制度/公开检讨锚点；缴费人数=劳动人口×LFPR×就业×覆盖[假设路径]；平均入息与人数经总供款量级校准；人口来自队列成分法
2055,低,拟调整_默认,是,10500,40000,模型默认采用拟调整值10500/40000（积金局检讨/劳顾会咨询口径；尚未立法）,0.05,0.05,0.85,327.7575,0.5165,0.97,151.138,38000.0,689.19,0.26,242.15,931.34,2025-05-01,[真实数据] 2025-05-01起雇主强制供款不得对冲转制后服务年资遣散费/长服金；本表以参数记录断点，量化漏损衰减见领取/资产层,[真实数据] 2025-26财年总供款912.3亿；自愿占比约26%；2026Q2总供款234.0亿；覆盖率85%为[假设],混合,[混合] 费率与现行/拟议上下限为制度/公开检讨锚点；缴费人数=劳动人口×LFPR×就业×覆盖[假设路径]；平均入息与人数经总供款量级校准；人口来自队列成分法
2055,低,现行_对照,否,7100,30000,现行条例7100/30000（约2013/2014年起），作对照情景,0.05,0.05,0.85,327.7575,0.5165,0.97,151.138,28500.0,516.89,0.26,181.61,698.5,2025-05-01,[真实数据] 2025-05-01起雇主强制供款不得对冲转制后服务年资遣散费/长服金；本表以参数记录断点，量化漏损衰减见领取/资产层,[真实数据] 2025-26财年总供款912.3亿；自愿占比约26%；2026Q2总供款234.0亿；覆盖率85%为[假设],混合,[混合] 费率与现行/拟议上下限为制度/公开检讨锚点；缴费人数=劳动人口×LFPR×就业×覆盖[假设路径]；平均入息与人数经总供款量级校准；人口来自队列成分法
2056,低,拟调整_默认,是,10500,40000,模型默认采用拟调整值10500/40000（积金局检讨/劳顾会咨询口径；尚未立法）,0.05,0.05,0.85,321.6399,0.515,0.97,147.8863,38000.0,674.36,0.26,236.94,911.3,2025-05-01,[真实数据] 2025-05-01起雇主强制供款不得对冲转制后服务年资遣散费/长服金；本表以参数记录断点，量化漏损衰减见领取/资产层,[真实数据] 2025-26财年总供款912.3亿；自愿占比约26%；2026Q2总供款234.0亿；覆盖率85%为[假设],混合,[混合] 费率与现行/拟议上下限为制度/公开检讨锚点；缴费人数=劳动人口×LFPR×就业×覆盖[假设路径]；平均入息与人数经总供款量级校准；人口来自队列成分法
2056,低,现行_对照,否,7100,30000,现行条例7100/30000（约2013/2014年起），作对照情景,0.05,0.05,0.85,321.6399,0.515,0.97,147.8863,28500.0,505.77,0.26,177.7,683.47,2025-05-01,[真实数据] 2025-05-01起雇主强制供款不得对冲转制后服务年资遣散费/长服金；本表以参数记录断点，量化漏损衰减见领取/资产层,[真实数据] 2025-26财年总供款912.3亿；自愿占比约26%；2026Q2总供款234.0亿；覆盖率85%为[假设],混合,[混合] 费率与现行/拟议上下限为制度/公开检讨锚点；缴费人数=劳动人口×LFPR×就业×覆盖[假设路径]；平均入息与人数经总供款量级校准；人口来自队列成分法
2026,中,拟调整_默认,是,10500,40000,模型默认采用拟调整值10500/40000（积金局检讨/劳顾会咨询口径；尚未立法）,0.05,0.05,0.85,464.21,0.58,0.97,255.7205,22000.0,675.1,0.26,237.2,912.3,2025-05-01,[真实数据] 2025-05-01起雇主强制供款不得对冲转制后服务年资遣散费/长服金；本表以参数记录断点，量化漏损衰减见领取/资产层,[真实数据] 2025-26财年总供款912.3亿；自愿占比约26%；2026Q2总供款234.0亿；覆盖率85%为[假设],混合,[混合] 费率与现行/拟议上下限为制度/公开检讨锚点；缴费人数=劳动人口×LFPR×就业×覆盖[假设路径]；平均入息与人数经总供款量级校准；人口来自队列成分法
2026,中,现行_对照,否,7100,30000,现行条例7100/30000（约2013/2014年起），作对照情景,0.05,0.05,0.85,464.21,0.58,0.97,255.7205,18500.0,567.7,0.26,199.46,767.16,2025-05-01,[真实数据] 2025-05-01起雇主强制供款不得对冲转制后服务年资遣散费/长服金；本表以参数记录断点，量化漏损衰减见领取/资产层,[真实数据] 2025-26财年总供款912.3亿；自愿占比约26%；2026Q2总供款234.0亿；覆盖率85%为[假设],混合,[混合] 费率与现行/拟议上下限为制度/公开检讨锚点；缴费人数=劳动人口×LFPR×就业×覆盖[假设路径]；平均入息与人数经总供款量级校准；人口来自队列成分法
2027,中,拟调整_默认,是,10500,40000,模型默认采用拟调整值10500/40000（积金局检讨/劳顾会咨询口径；尚未立法）,0.05,0.05,0.85,461.0536,0.5785,0.97,253.3248,22660.0,688.84,0.26,242.03,930.87,2025-05-01,[真实数据] 2025-05-01起雇主强制供款不得对冲转制后服务年资遣散费/长服金；本表以参数记录断点，量化漏损衰减见领取/资产层,[真实数据] 2025-26财年总供款912.3亿；自愿占比约26%；2026Q2总供款234.0亿；覆盖率85%为[假设],混合,[混合] 费率与现行/拟议上下限为制度/公开检讨锚点；缴费人数=劳动人口×LFPR×就业×覆盖[假设路径]；平均入息与人数经总供款量级校准；人口来自队列成分法
2027,中,现行_对照,否,7100,30000,现行条例7100/30000（约2013/2014年起），作对照情景,0.05,0.05,0.85,461.0536,0.5785,0.97,253.3248,19055.0,579.25,0.26,203.52,782.77,2025-05-01,[真实数据] 2025-05-01起雇主强制供款不得对冲转制后服务年资遣散费/长服金；本表以参数记录断点，量化漏损衰减见领取/资产层,[真实数据] 2025-26财年总供款912.3亿；自愿占比约26%；2026Q2总供款234.0亿；覆盖率85%为[假设],混合,[混合] 费率与现行/拟议上下限为制度/公开检讨锚点；缴费人数=劳动人口×LFPR×就业×覆盖[假设路径]；平均入息与人数经总供款量级校准；人口来自队列成分法
2028,中,拟调整_默认,是,10500,40000,模型默认采用拟调整值10500/40000（积金局检讨/劳顾会咨询口径；尚未立法）,0.05,0.05,0.85,458.1409,0.577,0.97,251.0717,23339.8,703.2,0.26,247.07,950.26,2025-05-01,[真实数据] 2025-05-01起雇主强制供款不得对冲转制后服务年资遣散费/长服金；本表以参数记录断点，量化漏损衰减见领取/资产层,[真实数据] 2025-26财年总供款912.3亿；自愿占比约26%；2026Q2总供款234.0亿；覆盖率85%为[假设],混合,[混合] 费率与现行/拟议上下限为制度/公开检讨锚点；缴费人数=劳动人口×LFPR×就业×覆盖[假设路径]；平均入息与人数经总供款量级校准；人口来自队列成分法
2028,中,现行_对照,否,7100,30000,现行条例7100/30000（约2013/2014年起），作对照情景,0.05,0.05,0.85,458.1409,0.577,0.97,251.0717,19626.6,591.32,0.26,207.76,799.09,2025-05-01,[真实数据] 2025-05-01起雇主强制供款不得对冲转制后服务年资遣散费/长服金；本表以参数记录断点，量化漏损衰减见领取/资产层,[真实数据] 2025-26财年总供款912.3亿；自愿占比约26%；2026Q2总供款234.0亿；覆盖率85%为[假设],混合,[混合] 费率与现行/拟议上下限为制度/公开检讨锚点；缴费人数=劳动人口×LFPR×就业×覆盖[假设路径]；平均入息与人数经总供款量级校准；人口来自队列成分法
2029,中,拟调整_默认,是,10500,40000,模型默认采用拟调整值10500/40000（积金局检讨/劳顾会咨询口径；尚未立法）,0.05,0.05,0.85,455.4684,0.5755,0.97,248.9583,24040.0,718.19,0.26,252.34,970.53,2025-05-01,[真实数据] 2025-05-01起雇主强制供款不得对冲转制后服务年资遣散费/长服金；本表以参数记录断点，量化漏损衰减见领取/资产层,[真实数据] 2025-26财年总供款912.3亿；自愿占比约26%；2026Q2总供款234.0亿；覆盖率85%为[假设],混合,[混合] 费率与现行/拟议上下限为制度/公开检讨锚点；缴费人数=劳动人口×LFPR×就业×覆盖[假设路径]；平均入息与人数经总供款量级校准；人口来自队列成分法
2029,中,现行_对照,否,7100,30000,现行条例7100/30000（约2013/2014年起），作对照情景,0.05,0.05,0.85,455.4684,0.5755,0.97,248.9583,20215.4,603.94,0.26,212.19,816.13,2025-05-01,[真实数据] 2025-05-01起雇主强制供款不得对冲转制后服务年资遣散费/长服金；本表以参数记录断点，量化漏损衰减见领取/资产层,[真实数据] 2025-26财年总供款912.3亿；自愿占比约26%；2026Q2总供款234.0亿；覆盖率85%为[假设],混合,[混合] 费率与现行/拟议上下限为制度/公开检讨锚点；缴费人数=劳动人口×LFPR×就业×覆盖[假设路径]；平均入息与人数经总供款量级校准；人口来自队列成分法
2030,中,拟调整_默认,是,10500,40000,模型默认采用拟调整值10500/40000（积金局检讨/劳顾会咨询口径；尚未立法）,0.05,0.05,0.85,453.0333,0.574,0.97,246.9818,24761.2,733.87,0.26,257.85,991.71,2025-05-01,[真实数据] 2025-05-01起雇主强制供款不得对冲转制后服务年资遣散费/长服金；本表以参数记录断点，量化漏损衰减见领取/资产层,[真实数据] 2025-26财年总供款912.3亿；自愿占比约26%；2026Q2总供款234.0亿；覆盖率85%为[假设],混合,[混合] 费率与现行/拟议上下限为制度/公开检讨锚点；缴费人数=劳动人口×LFPR×就业×覆盖[假设路径]；平均入息与人数经总供款量级校准；人口来自队列成分法
2030,中,现行_对照,否,7100,30000,现行条例7100/30000（约2013/2014年起），作对照情景,0.05,0.05,0.85,453.0333,0.574,0.97,246.9818,20821.9,617.12,0.26,216.82,833.94,2025-05-01,[真实数据] 2025-05-01起雇主强制供款不得对冲转制后服务年资遣散费/长服金；本表以参数记录断点，量化漏损衰减见领取/资产层,[真实数据] 2025-26财年总供款912.3亿；自愿占比约26%；2026Q2总供款234.0亿；覆盖率85%为[假设],混合,[混合] 费率与现行/拟议上下限为制度/公开检讨锚点；缴费人数=劳动人口×LFPR×就业×覆盖[假设路径]；平均入息与人数经总供款量级校准；人口来自队列成分法
2031,中,拟调整_默认,是,10500,40000,模型默认采用拟调整值10500/40000（积金局检讨/劳顾会咨询口径；尚未立法）,0.05,0.05,0.85,450.8324,0.5725,0.97,245.1397,25504.0,750.25,0.26,263.6,1013.85,2025-05-01,[真实数据] 2025-05-01起雇主强制供款不得对冲转制后服务年资遣散费/长服金；本表以参数记录断点，量化漏损衰减见领取/资产层,[真实数据] 2025-26财年总供款912.3亿；自愿占比约26%；2026Q2总供款234.0亿；覆盖率85%为[假设],混合,[混合] 费率与现行/拟议上下限为制度/公开检讨锚点；缴费人数=劳动人口×LFPR×就业×覆盖[假设路径]；平均入息与人数经总供款量级校准；人口来自队列成分法
2031,中,现行_对照,否,7100,30000,现行条例7100/30000（约2013/2014年起），作对照情景,0.05,0.05,0.85,450.8324,0.5725,0.97,245.1397,21446.6,630.89,0.26,221.66,852.55,2025-05-01,[真实数据] 2025-05-01起雇主强制供款不得对冲转制后服务年资遣散费/长服金；本表以参数记录断点，量化漏损衰减见领取/资产层,[真实数据] 2025-26财年总供款912.3亿；自愿占比约26%；2026Q2总供款234.0亿；覆盖率85%为[假设],混合,[混合] 费率与现行/拟议上下限为制度/公开检讨锚点；缴费人数=劳动人口×LFPR×就业×覆盖[假设路径]；平均入息与人数经总供款量级校准；人口来自队列成分法
2032,中,拟调整_默认,是,10500,40000,模型默认采用拟调整值10500/40000（积金局检讨/劳顾会咨询口径；尚未立法）,0.05,0.05,0.85,449.1141,0.571,0.97,243.5655,26269.2,767.79,0.26,269.76,1037.56,2025-05-01,[真实数据] 2025-05-01起雇主强制供款不得对冲转制后服务年资遣散费/长服金；本表以参数记录断点，量化漏损衰减见领取/资产层,[真实数据] 2025-26财年总供款912.3亿；自愿占比约26%；2026Q2总供款234.0亿；覆盖率85%为[假设],混合,[混合] 费率与现行/拟议上下限为制度/公开检讨锚点；缴费人数=劳动人口×LFPR×就业×覆盖[假设路径]；平均入息与人数经总供款量级校准；人口来自队列成分法
2032,中,现行_对照,否,7100,30000,现行条例7100/30000（约2013/2014年起），作对照情景,0.05,0.05,0.85,449.1141,0.571,0.97,243.5655,22090.0,645.64,0.26,226.85,872.49,2025-05-01,[真实数据] 2025-05-01起雇主强制供款不得对冲转制后服务年资遣散费/长服金；本表以参数记录断点，量化漏损衰减见领取/资产层,[真实数据] 2025-26财年总供款912.3亿；自愿占比约26%；2026Q2总供款234.0亿；覆盖率85%为[假设],混合,[混合] 费率与现行/拟议上下限为制度/公开检讨锚点；缴费人数=劳动人口×LFPR×就业×覆盖[假设路径]；平均入息与人数经总供款量级校准；人口来自队列成分法
2033,中,拟调整_默认,是,10500,40000,模型默认采用拟调整值10500/40000（积金局检讨/劳顾会咨询口径；尚未立法）,0.05,0.05,0.85,447.5962,0.5695,0.97,242.1046,27057.2,786.08,0.26,276.19,1062.27,2025-05-01,[真实数据] 2025-05-01起雇主强制供款不得对冲转制后服务年资遣散费/长服金；本表以参数记录断点，量化漏损衰减见领取/资产层,[真实数据] 2025-26财年总供款912.3亿；自愿占比约26%；2026Q2总供款234.0亿；覆盖率85%为[假设],混合,[混合] 费率与现行/拟议上下限为制度/公开检讨锚点；缴费人数=劳动人口×LFPR×就业×覆盖[假设路径]；平均入息与人数经总供款量级校准；人口来自队列成分法
2033,中,现行_对照,否,7100,30000,现行条例7100/30000（约2013/2014年起），作对照情景,0.05,0.05,0.85,447.5962,0.5695,0.97,242.1046,22752.7,661.02,0.26,232.25,893.27,2025-05-01,[真实数据] 2025-05-01起雇主强制供款不得对冲转制后服务年资遣散费/长服金；本表以参数记录断点，量化漏损衰减见领取/资产层,[真实数据] 2025-26财年总供款912.3亿；自愿占比约26%；2026Q2总供款234.0亿；覆盖率85%为[假设],混合,[混合] 费率与现行/拟议上下限为制度/公开检讨锚点；缴费人数=劳动人口×LFPR×就业×覆盖[假设路径]；平均入息与人数经总供款量级校准；人口来自队列成分法
2034,中,拟调整_默认,是,10500,40000,模型默认采用拟调整值10500/40000（积金局检讨/劳顾会咨询口径；尚未立法）,0.05,0.05,0.85,446.276,0.568,0.97,240.7547,27868.9,805.15,0.26,282.89,1088.04,2025-05-01,[真实数据] 2025-05-01起雇主强制供款不得对冲转制后服务年资遣散费/长服金；本表以参数记录断点，量化漏损衰减见领取/资产层,[真实数据] 2025-26财年总供款912.3亿；自愿占比约26%；2026Q2总供款234.0亿；覆盖率85%为[假设],混合,[混合] 费率与现行/拟议上下限为制度/公开检讨锚点；缴费人数=劳动人口×LFPR×就业×覆盖[假设路径]；平均入息与人数经总供款量级校准；人口来自队列成分法
2034,中,现行_对照,否,7100,30000,现行条例7100/30000（约2013/2014年起），作对照情景,0.05,0.05,0.85,446.276,0.568,0.97,240.7547,23435.2,677.06,0.26,237.89,914.94,2025-05-01,[真实数据] 2025-05-01起雇主强制供款不得对冲转制后服务年资遣散费/长服金；本表以参数记录断点，量化漏损衰减见领取/资产层,[真实数据] 2025-26财年总供款912.3亿；自愿占比约26%；2026Q2总供款234.0亿；覆盖率85%为[假设],混合,[混合] 费率与现行/拟议上下限为制度/公开检讨锚点；缴费人数=劳动人口×LFPR×就业×覆盖[假设路径]；平均入息与人数经总供款量级校准；人口来自队列成分法
2035,中,拟调整_默认,是,10500,40000,模型默认采用拟调整值10500/40000（积金局检讨/劳顾会咨询口径；尚未立法）,0.05,0.05,0.85,445.1511,0.5665,0.97,239.5137,28705.0,825.03,0.26,289.88,1114.9,2025-05-01,[真实数据] 2025-05-01起雇主强制供款不得对冲转制后服务年资遣散费/长服金；本表以参数记录断点，量化漏损衰减见领取/资产层,[真实数据] 2025-26财年总供款912.3亿；自愿占比约26%；2026Q2总供款234.0亿；覆盖率85%为[假设],混合,[混合] 费率与现行/拟议上下限为制度/公开检讨锚点；缴费人数=劳动人口×LFPR×就业×覆盖[假设路径]；平均入息与人数经总供款量级校准；人口来自队列成分法
2035,中,现行_对照,否,7100,30000,现行条例7100/30000（约2013/2014年起），作对照情景,0.05,0.05,0.85,445.1511,0.5665,0.97,239.5137,24138.3,693.77,0.26,243.76,937.53,2025-05-01,[真实数据] 2025-05-01起雇主强制供款不得对冲转制后服务年资遣散费/长服金；本表以参数记录断点，量化漏损衰减见领取/资产层,[真实数据] 2025-26财年总供款912.3亿；自愿占比约26%；2026Q2总供款234.0亿；覆盖率85%为[假设],混合,[混合] 费率与现行/拟议上下限为制度/公开检讨锚点；缴费人数=劳动人口×LFPR×就业×覆盖[假设路径]；平均入息与人数经总供款量级校准；人口来自队列成分法
2036,中,拟调整_默认,是,10500,40000,模型默认采用拟调整值10500/40000（积金局检讨/劳顾会咨询口径；尚未立法）,0.05,0.05,0.85,444.219,0.565,0.97,238.3793,29566.2,845.76,0.26,297.16,1142.91,2025-05-01,[真实数据] 2025-05-01起雇主强制供款不得对冲转制后服务年资遣散费/长服金；本表以参数记录断点，量化漏损衰减见领取/资产层,[真实数据] 2025-26财年总供款912.3亿；自愿占比约26%；2026Q2总供款234.0亿；覆盖率85%为[假设],混合,[混合] 费率与现行/拟议上下限为制度/公开检讨锚点；缴费人数=劳动人口×LFPR×就业×覆盖[假设路径]；平均入息与人数经总供款量级校准；人口来自队列成分法
2036,中,现行_对照,否,7100,30000,现行条例7100/30000（约2013/2014年起），作对照情景,0.05,0.05,0.85,444.219,0.565,0.97,238.3793,24862.5,711.2,0.26,249.88,961.09,2025-05-01,[真实数据] 2025-05-01起雇主强制供款不得对冲转制后服务年资遣散费/长服金；本表以参数记录断点，量化漏损衰减见领取/资产层,[真实数据] 2025-26财年总供款912.3亿；自愿占比约26%；2026Q2总供款234.0亿；覆盖率85%为[假设],混合,[混合] 费率与现行/拟议上下限为制度/公开检讨锚点；缴费人数=劳动人口×LFPR×就业×覆盖[假设路径]；平均入息与人数经总供款量级校准；人口来自队列成分法
2037,中,拟调整_默认,是,10500,40000,模型默认采用拟调整值10500/40000（积金局检讨/劳顾会咨询口径；尚未立法）,0.05,0.05,0.85,441.5702,0.5635,0.97,236.3288,30453.1,863.63,0.26,303.44,1167.07,2025-05-01,[真实数据] 2025-05-01起雇主强制供款不得对冲转制后服务年资遣散费/长服金；本表以参数记录断点，量化漏损衰减见领取/资产层,[真实数据] 2025-26财年总供款912.3亿；自愿占比约26%；2026Q2总供款234.0亿；覆盖率85%为[假设],混合,[混合] 费率与现行/拟议上下限为制度/公开检讨锚点；缴费人数=劳动人口×LFPR×就业×覆盖[假设路径]；平均入息与人数经总供款量级校准；人口来自队列成分法
2037,中,现行_对照,否,7100,30000,现行条例7100/30000（约2013/2014年起），作对照情景,0.05,0.05,0.85,441.5702,0.5635,0.97,236.3288,25608.3,726.24,0.26,255.16,981.4,2025-05-01,[真实数据] 2025-05-01起雇主强制供款不得对冲转制后服务年资遣散费/长服金；本表以参数记录断点，量化漏损衰减见领取/资产层,[真实数据] 2025-26财年总供款912.3亿；自愿占比约26%；2026Q2总供款234.0亿；覆盖率85%为[假设],混合,[混合] 费率与现行/拟议上下限为制度/公开检讨锚点；缴费人数=劳动人口×LFPR×就业×覆盖[假设路径]；平均入息与人数经总供款量级校准；人口来自队列成分法
2038,中,拟调整_默认,是,10500,40000,模型默认采用拟调整值10500/40000（积金局检讨/劳顾会咨询口径；尚未立法）,0.05,0.05,0.85,438.6861,0.562,0.97,234.1602,31366.7,881.38,0.26,309.67,1191.06,2025-05-01,[真实数据] 2025-05-01起雇主强制供款不得对冲转制后服务年资遣散费/长服金；本表以参数记录断点，量化漏损衰减见领取/资产层,[真实数据] 2025-26财年总供款912.3亿；自愿占比约26%；2026Q2总供款234.0亿；覆盖率85%为[假设],混合,[混合] 费率与现行/拟议上下限为制度/公开检讨锚点；缴费人数=劳动人口×LFPR×就业×覆盖[假设路径]；平均入息与人数经总供款量级校准；人口来自队列成分法
2038,中,现行_对照,否,7100,30000,现行条例7100/30000（约2013/2014年起），作对照情景,0.05,0.05,0.85,438.6861,0.562,0.97,234.1602,26376.6,741.16,0.26,260.41,1001.57,2025-05-01,[真实数据] 2025-05-01起雇主强制供款不得对冲转制后服务年资遣散费/长服金；本表以参数记录断点，量化漏损衰减见领取/资产层,[真实数据] 2025-26财年总供款912.3亿；自愿占比约26%；2026Q2总供款234.0亿；覆盖率85%为[假设],混合,[混合] 费率与现行/拟议上下限为制度/公开检讨锚点；缴费人数=劳动人口×LFPR×就业×覆盖[假设路径]；平均入息与人数经总供款量级校准；人口来自队列成分法
2039,中,拟调整_默认,是,10500,40000,模型默认采用拟调整值10500/40000（积金局检讨/劳顾会咨询口径；尚未立法）,0.05,0.05,0.85,435.5683,0.5605,0.97,231.8755,32307.7,898.96,0.26,315.85,1214.82,2025-05-01,[真实数据] 2025-05-01起雇主强制供款不得对冲转制后服务年资遣散费/长服金；本表以参数记录断点，量化漏损衰减见领取/资产层,[真实数据] 2025-26财年总供款912.3亿；自愿占比约26%；2026Q2总供款234.0亿；覆盖率85%为[假设],混合,[混合] 费率与现行/拟议上下限为制度/公开检讨锚点；缴费人数=劳动人口×LFPR×就业×覆盖[假设路径]；平均入息与人数经总供款量级校准；人口来自队列成分法
2039,中,现行_对照,否,7100,30000,现行条例7100/30000（约2013/2014年起），作对照情景,0.05,0.05,0.85,435.5683,0.5605,0.97,231.8755,27167.9,755.95,0.26,265.6,1021.55,2025-05-01,[真实数据] 2025-05-01起雇主强制供款不得对冲转制后服务年资遣散费/长服金；本表以参数记录断点，量化漏损衰减见领取/资产层,[真实数据] 2025-26财年总供款912.3亿；自愿占比约26%；2026Q2总供款234.0亿；覆盖率85%为[假设],混合,[混合] 费率与现行/拟议上下限为制度/公开检讨锚点；缴费人数=劳动人口×LFPR×就业×覆盖[假设路径]；平均入息与人数经总供款量级校准；人口来自队列成分法
2040,中,拟调整_默认,是,10500,40000,模型默认采用拟调整值10500/40000（积金局检讨/劳顾会咨询口径；尚未立法）,0.05,0.05,0.85,432.2186,0.559,0.97,229.4765,33277.0,916.35,0.26,321.96,1238.32,2025-05-01,[真实数据] 2025-05-01起雇主强制供款不得对冲转制后服务年资遣散费/长服金；本表以参数记录断点，量化漏损衰减见领取/资产层,[真实数据] 2025-26财年总供款912.3亿；自愿占比约26%；2026Q2总供款234.0亿；覆盖率85%为[假设],混合,[混合] 费率与现行/拟议上下限为制度/公开检讨锚点；缴费人数=劳动人口×LFPR×就业×覆盖[假设路径]；平均入息与人数经总供款量级校准；人口来自队列成分法
2040,中,现行_对照,否,7100,30000,现行条例7100/30000（约2013/2014年起），作对照情景,0.05,0.05,0.85,432.2186,0.559,0.97,229.4765,27982.9,770.57,0.26,270.74,1041.31,2025-05-01,[真实数据] 2025-05-01起雇主强制供款不得对冲转制后服务年资遣散费/长服金；本表以参数记录断点，量化漏损衰减见领取/资产层,[真实数据] 2025-26财年总供款912.3亿；自愿占比约26%；2026Q2总供款234.0亿；覆盖率85%为[假设],混合,[混合] 费率与现行/拟议上下限为制度/公开检讨锚点；缴费人数=劳动人口×LFPR×就业×覆盖[假设路径]；平均入息与人数经总供款量级校准；人口来自队列成分法
2041,中,拟调整_默认,是,10500,40000,模型默认采用拟调整值10500/40000（积金局检讨/劳顾会咨询口径；尚未立法）,0.05,0.05,0.85,428.6386,0.5575,0.97,226.9651,34275.3,933.52,0.26,327.99,1261.51,2025-05-01,[真实数据] 2025-05-01起雇主强制供款不得对冲转制后服务年资遣散费/长服金；本表以参数记录断点，量化漏损衰减见领取/资产层,[真实数据] 2025-26财年总供款912.3亿；自愿占比约26%；2026Q2总供款234.0亿；覆盖率85%为[假设],混合,[混合] 费率与现行/拟议上下限为制度/公开检讨锚点；缴费人数=劳动人口×LFPR×就业×覆盖[假设路径]；平均入息与人数经总供款量级校准；人口来自队列成分法
2041,中,现行_对照,否,7100,30000,现行条例7100/30000（约2013/2014年起），作对照情景,0.05,0.05,0.85,428.6386,0.5575,0.97,226.9651,28500.0,776.22,0.26,272.73,1048.95,2025-05-01,[真实数据] 2025-05-01起雇主强制供款不得对冲转制后服务年资遣散费/长服金；本表以参数记录断点，量化漏损衰减见领取/资产层,[真实数据] 2025-26财年总供款912.3亿；自愿占比约26%；2026Q2总供款234.0亿；覆盖率85%为[假设],混合,[混合] 费率与现行/拟议上下限为制度/公开检讨锚点；缴费人数=劳动人口×LFPR×就业×覆盖[假设路径]；平均入息与人数经总供款量级校准；人口来自队列成分法
2042,中,拟调整_默认,是,10500,40000,模型默认采用拟调整值10500/40000（积金局检讨/劳顾会咨询口径；尚未立法）,0.05,0.05,0.85,425.4602,0.556,0.97,224.676,35303.5,951.82,0.26,334.42,1286.25,2025-05-01,[真实数据] 2025-05-01起雇主强制供款不得对冲转制后服务年资遣散费/长服金；本表以参数记录断点，量化漏损衰减见领取/资产层,[真实数据] 2025-26财年总供款912.3亿；自愿占比约26%；2026Q2总供款234.0亿；覆盖率85%为[假设],混合,[混合] 费率与现行/拟议上下限为制度/公开检讨锚点；缴费人数=劳动人口×LFPR×就业×覆盖[假设路径]；平均入息与人数经总供款量级校准；人口来自队列成分法
2042,中,现行_对照,否,7100,30000,现行条例7100/30000（约2013/2014年起），作对照情景,0.05,0.05,0.85,425.4602,0.556,0.97,224.676,28500.0,768.39,0.26,269.98,1038.37,2025-05-01,[真实数据] 2025-05-01起雇主强制供款不得对冲转制后服务年资遣散费/长服金；本表以参数记录断点，量化漏损衰减见领取/资产层,[真实数据] 2025-26财年总供款912.3亿；自愿占比约26%；2026Q2总供款234.0亿；覆盖率85%为[假设],混合,[混合] 费率与现行/拟议上下限为制度/公开检讨锚点；缴费人数=劳动人口×LFPR×就业×覆盖[假设路径]；平均入息与人数经总供款量级校准；人口来自队列成分法
2043,中,拟调整_默认,是,10500,40000,模型默认采用拟调整值10500/40000（积金局检讨/劳顾会咨询口径；尚未立法）,0.05,0.05,0.85,421.9905,0.5545,0.97,222.2425,36362.6,969.76,0.26,340.73,1310.49,2025-05-01,[真实数据] 2025-05-01起雇主强制供款不得对冲转制后服务年资遣散费/长服金；本表以参数记录断点，量化漏损衰减见领取/资产层,[真实数据] 2025-26财年总供款912.3亿；自愿占比约26%；2026Q2总供款234.0亿；覆盖率85%为[假设],混合,[混合] 费率与现行/拟议上下限为制度/公开检讨锚点；缴费人数=劳动人口×LFPR×就业×覆盖[假设路径]；平均入息与人数经总供款量级校准；人口来自队列成分法
2043,中,现行_对照,否,7100,30000,现行条例7100/30000（约2013/2014年起），作对照情景,0.05,0.05,0.85,421.9905,0.5545,0.97,222.2425,28500.0,760.07,0.26,267.05,1027.12,2025-05-01,[真实数据] 2025-05-01起雇主强制供款不得对冲转制后服务年资遣散费/长服金；本表以参数记录断点，量化漏损衰减见领取/资产层,[真实数据] 2025-26财年总供款912.3亿；自愿占比约26%；2026Q2总供款234.0亿；覆盖率85%为[假设],混合,[混合] 费率与现行/拟议上下限为制度/公开检讨锚点；缴费人数=劳动人口×LFPR×就业×覆盖[假设路径]；平均入息与人数经总供款量级校准；人口来自队列成分法
2044,中,拟调整_默认,是,10500,40000,模型默认采用拟调整值10500/40000（积金局检讨/劳顾会咨询口径；尚未立法）,0.05,0.05,0.85,418.2308,0.553,0.97,219.6666,37453.5,987.27,0.26,346.88,1334.16,2025-05-01,[真实数据] 2025-05-01起雇主强制供款不得对冲转制后服务年资遣散费/长服金；本表以参数记录断点，量化漏损衰减见领取/资产层,[真实数据] 2025-26财年总供款912.3亿；自愿占比约26%；2026Q2总供款234.0亿；覆盖率85%为[假设],混合,[混合] 费率与现行/拟议上下限为制度/公开检讨锚点；缴费人数=劳动人口×LFPR×就业×覆盖[假设路径]；平均入息与人数经总供款量级校准；人口来自队列成分法
2044,中,现行_对照,否,7100,30000,现行条例7100/30000（约2013/2014年起），作对照情景,0.05,0.05,0.85,418.2308,0.553,0.97,219.6666,28500.0,751.26,0.26,263.96,1015.22,2025-05-01,[真实数据] 2025-05-01起雇主强制供款不得对冲转制后服务年资遣散费/长服金；本表以参数记录断点，量化漏损衰减见领取/资产层,[真实数据] 2025-26财年总供款912.3亿；自愿占比约26%；2026Q2总供款234.0亿；覆盖率85%为[假设],混合,[混合] 费率与现行/拟议上下限为制度/公开检讨锚点；缴费人数=劳动人口×LFPR×就业×覆盖[假设路径]；平均入息与人数经总供款量级校准；人口来自队列成分法
2045,中,拟调整_默认,是,10500,40000,模型默认采用拟调整值10500/40000（积金局检讨/劳顾会咨询口径；尚未立法）,0.05,0.05,0.85,414.1823,0.5515,0.97,216.9502,38000.0,989.29,0.26,347.59,1336.88,2025-05-01,[真实数据] 2025-05-01起雇主强制供款不得对冲转制后服务年资遣散费/长服金；本表以参数记录断点，量化漏损衰减见领取/资产层,[真实数据] 2025-26财年总供款912.3亿；自愿占比约26%；2026Q2总供款234.0亿；覆盖率85%为[假设],混合,[混合] 费率与现行/拟议上下限为制度/公开检讨锚点；缴费人数=劳动人口×LFPR×就业×覆盖[假设路径]；平均入息与人数经总供款量级校准；人口来自队列成分法
2045,中,现行_对照,否,7100,30000,现行条例7100/30000（约2013/2014年起），作对照情景,0.05,0.05,0.85,414.1823,0.5515,0.97,216.9502,28500.0,741.97,0.26,260.69,1002.66,2025-05-01,[真实数据] 2025-05-01起雇主强制供款不得对冲转制后服务年资遣散费/长服金；本表以参数记录断点，量化漏损衰减见领取/资产层,[真实数据] 2025-26财年总供款912.3亿；自愿占比约26%；2026Q2总供款234.0亿；覆盖率85%为[假设],混合,[混合] 费率与现行/拟议上下限为制度/公开检讨锚点；缴费人数=劳动人口×LFPR×就业×覆盖[假设路径]；平均入息与人数经总供款量级校准；人口来自队列成分法
2046,中,拟调整_默认,是,10500,40000,模型默认采用拟调整值10500/40000（积金局检讨/劳顾会咨询口径；尚未立法）,0.05,0.05,0.85,409.8464,0.55,0.97,214.0951,38000.0,976.27,0.26,343.02,1319.29,2025-05-01,[真实数据] 2025-05-01起雇主强制供款不得对冲转制后服务年资遣散费/长服金；本表以参数记录断点，量化漏损衰减见领取/资产层,[真实数据] 2025-26财年总供款912.3亿；自愿占比约26%；2026Q2总供款234.0亿；覆盖率85%为[假设],混合,[混合] 费率与现行/拟议上下限为制度/公开检讨锚点；缴费人数=劳动人口×LFPR×就业×覆盖[假设路径]；平均入息与人数经总供款量级校准；人口来自队列成分法
2046,中,现行_对照,否,7100,30000,现行条例7100/30000（约2013/2014年起），作对照情景,0.05,0.05,0.85,409.8464,0.55,0.97,214.0951,28500.0,732.21,0.26,257.26,989.47,2025-05-01,[真实数据] 2025-05-01起雇主强制供款不得对冲转制后服务年资遣散费/长服金；本表以参数记录断点，量化漏损衰减见领取/资产层,[真实数据] 2025-26财年总供款912.3亿；自愿占比约26%；2026Q2总供款234.0亿；覆盖率85%为[假设],混合,[混合] 费率与现行/拟议上下限为制度/公开检讨锚点；缴费人数=劳动人口×LFPR×就业×覆盖[假设路径]；平均入息与人数经总供款量级校准；人口来自队列成分法
2047,中,拟调整_默认,是,10500,40000,模型默认采用拟调整值10500/40000（积金局检讨/劳顾会咨询口径；尚未立法）,0.05,0.05,0.85,405.3807,0.5485,0.97,211.1848,38000.0,963.0,0.26,338.35,1301.36,2025-05-01,[真实数据] 2025-05-01起雇主强制供款不得对冲转制后服务年资遣散费/长服金；本表以参数记录断点，量化漏损衰减见领取/资产层,[真实数据] 2025-26财年总供款912.3亿；自愿占比约26%；2026Q2总供款234.0亿；覆盖率85%为[假设],混合,[混合] 费率与现行/拟议上下限为制度/公开检讨锚点；缴费人数=劳动人口×LFPR×就业×覆盖[假设路径]；平均入息与人数经总供款量级校准；人口来自队列成分法
2047,中,现行_对照,否,7100,30000,现行条例7100/30000（约2013/2014年起），作对照情景,0.05,0.05,0.85,405.3807,0.5485,0.97,211.1848,28500.0,722.25,0.26,253.76,976.02,2025-05-01,[真实数据] 2025-05-01起雇主强制供款不得对冲转制后服务年资遣散费/长服金；本表以参数记录断点，量化漏损衰减见领取/资产层,[真实数据] 2025-26财年总供款912.3亿；自愿占比约26%；2026Q2总供款234.0亿；覆盖率85%为[假设],混合,[混合] 费率与现行/拟议上下限为制度/公开检讨锚点；缴费人数=劳动人口×LFPR×就业×覆盖[假设路径]；平均入息与人数经总供款量级校准；人口来自队列成分法
2048,中,拟调整_默认,是,10500,40000,模型默认采用拟调整值10500/40000（积金局检讨/劳顾会咨询口径；尚未立法）,0.05,0.05,0.85,400.7464,0.547,0.97,208.1996,38000.0,949.39,0.26,333.57,1282.96,2025-05-01,[真实数据] 2025-05-01起雇主强制供款不得对冲转制后服务年资遣散费/长服金；本表以参数记录断点，量化漏损衰减见领取/资产层,[真实数据] 2025-26财年总供款912.3亿；自愿占比约26%；2026Q2总供款234.0亿；覆盖率85%为[假设],混合,[混合] 费率与现行/拟议上下限为制度/公开检讨锚点；缴费人数=劳动人口×LFPR×就业×覆盖[假设路径]；平均入息与人数经总供款量级校准；人口来自队列成分法
2048,中,现行_对照,否,7100,30000,现行条例7100/30000（约2013/2014年起），作对照情景,0.05,0.05,0.85,400.7464,0.547,0.97,208.1996,28500.0,712.04,0.26,250.18,962.22,2025-05-01,[真实数据] 2025-05-01起雇主强制供款不得对冲转制后服务年资遣散费/长服金；本表以参数记录断点，量化漏损衰减见领取/资产层,[真实数据] 2025-26财年总供款912.3亿；自愿占比约26%；2026Q2总供款234.0亿；覆盖率85%为[假设],混合,[混合] 费率与现行/拟议上下限为制度/公开检讨锚点；缴费人数=劳动人口×LFPR×就业×覆盖[假设路径]；平均入息与人数经总供款量级校准；人口来自队列成分法
2049,中,拟调整_默认,是,10500,40000,模型默认采用拟调整值10500/40000（积金局检讨/劳顾会咨询口径；尚未立法）,0.05,0.05,0.85,395.9422,0.5455,0.97,205.1396,38000.0,935.44,0.26,328.67,1264.1,2025-05-01,[真实数据] 2025-05-01起雇主强制供款不得对冲转制后服务年资遣散费/长服金；本表以参数记录断点，量化漏损衰减见领取/资产层,[真实数据] 2025-26财年总供款912.3亿；自愿占比约26%；2026Q2总供款234.0亿；覆盖率85%为[假设],混合,[混合] 费率与现行/拟议上下限为制度/公开检讨锚点；缴费人数=劳动人口×LFPR×就业×覆盖[假设路径]；平均入息与人数经总供款量级校准；人口来自队列成分法
2049,中,现行_对照,否,7100,30000,现行条例7100/30000（约2013/2014年起），作对照情景,0.05,0.05,0.85,395.9422,0.5455,0.97,205.1396,28500.0,701.58,0.26,246.5,948.08,2025-05-01,[真实数据] 2025-05-01起雇主强制供款不得对冲转制后服务年资遣散费/长服金；本表以参数记录断点，量化漏损衰减见领取/资产层,[真实数据] 2025-26财年总供款912.3亿；自愿占比约26%；2026Q2总供款234.0亿；覆盖率85%为[假设],混合,[混合] 费率与现行/拟议上下限为制度/公开检讨锚点；缴费人数=劳动人口×LFPR×就业×覆盖[假设路径]；平均入息与人数经总供款量级校准；人口来自队列成分法
2050,中,拟调整_默认,是,10500,40000,模型默认采用拟调整值10500/40000（积金局检讨/劳顾会咨询口径；尚未立法）,0.05,0.05,0.85,390.9672,0.544,0.97,202.005,38000.0,921.14,0.26,323.64,1244.79,2025-05-01,[真实数据] 2025-05-01起雇主强制供款不得对冲转制后服务年资遣散费/长服金；本表以参数记录断点，量化漏损衰减见领取/资产层,[真实数据] 2025-26财年总供款912.3亿；自愿占比约26%；2026Q2总供款234.0亿；覆盖率85%为[假设],混合,[混合] 费率与现行/拟议上下限为制度/公开检讨锚点；缴费人数=劳动人口×LFPR×就业×覆盖[假设路径]；平均入息与人数经总供款量级校准；人口来自队列成分法
2050,中,现行_对照,否,7100,30000,现行条例7100/30000（约2013/2014年起），作对照情景,0.05,0.05,0.85,390.9672,0.544,0.97,202.005,28500.0,690.86,0.26,242.73,933.59,2025-05-01,[真实数据] 2025-05-01起雇主强制供款不得对冲转制后服务年资遣散费/长服金；本表以参数记录断点，量化漏损衰减见领取/资产层,[真实数据] 2025-26财年总供款912.3亿；自愿占比约26%；2026Q2总供款234.0亿；覆盖率85%为[假设],混合,[混合] 费率与现行/拟议上下限为制度/公开检讨锚点；缴费人数=劳动人口×LFPR×就业×覆盖[假设路径]；平均入息与人数经总供款量级校准；人口来自队列成分法
2051,中,拟调整_默认,是,10500,40000,模型默认采用拟调整值10500/40000（积金局检讨/劳顾会咨询口径；尚未立法）,0.05,0.05,0.85,385.8203,0.5425,0.97,198.7961,38000.0,906.51,0.26,318.5,1225.01,2025-05-01,[真实数据] 2025-05-01起雇主强制供款不得对冲转制后服务年资遣散费/长服金；本表以参数记录断点，量化漏损衰减见领取/资产层,[真实数据] 2025-26财年总供款912.3亿；自愿占比约26%；2026Q2总供款234.0亿；覆盖率85%为[假设],混合,[混合] 费率与现行/拟议上下限为制度/公开检讨锚点；缴费人数=劳动人口×LFPR×就业×覆盖[假设路径]；平均入息与人数经总供款量级校准；人口来自队列成分法
2051,中,现行_对照,否,7100,30000,现行条例7100/30000（约2013/2014年起），作对照情景,0.05,0.05,0.85,385.8203,0.5425,0.97,198.7961,28500.0,679.88,0.26,238.88,918.76,2025-05-01,[真实数据] 2025-05-01起雇主强制供款不得对冲转制后服务年资遣散费/长服金；本表以参数记录断点，量化漏损衰减见领取/资产层,[真实数据] 2025-26财年总供款912.3亿；自愿占比约26%；2026Q2总供款234.0亿；覆盖率85%为[假设],混合,[混合] 费率与现行/拟议上下限为制度/公开检讨锚点；缴费人数=劳动人口×LFPR×就业×覆盖[假设路径]；平均入息与人数经总供款量级校准；人口来自队列成分法
2052,中,拟调整_默认,是,10500,40000,模型默认采用拟调整值10500/40000（积金局检讨/劳顾会咨询口径；尚未立法）,0.05,0.05,0.85,381.0979,0.541,0.97,195.8199,38000.0,892.94,0.26,313.74,1206.67,2025-05-01,[真实数据] 2025-05-01起雇主强制供款不得对冲转制后服务年资遣散费/长服金；本表以参数记录断点，量化漏损衰减见领取/资产层,[真实数据] 2025-26财年总供款912.3亿；自愿占比约26%；2026Q2总供款234.0亿；覆盖率85%为[假设],混合,[混合] 费率与现行/拟议上下限为制度/公开检讨锚点；缴费人数=劳动人口×LFPR×就业×覆盖[假设路径]；平均入息与人数经总供款量级校准；人口来自队列成分法
2052,中,现行_对照,否,7100,30000,现行条例7100/30000（约2013/2014年起），作对照情景,0.05,0.05,0.85,381.0979,0.541,0.97,195.8199,28500.0,669.7,0.26,235.3,905.01,2025-05-01,[真实数据] 2025-05-01起雇主强制供款不得对冲转制后服务年资遣散费/长服金；本表以参数记录断点，量化漏损衰减见领取/资产层,[真实数据] 2025-26财年总供款912.3亿；自愿占比约26%；2026Q2总供款234.0亿；覆盖率85%为[假设],混合,[混合] 费率与现行/拟议上下限为制度/公开检讨锚点；缴费人数=劳动人口×LFPR×就业×覆盖[假设路径]；平均入息与人数经总供款量级校准；人口来自队列成分法
2053,中,拟调整_默认,是,10500,40000,模型默认采用拟调整值10500/40000（积金局检讨/劳顾会咨询口径；尚未立法）,0.05,0.05,0.85,376.2386,0.5395,0.97,192.787,38000.0,879.11,0.26,308.88,1187.98,2025-05-01,[真实数据] 2025-05-01起雇主强制供款不得对冲转制后服务年资遣散费/长服金；本表以参数记录断点，量化漏损衰减见领取/资产层,[真实数据] 2025-26财年总供款912.3亿；自愿占比约26%；2026Q2总供款234.0亿；覆盖率85%为[假设],混合,[混合] 费率与现行/拟议上下限为制度/公开检讨锚点；缴费人数=劳动人口×LFPR×就业×覆盖[假设路径]；平均入息与人数经总供款量级校准；人口来自队列成分法
2053,中,现行_对照,否,7100,30000,现行条例7100/30000（约2013/2014年起），作对照情景,0.05,0.05,0.85,376.2386,0.5395,0.97,192.787,28500.0,659.33,0.26,231.66,890.99,2025-05-01,[真实数据] 2025-05-01起雇主强制供款不得对冲转制后服务年资遣散费/长服金；本表以参数记录断点，量化漏损衰减见领取/资产层,[真实数据] 2025-26财年总供款912.3亿；自愿占比约26%；2026Q2总供款234.0亿；覆盖率85%为[假设],混合,[混合] 费率与现行/拟议上下限为制度/公开检讨锚点；缴费人数=劳动人口×LFPR×就业×覆盖[假设路径]；平均入息与人数经总供款量级校准；人口来自队列成分法
2054,中,拟调整_默认,是,10500,40000,模型默认采用拟调整值10500/40000（积金局检讨/劳顾会咨询口径；尚未立法）,0.05,0.05,0.85,371.2388,0.538,0.97,189.6962,38000.0,865.01,0.26,303.92,1168.94,2025-05-01,[真实数据] 2025-05-01起雇主强制供款不得对冲转制后服务年资遣散费/长服金；本表以参数记录断点，量化漏损衰减见领取/资产层,[真实数据] 2025-26财年总供款912.3亿；自愿占比约26%；2026Q2总供款234.0亿；覆盖率85%为[假设],混合,[混合] 费率与现行/拟议上下限为制度/公开检讨锚点；缴费人数=劳动人口×LFPR×就业×覆盖[假设路径]；平均入息与人数经总供款量级校准；人口来自队列成分法
2054,中,现行_对照,否,7100,30000,现行条例7100/30000（约2013/2014年起），作对照情景,0.05,0.05,0.85,371.2388,0.538,0.97,189.6962,28500.0,648.76,0.26,227.94,876.7,2025-05-01,[真实数据] 2025-05-01起雇主强制供款不得对冲转制后服务年资遣散费/长服金；本表以参数记录断点，量化漏损衰减见领取/资产层,[真实数据] 2025-26财年总供款912.3亿；自愿占比约26%；2026Q2总供款234.0亿；覆盖率85%为[假设],混合,[混合] 费率与现行/拟议上下限为制度/公开检讨锚点；缴费人数=劳动人口×LFPR×就业×覆盖[假设路径]；平均入息与人数经总供款量级校准；人口来自队列成分法
2055,中,拟调整_默认,是,10500,40000,模型默认采用拟调整值10500/40000（积金局检讨/劳顾会咨询口径；尚未立法）,0.05,0.05,0.85,366.0947,0.5365,0.97,186.5461,38000.0,850.65,0.26,298.88,1149.53,2025-05-01,[真实数据] 2025-05-01起雇主强制供款不得对冲转制后服务年资遣散费/长服金；本表以参数记录断点，量化漏损衰减见领取/资产层,[真实数据] 2025-26财年总供款912.3亿；自愿占比约26%；2026Q2总供款234.0亿；覆盖率85%为[假设],混合,[混合] 费率与现行/拟议上下限为制度/公开检讨锚点；缴费人数=劳动人口×LFPR×就业×覆盖[假设路径]；平均入息与人数经总供款量级校准；人口来自队列成分法
2055,中,现行_对照,否,7100,30000,现行条例7100/30000（约2013/2014年起），作对照情景,0.05,0.05,0.85,366.0947,0.5365,0.97,186.5461,28500.0,637.99,0.26,224.16,862.15,2025-05-01,[真实数据] 2025-05-01起雇主强制供款不得对冲转制后服务年资遣散费/长服金；本表以参数记录断点，量化漏损衰减见领取/资产层,[真实数据] 2025-26财年总供款912.3亿；自愿占比约26%；2026Q2总供款234.0亿；覆盖率85%为[假设],混合,[混合] 费率与现行/拟议上下限为制度/公开检讨锚点；缴费人数=劳动人口×LFPR×就业×覆盖[假设路径]；平均入息与人数经总供款量级校准；人口来自队列成分法
2056,中,拟调整_默认,是,10500,40000,模型默认采用拟调整值10500/40000（积金局检讨/劳顾会咨询口径；尚未立法）,0.05,0.05,0.85,360.8022,0.535,0.97,183.3352,38000.0,836.01,0.26,293.73,1129.74,2025-05-01,[真实数据] 2025-05-01起雇主强制供款不得对冲转制后服务年资遣散费/长服金；本表以参数记录断点，量化漏损衰减见领取/资产层,[真实数据] 2025-26财年总供款912.3亿；自愿占比约26%；2026Q2总供款234.0亿；覆盖率85%为[假设],混合,[混合] 费率与现行/拟议上下限为制度/公开检讨锚点；缴费人数=劳动人口×LFPR×就业×覆盖[假设路径]；平均入息与人数经总供款量级校准；人口来自队列成分法
2056,中,现行_对照,否,7100,30000,现行条例7100/30000（约2013/2014年起），作对照情景,0.05,0.05,0.85,360.8022,0.535,0.97,183.3352,28500.0,627.01,0.26,220.3,847.31,2025-05-01,[真实数据] 2025-05-01起雇主强制供款不得对冲转制后服务年资遣散费/长服金；本表以参数记录断点，量化漏损衰减见领取/资产层,[真实数据] 2025-26财年总供款912.3亿；自愿占比约26%；2026Q2总供款234.0亿；覆盖率85%为[假设],混合,[混合] 费率与现行/拟议上下限为制度/公开检讨锚点；缴费人数=劳动人口×LFPR×就业×覆盖[假设路径]；平均入息与人数经总供款量级校准；人口来自队列成分法
2026,高,拟调整_默认,是,10500,40000,模型默认采用拟调整值10500/40000（积金局检讨/劳顾会咨询口径；尚未立法）,0.05,0.05,0.85,464.21,0.6,0.97,280.4107,22000.0,740.28,0.26,260.1,1000.38,2025-05-01,[真实数据] 2025-05-01起雇主强制供款不得对冲转制后服务年资遣散费/长服金；本表以参数记录断点，量化漏损衰减见领取/资产层,[真实数据] 2025-26财年总供款912.3亿；自愿占比约26%；2026Q2总供款234.0亿；覆盖率85%为[假设],混合,[混合] 费率与现行/拟议上下限为制度/公开检讨锚点；缴费人数=劳动人口×LFPR×就业×覆盖[假设路径]；平均入息与人数经总供款量级校准；人口来自队列成分法
2026,高,现行_对照,否,7100,30000,现行条例7100/30000（约2013/2014年起），作对照情景,0.05,0.05,0.85,464.21,0.6,0.97,280.4107,18500.0,622.51,0.26,218.72,841.23,2025-05-01,[真实数据] 2025-05-01起雇主强制供款不得对冲转制后服务年资遣散费/长服金；本表以参数记录断点，量化漏损衰减见领取/资产层,[真实数据] 2025-26财年总供款912.3亿；自愿占比约26%；2026Q2总供款234.0亿；覆盖率85%为[假设],混合,[混合] 费率与现行/拟议上下限为制度/公开检讨锚点；缴费人数=劳动人口×LFPR×就业×覆盖[假设路径]；平均入息与人数经总供款量级校准；人口来自队列成分法
2027,高,拟调整_默认,是,10500,40000,模型默认采用拟调整值10500/40000（积金局检讨/劳顾会咨询口径；尚未立法）,0.05,0.05,0.85,461.9047,0.5985,0.97,278.3206,22880.0,764.16,0.26,268.49,1032.64,2025-05-01,[真实数据] 2025-05-01起雇主强制供款不得对冲转制后服务年资遣散费/长服金；本表以参数记录断点，量化漏损衰减见领取/资产层,[真实数据] 2025-26财年总供款912.3亿；自愿占比约26%；2026Q2总供款234.0亿；覆盖率85%为[假设],混合,[混合] 费率与现行/拟议上下限为制度/公开检讨锚点；缴费人数=劳动人口×LFPR×就业×覆盖[假设路径]；平均入息与人数经总供款量级校准；人口来自队列成分法
2027,高,现行_对照,否,7100,30000,现行条例7100/30000（约2013/2014年起），作对照情景,0.05,0.05,0.85,461.9047,0.5985,0.97,278.3206,19240.0,642.59,0.26,225.77,868.36,2025-05-01,[真实数据] 2025-05-01起雇主强制供款不得对冲转制后服务年资遣散费/长服金；本表以参数记录断点，量化漏损衰减见领取/资产层,[真实数据] 2025-26财年总供款912.3亿；自愿占比约26%；2026Q2总供款234.0亿；覆盖率85%为[假设],混合,[混合] 费率与现行/拟议上下限为制度/公开检讨锚点；缴费人数=劳动人口×LFPR×就业×覆盖[假设路径]；平均入息与人数经总供款量级校准；人口来自队列成分法
2028,高,拟调整_默认,是,10500,40000,模型默认采用拟调整值10500/40000（积金局检讨/劳顾会咨询口径；尚未立法）,0.05,0.05,0.85,459.8752,0.597,0.97,276.4033,23795.2,789.25,0.26,277.3,1066.55,2025-05-01,[真实数据] 2025-05-01起雇主强制供款不得对冲转制后服务年资遣散费/长服金；本表以参数记录断点，量化漏损衰减见领取/资产层,[真实数据] 2025-26财年总供款912.3亿；自愿占比约26%；2026Q2总供款234.0亿；覆盖率85%为[假设],混合,[混合] 费率与现行/拟议上下限为制度/公开检讨锚点；缴费人数=劳动人口×LFPR×就业×覆盖[假设路径]；平均入息与人数经总供款量级校准；人口来自队列成分法
2028,高,现行_对照,否,7100,30000,现行条例7100/30000（约2013/2014年起），作对照情景,0.05,0.05,0.85,459.8752,0.597,0.97,276.4033,20009.6,663.69,0.26,233.19,896.87,2025-05-01,[真实数据] 2025-05-01起雇主强制供款不得对冲转制后服务年资遣散费/长服金；本表以参数记录断点，量化漏损衰减见领取/资产层,[真实数据] 2025-26财年总供款912.3亿；自愿占比约26%；2026Q2总供款234.0亿；覆盖率85%为[假设],混合,[混合] 费率与现行/拟议上下限为制度/公开检讨锚点；缴费人数=劳动人口×LFPR×就业×覆盖[假设路径]；平均入息与人数经总供款量级校准；人口来自队列成分法
2029,高,拟调整_默认,是,10500,40000,模型默认采用拟调整值10500/40000（积金局检讨/劳顾会咨询口径；尚未立法）,0.05,0.05,0.85,458.1182,0.5955,0.97,274.6554,24747.0,815.63,0.26,286.57,1102.2,2025-05-01,[真实数据] 2025-05-01起雇主强制供款不得对冲转制后服务年资遣散费/长服金；本表以参数记录断点，量化漏损衰减见领取/资产层,[真实数据] 2025-26财年总供款912.3亿；自愿占比约26%；2026Q2总供款234.0亿；覆盖率85%为[假设],混合,[混合] 费率与现行/拟议上下限为制度/公开检讨锚点；缴费人数=劳动人口×LFPR×就业×覆盖[假设路径]；平均入息与人数经总供款量级校准；人口来自队列成分法
2029,高,现行_对照,否,7100,30000,现行条例7100/30000（约2013/2014年起），作对照情景,0.05,0.05,0.85,458.1182,0.5955,0.97,274.6554,20810.0,685.87,0.26,240.98,926.85,2025-05-01,[真实数据] 2025-05-01起雇主强制供款不得对冲转制后服务年资遣散费/长服金；本表以参数记录断点，量化漏损衰减见领取/资产层,[真实数据] 2025-26财年总供款912.3亿；自愿占比约26%；2026Q2总供款234.0亿；覆盖率85%为[假设],混合,[混合] 费率与现行/拟议上下限为制度/公开检讨锚点；缴费人数=劳动人口×LFPR×就业×覆盖[假设路径]；平均入息与人数经总供款量级校准；人口来自队列成分法
2030,高,拟调整_默认,是,10500,40000,模型默认采用拟调整值10500/40000（积金局检讨/劳顾会咨询口径；尚未立法）,0.05,0.05,0.85,456.6302,0.594,0.97,273.0737,25736.9,843.37,0.26,296.32,1139.69,2025-05-01,[真实数据] 2025-05-01起雇主强制供款不得对冲转制后服务年资遣散费/长服金；本表以参数记录断点，量化漏损衰减见领取/资产层,[真实数据] 2025-26财年总供款912.3亿；自愿占比约26%；2026Q2总供款234.0亿；覆盖率85%为[假设],混合,[混合] 费率与现行/拟议上下限为制度/公开检讨锚点；缴费人数=劳动人口×LFPR×就业×覆盖[假设路径]；平均入息与人数经总供款量级校准；人口来自队列成分法
2030,高,现行_对照,否,7100,30000,现行条例7100/30000（约2013/2014年起），作对照情景,0.05,0.05,0.85,456.6302,0.594,0.97,273.0737,21642.4,709.2,0.26,249.18,958.37,2025-05-01,[真实数据] 2025-05-01起雇主强制供款不得对冲转制后服务年资遣散费/长服金；本表以参数记录断点，量化漏损衰减见领取/资产层,[真实数据] 2025-26财年总供款912.3亿；自愿占比约26%；2026Q2总供款234.0亿；覆盖率85%为[假设],混合,[混合] 费率与现行/拟议上下限为制度/公开检讨锚点；缴费人数=劳动人口×LFPR×就业×覆盖[假设路径]；平均入息与人数经总供款量级校准；人口来自队列成分法
2031,高,拟调整_默认,是,10500,40000,模型默认采用拟调整值10500/40000（积金局检讨/劳顾会咨询口径；尚未立法）,0.05,0.05,0.85,455.4078,0.5925,0.97,271.6549,26766.4,872.55,0.26,306.57,1179.12,2025-05-01,[真实数据] 2025-05-01起雇主强制供款不得对冲转制后服务年资遣散费/长服金；本表以参数记录断点，量化漏损衰减见领取/资产层,[真实数据] 2025-26财年总供款912.3亿；自愿占比约26%；2026Q2总供款234.0亿；覆盖率85%为[假设],混合,[混合] 费率与现行/拟议上下限为制度/公开检讨锚点；缴费人数=劳动人口×LFPR×就业×覆盖[假设路径]；平均入息与人数经总供款量级校准；人口来自队列成分法
2031,高,现行_对照,否,7100,30000,现行条例7100/30000（约2013/2014年起），作对照情景,0.05,0.05,0.85,455.4078,0.5925,0.97,271.6549,22508.1,733.73,0.26,257.8,991.53,2025-05-01,[真实数据] 2025-05-01起雇主强制供款不得对冲转制后服务年资遣散费/长服金；本表以参数记录断点，量化漏损衰减见领取/资产层,[真实数据] 2025-26财年总供款912.3亿；自愿占比约26%；2026Q2总供款234.0亿；覆盖率85%为[假设],混合,[混合] 费率与现行/拟议上下限为制度/公开检讨锚点；缴费人数=劳动人口×LFPR×就业×覆盖[假设路径]；平均入息与人数经总供款量级校准；人口来自队列成分法
2032,高,拟调整_默认,是,10500,40000,模型默认采用拟调整值10500/40000（积金局检讨/劳顾会咨询口径；尚未立法）,0.05,0.05,0.85,454.6989,0.591,0.97,270.5455,27837.0,903.74,0.26,317.53,1221.27,2025-05-01,[真实数据] 2025-05-01起雇主强制供款不得对冲转制后服务年资遣散费/长服金；本表以参数记录断点，量化漏损衰减见领取/资产层,[真实数据] 2025-26财年总供款912.3亿；自愿占比约26%；2026Q2总供款234.0亿；覆盖率85%为[假设],混合,[混合] 费率与现行/拟议上下限为制度/公开检讨锚点；缴费人数=劳动人口×LFPR×就业×覆盖[假设路径]；平均入息与人数经总供款量级校准；人口来自队列成分法
2032,高,现行_对照,否,7100,30000,现行条例7100/30000（约2013/2014年起），作对照情景,0.05,0.05,0.85,454.6989,0.591,0.97,270.5455,23408.4,759.96,0.26,267.01,1026.98,2025-05-01,[真实数据] 2025-05-01起雇主强制供款不得对冲转制后服务年资遣散费/长服金；本表以参数记录断点，量化漏损衰减见领取/资产层,[真实数据] 2025-26财年总供款912.3亿；自愿占比约26%；2026Q2总供款234.0亿；覆盖率85%为[假设],混合,[混合] 费率与现行/拟议上下限为制度/公开检讨锚点；缴费人数=劳动人口×LFPR×就业×覆盖[假设路径]；平均入息与人数经总供款量级校准；人口来自队列成分法
2033,高,拟调整_默认,是,10500,40000,模型默认采用拟调整值10500/40000（积金局检讨/劳顾会咨询口径；尚未立法）,0.05,0.05,0.85,454.2212,0.5895,0.97,269.5753,28950.5,936.52,0.26,329.05,1265.57,2025-05-01,[真实数据] 2025-05-01起雇主强制供款不得对冲转制后服务年资遣散费/长服金；本表以参数记录断点，量化漏损衰减见领取/资产层,[真实数据] 2025-26财年总供款912.3亿；自愿占比约26%；2026Q2总供款234.0亿；覆盖率85%为[假设],混合,[混合] 费率与现行/拟议上下限为制度/公开检讨锚点；缴费人数=劳动人口×LFPR×就业×覆盖[假设路径]；平均入息与人数经总供款量级校准；人口来自队列成分法
2033,高,现行_对照,否,7100,30000,现行条例7100/30000（约2013/2014年起），作对照情景,0.05,0.05,0.85,454.2212,0.5895,0.97,269.5753,24344.7,787.53,0.26,276.7,1064.23,2025-05-01,[真实数据] 2025-05-01起雇主强制供款不得对冲转制后服务年资遣散费/长服金；本表以参数记录断点，量化漏损衰减见领取/资产层,[真实数据] 2025-26财年总供款912.3亿；自愿占比约26%；2026Q2总供款234.0亿；覆盖率85%为[假设],混合,[混合] 费率与现行/拟议上下限为制度/公开检讨锚点；缴费人数=劳动人口×LFPR×就业×覆盖[假设路径]；平均入息与人数经总供款量级校准；人口来自队列成分法
2034,高,拟调整_默认,是,10500,40000,模型默认采用拟调整值10500/40000（积金局检讨/劳顾会咨询口径；尚未立法）,0.05,0.05,0.85,453.9715,0.588,0.97,268.7415,30108.5,970.97,0.26,341.15,1312.12,2025-05-01,[真实数据] 2025-05-01起雇主强制供款不得对冲转制后服务年资遣散费/长服金；本表以参数记录断点，量化漏损衰减见领取/资产层,[真实数据] 2025-26财年总供款912.3亿；自愿占比约26%；2026Q2总供款234.0亿；覆盖率85%为[假设],混合,[混合] 费率与现行/拟议上下限为制度/公开检讨锚点；缴费人数=劳动人口×LFPR×就业×覆盖[假设路径]；平均入息与人数经总供款量级校准；人口来自队列成分法
2034,高,现行_对照,否,7100,30000,现行条例7100/30000（约2013/2014年起），作对照情景,0.05,0.05,0.85,453.9715,0.588,0.97,268.7415,25318.5,816.5,0.26,286.88,1103.37,2025-05-01,[真实数据] 2025-05-01起雇主强制供款不得对冲转制后服务年资遣散费/长服金；本表以参数记录断点，量化漏损衰减见领取/资产层,[真实数据] 2025-26财年总供款912.3亿；自愿占比约26%；2026Q2总供款234.0亿；覆盖率85%为[假设],混合,[混合] 费率与现行/拟议上下限为制度/公开检讨锚点；缴费人数=劳动人口×LFPR×就业×覆盖[假设路径]；平均入息与人数经总供款量级校准；人口来自队列成分法
2035,高,拟调整_默认,是,10500,40000,模型默认采用拟调整值10500/40000（积金局检讨/劳顾会咨询口径；尚未立法）,0.05,0.05,0.85,453.9472,0.5865,0.97,268.0416,31312.9,1007.18,0.26,353.87,1361.05,2025-05-01,[真实数据] 2025-05-01起雇主强制供款不得对冲转制后服务年资遣散费/长服金；本表以参数记录断点，量化漏损衰减见领取/资产层,[真实数据] 2025-26财年总供款912.3亿；自愿占比约26%；2026Q2总供款234.0亿；覆盖率85%为[假设],混合,[混合] 费率与现行/拟议上下限为制度/公开检讨锚点；缴费人数=劳动人口×LFPR×就业×覆盖[假设路径]；平均入息与人数经总供款量级校准；人口来自队列成分法
2035,高,现行_对照,否,7100,30000,现行条例7100/30000（约2013/2014年起），作对照情景,0.05,0.05,0.85,453.9472,0.5865,0.97,268.0416,26331.3,846.95,0.26,297.58,1144.52,2025-05-01,[真实数据] 2025-05-01起雇主强制供款不得对冲转制后服务年资遣散费/长服金；本表以参数记录断点，量化漏损衰减见领取/资产层,[真实数据] 2025-26财年总供款912.3亿；自愿占比约26%；2026Q2总供款234.0亿；覆盖率85%为[假设],混合,[混合] 费率与现行/拟议上下限为制度/公开检讨锚点；缴费人数=劳动人口×LFPR×就业×覆盖[假设路径]；平均入息与人数经总供款量级校准；人口来自队列成分法
2036,高,拟调整_默认,是,10500,40000,模型默认采用拟调整值10500/40000（积金局检讨/劳顾会咨询口径；尚未立法）,0.05,0.05,0.85,454.1454,0.585,0.97,267.4728,32565.4,1045.24,0.26,367.25,1412.49,2025-05-01,[真实数据] 2025-05-01起雇主强制供款不得对冲转制后服务年资遣散费/长服金；本表以参数记录断点，量化漏损衰减见领取/资产层,[真实数据] 2025-26财年总供款912.3亿；自愿占比约26%；2026Q2总供款234.0亿；覆盖率85%为[假设],混合,[混合] 费率与现行/拟议上下限为制度/公开检讨锚点；缴费人数=劳动人口×LFPR×就业×覆盖[假设路径]；平均入息与人数经总供款量级校准；人口来自队列成分法
2036,高,现行_对照,否,7100,30000,现行条例7100/30000（约2013/2014年起），作对照情景,0.05,0.05,0.85,454.1454,0.585,0.97,267.4728,27384.5,878.95,0.26,308.82,1187.78,2025-05-01,[真实数据] 2025-05-01起雇主强制供款不得对冲转制后服务年资遣散费/长服金；本表以参数记录断点，量化漏损衰减见领取/资产层,[真实数据] 2025-26财年总供款912.3亿；自愿占比约26%；2026Q2总供款234.0亿；覆盖率85%为[假设],混合,[混合] 费率与现行/拟议上下限为制度/公开检讨锚点；缴费人数=劳动人口×LFPR×就业×覆盖[假设路径]；平均入息与人数经总供款量级校准；人口来自队列成分法
2037,高,拟调整_默认,是,10500,40000,模型默认采用拟调整值10500/40000（积金局检讨/劳顾会咨询口径；尚未立法）,0.05,0.05,0.85,452.5729,0.5835,0.97,265.8632,33868.0,1080.51,0.26,379.64,1460.15,2025-05-01,[真实数据] 2025-05-01起雇主强制供款不得对冲转制后服务年资遣散费/长服金；本表以参数记录断点，量化漏损衰减见领取/资产层,[真实数据] 2025-26财年总供款912.3亿；自愿占比约26%；2026Q2总供款234.0亿；覆盖率85%为[假设],混合,[混合] 费率与现行/拟议上下限为制度/公开检讨锚点；缴费人数=劳动人口×LFPR×就业×覆盖[假设路径]；平均入息与人数经总供款量级校准；人口来自队列成分法
2037,高,现行_对照,否,7100,30000,现行条例7100/30000（约2013/2014年起），作对照情景,0.05,0.05,0.85,452.5729,0.5835,0.97,265.8632,28479.9,908.61,0.26,319.24,1227.85,2025-05-01,[真实数据] 2025-05-01起雇主强制供款不得对冲转制后服务年资遣散费/长服金；本表以参数记录断点，量化漏损衰减见领取/资产层,[真实数据] 2025-26财年总供款912.3亿；自愿占比约26%；2026Q2总供款234.0亿；覆盖率85%为[假设],混合,[混合] 费率与现行/拟议上下限为制度/公开检讨锚点；缴费人数=劳动人口×LFPR×就业×覆盖[假设路径]；平均入息与人数经总供款量级校准；人口来自队列成分法
2038,高,拟调整_默认,是,10500,40000,模型默认采用拟调整值10500/40000（积金局检讨/劳顾会咨询口径；尚未立法）,0.05,0.05,0.85,450.7116,0.582,0.97,264.0891,35222.7,1116.23,0.26,392.19,1508.42,2025-05-01,[真实数据] 2025-05-01起雇主强制供款不得对冲转制后服务年资遣散费/长服金；本表以参数记录断点，量化漏损衰减见领取/资产层,[真实数据] 2025-26财年总供款912.3亿；自愿占比约26%；2026Q2总供款234.0亿；覆盖率85%为[假设],混合,[混合] 费率与现行/拟议上下限为制度/公开检讨锚点；缴费人数=劳动人口×LFPR×就业×覆盖[假设路径]；平均入息与人数经总供款量级校准；人口来自队列成分法
2038,高,现行_对照,否,7100,30000,现行条例7100/30000（约2013/2014年起），作对照情景,0.05,0.05,0.85,450.7116,0.582,0.97,264.0891,28500.0,903.18,0.26,317.34,1220.52,2025-05-01,[真实数据] 2025-05-01起雇主强制供款不得对冲转制后服务年资遣散费/长服金；本表以参数记录断点，量化漏损衰减见领取/资产层,[真实数据] 2025-26财年总供款912.3亿；自愿占比约26%；2026Q2总供款234.0亿；覆盖率85%为[假设],混合,[混合] 费率与现行/拟议上下限为制度/公开检讨锚点；缴费人数=劳动人口×LFPR×就业×覆盖[假设路径]；平均入息与人数经总供款量级校准；人口来自队列成分法
2039,高,拟调整_默认,是,10500,40000,模型默认采用拟调整值10500/40000（积金局检讨/劳顾会咨询口径；尚未立法）,0.05,0.05,0.85,448.5637,0.5805,0.97,262.1532,36631.6,1152.37,0.26,404.89,1557.26,2025-05-01,[真实数据] 2025-05-01起雇主强制供款不得对冲转制后服务年资遣散费/长服金；本表以参数记录断点，量化漏损衰减见领取/资产层,[真实数据] 2025-26财年总供款912.3亿；自愿占比约26%；2026Q2总供款234.0亿；覆盖率85%为[假设],混合,[混合] 费率与现行/拟议上下限为制度/公开检讨锚点；缴费人数=劳动人口×LFPR×就业×覆盖[假设路径]；平均入息与人数经总供款量级校准；人口来自队列成分法
2039,高,现行_对照,否,7100,30000,现行条例7100/30000（约2013/2014年起），作对照情景,0.05,0.05,0.85,448.5637,0.5805,0.97,262.1532,28500.0,896.56,0.26,315.01,1211.57,2025-05-01,[真实数据] 2025-05-01起雇主强制供款不得对冲转制后服务年资遣散费/长服金；本表以参数记录断点，量化漏损衰减见领取/资产层,[真实数据] 2025-26财年总供款912.3亿；自愿占比约26%；2026Q2总供款234.0亿；覆盖率85%为[假设],混合,[混合] 费率与现行/拟议上下限为制度/公开检讨锚点；缴费人数=劳动人口×LFPR×就业×覆盖[假设路径]；平均入息与人数经总供款量级校准；人口来自队列成分法
2040,高,拟调整_默认,是,10500,40000,模型默认采用拟调整值10500/40000（积金局检讨/劳顾会咨询口径；尚未立法）,0.05,0.05,0.85,446.1313,0.579,0.97,260.0579,38000.0,1185.86,0.26,416.65,1602.52,2025-05-01,[真实数据] 2025-05-01起雇主强制供款不得对冲转制后服务年资遣散费/长服金；本表以参数记录断点，量化漏损衰减见领取/资产层,[真实数据] 2025-26财年总供款912.3亿；自愿占比约26%；2026Q2总供款234.0亿；覆盖率85%为[假设],混合,[混合] 费率与现行/拟议上下限为制度/公开检讨锚点；缴费人数=劳动人口×LFPR×就业×覆盖[假设路径]；平均入息与人数经总供款量级校准；人口来自队列成分法
2040,高,现行_对照,否,7100,30000,现行条例7100/30000（约2013/2014年起），作对照情景,0.05,0.05,0.85,446.1313,0.579,0.97,260.0579,28500.0,889.4,0.26,312.49,1201.89,2025-05-01,[真实数据] 2025-05-01起雇主强制供款不得对冲转制后服务年资遣散费/长服金；本表以参数记录断点，量化漏损衰减见领取/资产层,[真实数据] 2025-26财年总供款912.3亿；自愿占比约26%；2026Q2总供款234.0亿；覆盖率85%为[假设],混合,[混合] 费率与现行/拟议上下限为制度/公开检讨锚点；缴费人数=劳动人口×LFPR×就业×覆盖[假设路径]；平均入息与人数经总供款量级校准；人口来自队列成分法
2041,高,拟调整_默认,是,10500,40000,模型默认采用拟调整值10500/40000（积金局检讨/劳顾会咨询口径；尚未立法）,0.05,0.05,0.85,443.4165,0.5775,0.97,257.8058,38000.0,1175.59,0.26,413.05,1588.64,2025-05-01,[真实数据] 2025-05-01起雇主强制供款不得对冲转制后服务年资遣散费/长服金；本表以参数记录断点，量化漏损衰减见领取/资产层,[真实数据] 2025-26财年总供款912.3亿；自愿占比约26%；2026Q2总供款234.0亿；覆盖率85%为[假设],混合,[混合] 费率与现行/拟议上下限为制度/公开检讨锚点；缴费人数=劳动人口×LFPR×就业×覆盖[假设路径]；平均入息与人数经总供款量级校准；人口来自队列成分法
2041,高,现行_对照,否,7100,30000,现行条例7100/30000（约2013/2014年起），作对照情景,0.05,0.05,0.85,443.4165,0.5775,0.97,257.8058,28500.0,881.7,0.26,309.79,1191.48,2025-05-01,[真实数据] 2025-05-01起雇主强制供款不得对冲转制后服务年资遣散费/长服金；本表以参数记录断点，量化漏损衰减见领取/资产层,[真实数据] 2025-26财年总供款912.3亿；自愿占比约26%；2026Q2总供款234.0亿；覆盖率85%为[假设],混合,[混合] 费率与现行/拟议上下限为制度/公开检讨锚点；缴费人数=劳动人口×LFPR×就业×覆盖[假设路径]；平均入息与人数经总供款量级校准；人口来自队列成分法
2042,高,拟调整_默认,是,10500,40000,模型默认采用拟调整值10500/40000（积金局检讨/劳顾会咨询口径；尚未立法）,0.05,0.05,0.85,441.3816,0.576,0.97,255.9561,38000.0,1167.16,0.26,410.08,1577.24,2025-05-01,[真实数据] 2025-05-01起雇主强制供款不得对冲转制后服务年资遣散费/长服金；本表以参数记录断点，量化漏损衰减见领取/资产层,[真实数据] 2025-26财年总供款912.3亿；自愿占比约26%；2026Q2总供款234.0亿；覆盖率85%为[假设],混合,[混合] 费率与现行/拟议上下限为制度/公开检讨锚点；缴费人数=劳动人口×LFPR×就业×覆盖[假设路径]；平均入息与人数经总供款量级校准；人口来自队列成分法
2042,高,现行_对照,否,7100,30000,现行条例7100/30000（约2013/2014年起），作对照情景,0.05,0.05,0.85,441.3816,0.576,0.97,255.9561,28500.0,875.37,0.26,307.56,1182.93,2025-05-01,[真实数据] 2025-05-01起雇主强制供款不得对冲转制后服务年资遣散费/长服金；本表以参数记录断点，量化漏损衰减见领取/资产层,[真实数据] 2025-26财年总供款912.3亿；自愿占比约26%；2026Q2总供款234.0亿；覆盖率85%为[假设],混合,[混合] 费率与现行/拟议上下限为制度/公开检讨锚点；缴费人数=劳动人口×LFPR×就业×覆盖[假设路径]；平均入息与人数经总供款量级校准；人口来自队列成分法
2043,高,拟调整_默认,是,10500,40000,模型默认采用拟调整值10500/40000（积金局检讨/劳顾会咨询口径；尚未立法）,0.05,0.05,0.85,439.005,0.5745,0.97,253.915,38000.0,1157.85,0.26,406.81,1564.67,2025-05-01,[真实数据] 2025-05-01起雇主强制供款不得对冲转制后服务年资遣散费/长服金；本表以参数记录断点，量化漏损衰减见领取/资产层,[真实数据] 2025-26财年总供款912.3亿；自愿占比约26%；2026Q2总供款234.0亿；覆盖率85%为[假设],混合,[混合] 费率与现行/拟议上下限为制度/公开检讨锚点；缴费人数=劳动人口×LFPR×就业×覆盖[假设路径]；平均入息与人数经总供款量级校准；人口来自队列成分法
2043,高,现行_对照,否,7100,30000,现行条例7100/30000（约2013/2014年起），作对照情景,0.05,0.05,0.85,439.005,0.5745,0.97,253.915,28500.0,868.39,0.26,305.11,1173.5,2025-05-01,[真实数据] 2025-05-01起雇主强制供款不得对冲转制后服务年资遣散费/长服金；本表以参数记录断点，量化漏损衰减见领取/资产层,[真实数据] 2025-26财年总供款912.3亿；自愿占比约26%；2026Q2总供款234.0亿；覆盖率85%为[假设],混合,[混合] 费率与现行/拟议上下限为制度/公开检讨锚点；缴费人数=劳动人口×LFPR×就业×覆盖[假设路径]；平均入息与人数经总供款量级校准；人口来自队列成分法
2044,高,拟调整_默认,是,10500,40000,模型默认采用拟调整值10500/40000（积金局检讨/劳顾会咨询口径；尚未立法）,0.05,0.05,0.85,436.2887,0.573,0.97,251.6851,38000.0,1147.68,0.26,403.24,1550.92,2025-05-01,[真实数据] 2025-05-01起雇主强制供款不得对冲转制后服务年资遣散费/长服金；本表以参数记录断点，量化漏损衰减见领取/资产层,[真实数据] 2025-26财年总供款912.3亿；自愿占比约26%；2026Q2总供款234.0亿；覆盖率85%为[假设],混合,[混合] 费率与现行/拟议上下限为制度/公开检讨锚点；缴费人数=劳动人口×LFPR×就业×覆盖[假设路径]；平均入息与人数经总供款量级校准；人口来自队列成分法
2044,高,现行_对照,否,7100,30000,现行条例7100/30000（约2013/2014年起），作对照情景,0.05,0.05,0.85,436.2887,0.573,0.97,251.6851,28500.0,860.76,0.26,302.43,1163.19,2025-05-01,[真实数据] 2025-05-01起雇主强制供款不得对冲转制后服务年资遣散费/长服金；本表以参数记录断点，量化漏损衰减见领取/资产层,[真实数据] 2025-26财年总供款912.3亿；自愿占比约26%；2026Q2总供款234.0亿；覆盖率85%为[假设],混合,[混合] 费率与现行/拟议上下限为制度/公开检讨锚点；缴费人数=劳动人口×LFPR×就业×覆盖[假设路径]；平均入息与人数经总供款量级校准；人口来自队列成分法
2045,高,拟调整_默认,是,10500,40000,模型默认采用拟调整值10500/40000（积金局检讨/劳顾会咨询口径；尚未立法）,0.05,0.05,0.85,433.2349,0.5715,0.97,249.2691,38000.0,1136.67,0.26,399.37,1536.04,2025-05-01,[真实数据] 2025-05-01起雇主强制供款不得对冲转制后服务年资遣散费/长服金；本表以参数记录断点，量化漏损衰减见领取/资产层,[真实数据] 2025-26财年总供款912.3亿；自愿占比约26%；2026Q2总供款234.0亿；覆盖率85%为[假设],混合,[混合] 费率与现行/拟议上下限为制度/公开检讨锚点；缴费人数=劳动人口×LFPR×就业×覆盖[假设路径]；平均入息与人数经总供款量级校准；人口来自队列成分法
2045,高,现行_对照,否,7100,30000,现行条例7100/30000（约2013/2014年起），作对照情景,0.05,0.05,0.85,433.2349,0.5715,0.97,249.2691,28500.0,852.5,0.26,299.53,1152.03,2025-05-01,[真实数据] 2025-05-01起雇主强制供款不得对冲转制后服务年资遣散费/长服金；本表以参数记录断点，量化漏损衰减见领取/资产层,[真实数据] 2025-26财年总供款912.3亿；自愿占比约26%；2026Q2总供款234.0亿；覆盖率85%为[假设],混合,[混合] 费率与现行/拟议上下限为制度/公开检讨锚点；缴费人数=劳动人口×LFPR×就业×覆盖[假设路径]；平均入息与人数经总供款量级校准；人口来自队列成分法
2046,高,拟调整_默认,是,10500,40000,模型默认采用拟调整值10500/40000（积金局检讨/劳顾会咨询口径；尚未立法）,0.05,0.05,0.85,429.8456,0.57,0.97,246.6699,38000.0,1124.81,0.26,395.21,1520.02,2025-05-01,[真实数据] 2025-05-01起雇主强制供款不得对冲转制后服务年资遣散费/长服金；本表以参数记录断点，量化漏损衰减见领取/资产层,[真实数据] 2025-26财年总供款912.3亿；自愿占比约26%；2026Q2总供款234.0亿；覆盖率85%为[假设],混合,[混合] 费率与现行/拟议上下限为制度/公开检讨锚点；缴费人数=劳动人口×LFPR×就业×覆盖[假设路径]；平均入息与人数经总供款量级校准；人口来自队列成分法
2046,高,现行_对照,否,7100,30000,现行条例7100/30000（约2013/2014年起），作对照情景,0.05,0.05,0.85,429.8456,0.57,0.97,246.6699,28500.0,843.61,0.26,296.4,1140.01,2025-05-01,[真实数据] 2025-05-01起雇主强制供款不得对冲转制后服务年资遣散费/长服金；本表以参数记录断点，量化漏损衰减见领取/资产层,[真实数据] 2025-26财年总供款912.3亿；自愿占比约26%；2026Q2总供款234.0亿；覆盖率85%为[假设],混合,[混合] 费率与现行/拟议上下限为制度/公开检讨锚点；缴费人数=劳动人口×LFPR×就业×覆盖[假设路径]；平均入息与人数经总供款量级校准；人口来自队列成分法
2047,高,拟调整_默认,是,10500,40000,模型默认采用拟调整值10500/40000（积金局检讨/劳顾会咨询口径；尚未立法）,0.05,0.05,0.85,426.2796,0.5685,0.97,243.9798,38000.0,1112.55,0.26,390.9,1503.44,2025-05-01,[真实数据] 2025-05-01起雇主强制供款不得对冲转制后服务年资遣散费/长服金；本表以参数记录断点，量化漏损衰减见领取/资产层,[真实数据] 2025-26财年总供款912.3亿；自愿占比约26%；2026Q2总供款234.0亿；覆盖率85%为[假设],混合,[混合] 费率与现行/拟议上下限为制度/公开检讨锚点；缴费人数=劳动人口×LFPR×就业×覆盖[假设路径]；平均入息与人数经总供款量级校准；人口来自队列成分法
2047,高,现行_对照,否,7100,30000,现行条例7100/30000（约2013/2014年起），作对照情景,0.05,0.05,0.85,426.2796,0.5685,0.97,243.9798,28500.0,834.41,0.26,293.17,1127.58,2025-05-01,[真实数据] 2025-05-01起雇主强制供款不得对冲转制后服务年资遣散费/长服金；本表以参数记录断点，量化漏损衰减见领取/资产层,[真实数据] 2025-26财年总供款912.3亿；自愿占比约26%；2026Q2总供款234.0亿；覆盖率85%为[假设],混合,[混合] 费率与现行/拟议上下限为制度/公开检讨锚点；缴费人数=劳动人口×LFPR×就业×覆盖[假设路径]；平均入息与人数经总供款量级校准；人口来自队列成分法
2048,高,拟调整_默认,是,10500,40000,模型默认采用拟调整值10500/40000（积金局检讨/劳顾会咨询口径；尚未立法）,0.05,0.05,0.85,422.5199,0.567,0.97,241.1899,38000.0,1099.83,0.26,386.43,1486.25,2025-05-01,[真实数据] 2025-05-01起雇主强制供款不得对冲转制后服务年资遣散费/长服金；本表以参数记录断点，量化漏损衰减见领取/资产层,[真实数据] 2025-26财年总供款912.3亿；自愿占比约26%；2026Q2总供款234.0亿；覆盖率85%为[假设],混合,[混合] 费率与现行/拟议上下限为制度/公开检讨锚点；缴费人数=劳动人口×LFPR×就业×覆盖[假设路径]；平均入息与人数经总供款量级校准；人口来自队列成分法
2048,高,现行_对照,否,7100,30000,现行条例7100/30000（约2013/2014年起），作对照情景,0.05,0.05,0.85,422.5199,0.567,0.97,241.1899,28500.0,824.87,0.26,289.82,1114.69,2025-05-01,[真实数据] 2025-05-01起雇主强制供款不得对冲转制后服务年资遣散费/长服金；本表以参数记录断点，量化漏损衰减见领取/资产层,[真实数据] 2025-26财年总供款912.3亿；自愿占比约26%；2026Q2总供款234.0亿；覆盖率85%为[假设],混合,[混合] 费率与现行/拟议上下限为制度/公开检讨锚点；缴费人数=劳动人口×LFPR×就业×覆盖[假设路径]；平均入息与人数经总供款量级校准；人口来自队列成分法
2049,高,拟调整_默认,是,10500,40000,模型默认采用拟调整值10500/40000（积金局检讨/劳顾会咨询口径；尚未立法）,0.05,0.05,0.85,418.5658,0.5655,0.97,238.3007,38000.0,1086.65,0.26,381.8,1468.45,2025-05-01,[真实数据] 2025-05-01起雇主强制供款不得对冲转制后服务年资遣散费/长服金；本表以参数记录断点，量化漏损衰减见领取/资产层,[真实数据] 2025-26财年总供款912.3亿；自愿占比约26%；2026Q2总供款234.0亿；覆盖率85%为[假设],混合,[混合] 费率与现行/拟议上下限为制度/公开检讨锚点；缴费人数=劳动人口×LFPR×就业×覆盖[假设路径]；平均入息与人数经总供款量级校准；人口来自队列成分法
2049,高,现行_对照,否,7100,30000,现行条例7100/30000（约2013/2014年起），作对照情景,0.05,0.05,0.85,418.5658,0.5655,0.97,238.3007,28500.0,814.99,0.26,286.35,1101.34,2025-05-01,[真实数据] 2025-05-01起雇主强制供款不得对冲转制后服务年资遣散费/长服金；本表以参数记录断点，量化漏损衰减见领取/资产层,[真实数据] 2025-26财年总供款912.3亿；自愿占比约26%；2026Q2总供款234.0亿；覆盖率85%为[假设],混合,[混合] 费率与现行/拟议上下限为制度/公开检讨锚点；缴费人数=劳动人口×LFPR×就业×覆盖[假设路径]；平均入息与人数经总供款量级校准；人口来自队列成分法
2050,高,拟调整_默认,是,10500,40000,模型默认采用拟调整值10500/40000（积金局检讨/劳顾会咨询口径；尚未立法）,0.05,0.05,0.85,414.4165,0.564,0.97,235.3125,38000.0,1073.03,0.26,377.01,1450.03,2025-05-01,[真实数据] 2025-05-01起雇主强制供款不得对冲转制后服务年资遣散费/长服金；本表以参数记录断点，量化漏损衰减见领取/资产层,[真实数据] 2025-26财年总供款912.3亿；自愿占比约26%；2026Q2总供款234.0亿；覆盖率85%为[假设],混合,[混合] 费率与现行/拟议上下限为制度/公开检讨锚点；缴费人数=劳动人口×LFPR×就业×覆盖[假设路径]；平均入息与人数经总供款量级校准；人口来自队列成分法
2050,高,现行_对照,否,7100,30000,现行条例7100/30000（约2013/2014年起），作对照情景,0.05,0.05,0.85,414.4165,0.564,0.97,235.3125,28500.0,804.77,0.26,282.76,1087.53,2025-05-01,[真实数据] 2025-05-01起雇主强制供款不得对冲转制后服务年资遣散费/长服金；本表以参数记录断点，量化漏损衰减见领取/资产层,[真实数据] 2025-26财年总供款912.3亿；自愿占比约26%；2026Q2总供款234.0亿；覆盖率85%为[假设],混合,[混合] 费率与现行/拟议上下限为制度/公开检讨锚点；缴费人数=劳动人口×LFPR×就业×覆盖[假设路径]；平均入息与人数经总供款量级校准；人口来自队列成分法
2051,高,拟调整_默认,是,10500,40000,模型默认采用拟调整值10500/40000（积金局检讨/劳顾会咨询口径；尚未立法）,0.05,0.05,0.85,410.0714,0.5625,0.97,232.226,38000.0,1058.95,0.26,372.06,1431.01,2025-05-01,[真实数据] 2025-05-01起雇主强制供款不得对冲转制后服务年资遣散费/长服金；本表以参数记录断点，量化漏损衰减见领取/资产层,[真实数据] 2025-26财年总供款912.3亿；自愿占比约26%；2026Q2总供款234.0亿；覆盖率85%为[假设],混合,[混合] 费率与现行/拟议上下限为制度/公开检讨锚点；缴费人数=劳动人口×LFPR×就业×覆盖[假设路径]；平均入息与人数经总供款量级校准；人口来自队列成分法
2051,高,现行_对照,否,7100,30000,现行条例7100/30000（约2013/2014年起），作对照情景,0.05,0.05,0.85,410.0714,0.5625,0.97,232.226,28500.0,794.21,0.26,279.05,1073.26,2025-05-01,[真实数据] 2025-05-01起雇主强制供款不得对冲转制后服务年资遣散费/长服金；本表以参数记录断点，量化漏损衰减见领取/资产层,[真实数据] 2025-26财年总供款912.3亿；自愿占比约26%；2026Q2总供款234.0亿；覆盖率85%为[假设],混合,[混合] 费率与现行/拟议上下限为制度/公开检讨锚点；缴费人数=劳动人口×LFPR×就业×覆盖[假设路径]；平均入息与人数经总供款量级校准；人口来自队列成分法
2052,高,拟调整_默认,是,10500,40000,模型默认采用拟调整值10500/40000（积金局检讨/劳顾会咨询口径；尚未立法）,0.05,0.05,0.85,406.127,0.561,0.97,229.3789,38000.0,1045.97,0.26,367.5,1413.47,2025-05-01,[真实数据] 2025-05-01起雇主强制供款不得对冲转制后服务年资遣散费/长服金；本表以参数记录断点，量化漏损衰减见领取/资产层,[真实数据] 2025-26财年总供款912.3亿；自愿占比约26%；2026Q2总供款234.0亿；覆盖率85%为[假设],混合,[混合] 费率与现行/拟议上下限为制度/公开检讨锚点；缴费人数=劳动人口×LFPR×就业×覆盖[假设路径]；平均入息与人数经总供款量级校准；人口来自队列成分法
2052,高,现行_对照,否,7100,30000,现行条例7100/30000（约2013/2014年起），作对照情景,0.05,0.05,0.85,406.127,0.561,0.97,229.3789,28500.0,784.48,0.26,275.63,1060.1,2025-05-01,[真实数据] 2025-05-01起雇主强制供款不得对冲转制后服务年资遣散费/长服金；本表以参数记录断点，量化漏损衰减见领取/资产层,[真实数据] 2025-26财年总供款912.3亿；自愿占比约26%；2026Q2总供款234.0亿；覆盖率85%为[假设],混合,[混合] 费率与现行/拟议上下限为制度/公开检讨锚点；缴费人数=劳动人口×LFPR×就业×覆盖[假设路径]；平均入息与人数经总供款量级校准；人口来自队列成分法
2053,高,拟调整_默认,是,10500,40000,模型默认采用拟调整值10500/40000（积金局检讨/劳顾会咨询口径；尚未立法）,0.05,0.05,0.85,402.0252,0.5595,0.97,226.4552,38000.0,1032.64,0.26,362.82,1395.45,2025-05-01,[真实数据] 2025-05-01起雇主强制供款不得对冲转制后服务年资遣散费/长服金；本表以参数记录断点，量化漏损衰减见领取/资产层,[真实数据] 2025-26财年总供款912.3亿；自愿占比约26%；2026Q2总供款234.0亿；覆盖率85%为[假设],混合,[混合] 费率与现行/拟议上下限为制度/公开检讨锚点；缴费人数=劳动人口×LFPR×就业×覆盖[假设路径]；平均入息与人数经总供款量级校准；人口来自队列成分法
2053,高,现行_对照,否,7100,30000,现行条例7100/30000（约2013/2014年起），作对照情景,0.05,0.05,0.85,402.0252,0.5595,0.97,226.4552,28500.0,774.48,0.26,272.11,1046.59,2025-05-01,[真实数据] 2025-05-01起雇主强制供款不得对冲转制后服务年资遣散费/长服金；本表以参数记录断点，量化漏损衰减见领取/资产层,[真实数据] 2025-26财年总供款912.3亿；自愿占比约26%；2026Q2总供款234.0亿；覆盖率85%为[假设],混合,[混合] 费率与现行/拟议上下限为制度/公开检讨锚点；缴费人数=劳动人口×LFPR×就业×覆盖[假设路径]；平均入息与人数经总供款量级校准；人口来自队列成分法
2054,高,拟调整_默认,是,10500,40000,模型默认采用拟调整值10500/40000（积金局检讨/劳顾会咨询口径；尚未立法）,0.05,0.05,0.85,397.7616,0.558,0.97,223.4528,38000.0,1018.94,0.26,358.01,1376.95,2025-05-01,[真实数据] 2025-05-01起雇主强制供款不得对冲转制后服务年资遣散费/长服金；本表以参数记录断点，量化漏损衰减见领取/资产层,[真实数据] 2025-26财年总供款912.3亿；自愿占比约26%；2026Q2总供款234.0亿；覆盖率85%为[假设],混合,[混合] 费率与现行/拟议上下限为制度/公开检讨锚点；缴费人数=劳动人口×LFPR×就业×覆盖[假设路径]；平均入息与人数经总供款量级校准；人口来自队列成分法
2054,高,现行_对照,否,7100,30000,现行条例7100/30000（约2013/2014年起），作对照情景,0.05,0.05,0.85,397.7616,0.558,0.97,223.4528,28500.0,764.21,0.26,268.51,1032.71,2025-05-01,[真实数据] 2025-05-01起雇主强制供款不得对冲转制后服务年资遣散费/长服金；本表以参数记录断点，量化漏损衰减见领取/资产层,[真实数据] 2025-26财年总供款912.3亿；自愿占比约26%；2026Q2总供款234.0亿；覆盖率85%为[假设],混合,[混合] 费率与现行/拟议上下限为制度/公开检讨锚点；缴费人数=劳动人口×LFPR×就业×覆盖[假设路径]；平均入息与人数经总供款量级校准；人口来自队列成分法
2055,高,拟调整_默认,是,10500,40000,模型默认采用拟调整值10500/40000（积金局检讨/劳顾会咨询口径；尚未立法）,0.05,0.05,0.85,393.3313,0.5565,0.97,220.37,38000.0,1004.89,0.26,353.07,1357.96,2025-05-01,[真实数据] 2025-05-01起雇主强制供款不得对冲转制后服务年资遣散费/长服金；本表以参数记录断点，量化漏损衰减见领取/资产层,[真实数据] 2025-26财年总供款912.3亿；自愿占比约26%；2026Q2总供款234.0亿；覆盖率85%为[假设],混合,[混合] 费率与现行/拟议上下限为制度/公开检讨锚点；缴费人数=劳动人口×LFPR×就业×覆盖[假设路径]；平均入息与人数经总供款量级校准；人口来自队列成分法
2055,高,现行_对照,否,7100,30000,现行条例7100/30000（约2013/2014年起），作对照情景,0.05,0.05,0.85,393.3313,0.5565,0.97,220.37,28500.0,753.67,0.26,264.8,1018.47,2025-05-01,[真实数据] 2025-05-01起雇主强制供款不得对冲转制后服务年资遣散费/长服金；本表以参数记录断点，量化漏损衰减见领取/资产层,[真实数据] 2025-26财年总供款912.3亿；自愿占比约26%；2026Q2总供款234.0亿；覆盖率85%为[假设],混合,[混合] 费率与现行/拟议上下限为制度/公开检讨锚点；缴费人数=劳动人口×LFPR×就业×覆盖[假设路径]；平均入息与人数经总供款量级校准；人口来自队列成分法
2056,高,拟调整_默认,是,10500,40000,模型默认采用拟调整值10500/40000（积金局检讨/劳顾会咨询口径；尚未立法）,0.05,0.05,0.85,388.7292,0.555,0.97,217.2046,38000.0,990.45,0.26,348.0,1338.45,2025-05-01,[真实数据] 2025-05-01起雇主强制供款不得对冲转制后服务年资遣散费/长服金；本表以参数记录断点，量化漏损衰减见领取/资产层,[真实数据] 2025-26财年总供款912.3亿；自愿占比约26%；2026Q2总供款234.0亿；覆盖率85%为[假设],混合,[混合] 费率与现行/拟议上下限为制度/公开检讨锚点；缴费人数=劳动人口×LFPR×就业×覆盖[假设路径]；平均入息与人数经总供款量级校准；人口来自队列成分法
2056,高,现行_对照,否,7100,30000,现行条例7100/30000（约2013/2014年起），作对照情景,0.05,0.05,0.85,388.7292,0.555,0.97,217.2046,28500.0,742.84,0.26,261.0,1003.84,2025-05-01,[真实数据] 2025-05-01起雇主强制供款不得对冲转制后服务年资遣散费/长服金；本表以参数记录断点，量化漏损衰减见领取/资产层,[真实数据] 2025-26财年总供款912.3亿；自愿占比约26%；2026Q2总供款234.0亿；覆盖率85%为[假设],混合,[混合] 费率与现行/拟议上下限为制度/公开检讨锚点；缴费人数=劳动人口×LFPR×就业×覆盖[假设路径]；平均入息与人数经总供款量级校准；人口来自队列成分法
