年份,情景,基金类型,配置权重_中枢,年率化回报_小数,年率化回报_百分比,eMPF行政费率_现行,eMPF行政费率_旧值,若仍用旧费率0.37%的净回报_百分比,eMPF降费对净回报提升_bp,真实或假设,来源或假设
2026,低,股票基金,0.3,0.032,3.2,0.0029,0.0037,3.12,8.0,混合,[混合] 股票5.1%/混合4.8%/DIS核心7.3%/制度加权约4.9%为公开回报中枢[真实数据量级]；保守基金与配置权重、情景偏移、周期项为[假设]；eMPF费率0.29%←旧值0.37%[真实数据·积金局]
2026,低,混合资产基金,0.35,0.029,2.9,0.0029,0.0037,2.82,8.0,混合,[混合] 股票5.1%/混合4.8%/DIS核心7.3%/制度加权约4.9%为公开回报中枢[真实数据量级]；保守基金与配置权重、情景偏移、周期项为[假设]；eMPF费率0.29%←旧值0.37%[真实数据·积金局]
2026,低,DIS核心累积基金,0.25,0.054,5.4,0.0029,0.0037,5.32,8.0,混合,[混合] 股票5.1%/混合4.8%/DIS核心7.3%/制度加权约4.9%为公开回报中枢[真实数据量级]；保守基金与配置权重、情景偏移、周期项为[假设]；eMPF费率0.29%←旧值0.37%[真实数据·积金局]
2026,低,保守基金,0.1,0.0093,0.93,0.0029,0.0037,0.85,8.0,混合,[混合] 股票5.1%/混合4.8%/DIS核心7.3%/制度加权约4.9%为公开回报中枢[真实数据量级]；保守基金与配置权重、情景偏移、周期项为[假设]；eMPF费率0.29%←旧值0.37%[真实数据·积金局]
2026,低,制度加权(系统),1.0,0.03,3.0,0.0029,0.0037,2.92,8.0,混合,[混合] 中情景中枢对齐制度加权约4.9%[真实数据量级]；低/高情景约3%/7%[假设]；配置加权参考值≈5.185%；含eMPF敏感性
2026,中,股票基金,0.3,0.051,5.1,0.0029,0.0037,5.02,8.0,混合,[混合] 股票5.1%/混合4.8%/DIS核心7.3%/制度加权约4.9%为公开回报中枢[真实数据量级]；保守基金与配置权重、情景偏移、周期项为[假设]；eMPF费率0.29%←旧值0.37%[真实数据·积金局]
2026,中,混合资产基金,0.35,0.048,4.8,0.0029,0.0037,4.72,8.0,混合,[混合] 股票5.1%/混合4.8%/DIS核心7.3%/制度加权约4.9%为公开回报中枢[真实数据量级]；保守基金与配置权重、情景偏移、周期项为[假设]；eMPF费率0.29%←旧值0.37%[真实数据·积金局]
2026,中,DIS核心累积基金,0.25,0.073,7.3,0.0029,0.0037,7.22,8.0,混合,[混合] 股票5.1%/混合4.8%/DIS核心7.3%/制度加权约4.9%为公开回报中枢[真实数据量级]；保守基金与配置权重、情景偏移、周期项为[假设]；eMPF费率0.29%←旧值0.37%[真实数据·积金局]
2026,中,保守基金,0.1,0.015,1.5,0.0029,0.0037,1.42,8.0,混合,[混合] 股票5.1%/混合4.8%/DIS核心7.3%/制度加权约4.9%为公开回报中枢[真实数据量级]；保守基金与配置权重、情景偏移、周期项为[假设]；eMPF费率0.29%←旧值0.37%[真实数据·积金局]
2026,中,制度加权(系统),1.0,0.049,4.9,0.0029,0.0037,4.82,8.0,混合,[混合] 中情景中枢对齐制度加权约4.9%[真实数据量级]；低/高情景约3%/7%[假设]；配置加权参考值≈5.185%；含eMPF敏感性
2026,高,股票基金,0.3,0.072,7.2,0.0029,0.0037,7.12,8.0,混合,[混合] 股票5.1%/混合4.8%/DIS核心7.3%/制度加权约4.9%为公开回报中枢[真实数据量级]；保守基金与配置权重、情景偏移、周期项为[假设]；eMPF费率0.29%←旧值0.37%[真实数据·积金局]
2026,高,混合资产基金,0.35,0.069,6.9,0.0029,0.0037,6.82,8.0,混合,[混合] 股票5.1%/混合4.8%/DIS核心7.3%/制度加权约4.9%为公开回报中枢[真实数据量级]；保守基金与配置权重、情景偏移、周期项为[假设]；eMPF费率0.29%←旧值0.37%[真实数据·积金局]
2026,高,DIS核心累积基金,0.25,0.094,9.4,0.0029,0.0037,9.32,8.0,混合,[混合] 股票5.1%/混合4.8%/DIS核心7.3%/制度加权约4.9%为公开回报中枢[真实数据量级]；保守基金与配置权重、情景偏移、周期项为[假设]；eMPF费率0.29%←旧值0.37%[真实数据·积金局]
2026,高,保守基金,0.1,0.0213,2.13,0.0029,0.0037,2.05,8.0,混合,[混合] 股票5.1%/混合4.8%/DIS核心7.3%/制度加权约4.9%为公开回报中枢[真实数据量级]；保守基金与配置权重、情景偏移、周期项为[假设]；eMPF费率0.29%←旧值0.37%[真实数据·积金局]
2026,高,制度加权(系统),1.0,0.07,7.0,0.0029,0.0037,6.92,8.0,混合,[混合] 中情景中枢对齐制度加权约4.9%[真实数据量级]；低/高情景约3%/7%[假设]；配置加权参考值≈5.185%；含eMPF敏感性
2027,低,股票基金,0.3,0.033971,3.397,0.0029,0.0037,3.317,8.0,混合,[混合] 股票5.1%/混合4.8%/DIS核心7.3%/制度加权约4.9%为公开回报中枢[真实数据量级]；保守基金与配置权重、情景偏移、周期项为[假设]；eMPF费率0.29%←旧值0.37%[真实数据·积金局]
2027,低,混合资产基金,0.35,0.030971,3.097,0.0029,0.0037,3.017,8.0,混合,[混合] 股票5.1%/混合4.8%/DIS核心7.3%/制度加权约4.9%为公开回报中枢[真实数据量级]；保守基金与配置权重、情景偏移、周期项为[假设]；eMPF费率0.29%←旧值0.37%[真实数据·积金局]
2027,低,DIS核心累积基金,0.25,0.055971,5.597,0.0029,0.0037,5.517,8.0,混合,[混合] 股票5.1%/混合4.8%/DIS核心7.3%/制度加权约4.9%为公开回报中枢[真实数据量级]；保守基金与配置权重、情景偏移、周期项为[假设]；eMPF费率0.29%←旧值0.37%[真实数据·积金局]
2027,低,保守基金,0.1,0.009225,0.922,0.0029,0.0037,0.842,8.0,混合,[混合] 股票5.1%/混合4.8%/DIS核心7.3%/制度加权约4.9%为公开回报中枢[真实数据量级]；保守基金与配置权重、情景偏移、周期项为[假设]；eMPF费率0.29%←旧值0.37%[真实数据·积金局]
2027,低,制度加权(系统),1.0,0.030911,3.091,0.0029,0.0037,3.011,8.0,混合,[混合] 中情景中枢对齐制度加权约4.9%[真实数据量级]；低/高情景约3%/7%[假设]；配置加权参考值≈5.185%；含eMPF敏感性
2027,中,股票基金,0.3,0.052971,5.297,0.0029,0.0037,5.217,8.0,混合,[混合] 股票5.1%/混合4.8%/DIS核心7.3%/制度加权约4.9%为公开回报中枢[真实数据量级]；保守基金与配置权重、情景偏移、周期项为[假设]；eMPF费率0.29%←旧值0.37%[真实数据·积金局]
2027,中,混合资产基金,0.35,0.049971,4.997,0.0029,0.0037,4.917,8.0,混合,[混合] 股票5.1%/混合4.8%/DIS核心7.3%/制度加权约4.9%为公开回报中枢[真实数据量级]；保守基金与配置权重、情景偏移、周期项为[假设]；eMPF费率0.29%←旧值0.37%[真实数据·积金局]
2027,中,DIS核心累积基金,0.25,0.074971,7.497,0.0029,0.0037,7.417,8.0,混合,[混合] 股票5.1%/混合4.8%/DIS核心7.3%/制度加权约4.9%为公开回报中枢[真实数据量级]；保守基金与配置权重、情景偏移、周期项为[假设]；eMPF费率0.29%←旧值0.37%[真实数据·积金局]
2027,中,保守基金,0.1,0.014925,1.492,0.0029,0.0037,1.412,8.0,混合,[混合] 股票5.1%/混合4.8%/DIS核心7.3%/制度加权约4.9%为公开回报中枢[真实数据量级]；保守基金与配置权重、情景偏移、周期项为[假设]；eMPF费率0.29%←旧值0.37%[真实数据·积金局]
2027,中,制度加权(系统),1.0,0.049911,4.991,0.0029,0.0037,4.911,8.0,混合,[混合] 中情景中枢对齐制度加权约4.9%[真实数据量级]；低/高情景约3%/7%[假设]；配置加权参考值≈5.185%；含eMPF敏感性
2027,高,股票基金,0.3,0.073971,7.397,0.0029,0.0037,7.317,8.0,混合,[混合] 股票5.1%/混合4.8%/DIS核心7.3%/制度加权约4.9%为公开回报中枢[真实数据量级]；保守基金与配置权重、情景偏移、周期项为[假设]；eMPF费率0.29%←旧值0.37%[真实数据·积金局]
2027,高,混合资产基金,0.35,0.070971,7.097,0.0029,0.0037,7.017,8.0,混合,[混合] 股票5.1%/混合4.8%/DIS核心7.3%/制度加权约4.9%为公开回报中枢[真实数据量级]；保守基金与配置权重、情景偏移、周期项为[假设]；eMPF费率0.29%←旧值0.37%[真实数据·积金局]
2027,高,DIS核心累积基金,0.25,0.095971,9.597,0.0029,0.0037,9.517,8.0,混合,[混合] 股票5.1%/混合4.8%/DIS核心7.3%/制度加权约4.9%为公开回报中枢[真实数据量级]；保守基金与配置权重、情景偏移、周期项为[假设]；eMPF费率0.29%←旧值0.37%[真实数据·积金局]
2027,高,保守基金,0.1,0.021225,2.123,0.0029,0.0037,2.042,8.0,混合,[混合] 股票5.1%/混合4.8%/DIS核心7.3%/制度加权约4.9%为公开回报中枢[真实数据量级]；保守基金与配置权重、情景偏移、周期项为[假设]；eMPF费率0.29%←旧值0.37%[真实数据·积金局]
2027,高,制度加权(系统),1.0,0.070911,7.091,0.0029,0.0037,7.011,8.0,混合,[混合] 中情景中枢对齐制度加权约4.9%[真实数据量级]；低/高情景约3%/7%[假设]；配置加权参考值≈5.185%；含eMPF敏感性
2028,低,股票基金,0.3,0.0347,3.47,0.0029,0.0037,3.39,8.0,混合,[混合] 股票5.1%/混合4.8%/DIS核心7.3%/制度加权约4.9%为公开回报中枢[真实数据量级]；保守基金与配置权重、情景偏移、周期项为[假设]；eMPF费率0.29%←旧值0.37%[真实数据·积金局]
2028,低,混合资产基金,0.35,0.0317,3.17,0.0029,0.0037,3.09,8.0,混合,[混合] 股票5.1%/混合4.8%/DIS核心7.3%/制度加权约4.9%为公开回报中枢[真实数据量级]；保守基金与配置权重、情景偏移、周期项为[假设]；eMPF费率0.29%←旧值0.37%[真实数据·积金局]
2028,低,DIS核心累积基金,0.25,0.0567,5.67,0.0029,0.0037,5.59,8.0,混合,[混合] 股票5.1%/混合4.8%/DIS核心7.3%/制度加权约4.9%为公开回报中枢[真实数据量级]；保守基金与配置权重、情景偏移、周期项为[假设]；eMPF费率0.29%←旧值0.37%[真实数据·积金局]
2028,低,保守基金,0.1,0.00915,0.915,0.0029,0.0037,0.835,8.0,混合,[混合] 股票5.1%/混合4.8%/DIS核心7.3%/制度加权约4.9%为公开回报中枢[真实数据量级]；保守基金与配置权重、情景偏移、周期项为[假设]；eMPF费率0.29%←旧值0.37%[真实数据·积金局]
2028,低,制度加权(系统),1.0,0.0312,3.12,0.0029,0.0037,3.04,8.0,混合,[混合] 中情景中枢对齐制度加权约4.9%[真实数据量级]；低/高情景约3%/7%[假设]；配置加权参考值≈5.185%；含eMPF敏感性
2028,中,股票基金,0.3,0.0537,5.37,0.0029,0.0037,5.29,8.0,混合,[混合] 股票5.1%/混合4.8%/DIS核心7.3%/制度加权约4.9%为公开回报中枢[真实数据量级]；保守基金与配置权重、情景偏移、周期项为[假设]；eMPF费率0.29%←旧值0.37%[真实数据·积金局]
2028,中,混合资产基金,0.35,0.0507,5.07,0.0029,0.0037,4.99,8.0,混合,[混合] 股票5.1%/混合4.8%/DIS核心7.3%/制度加权约4.9%为公开回报中枢[真实数据量级]；保守基金与配置权重、情景偏移、周期项为[假设]；eMPF费率0.29%←旧值0.37%[真实数据·积金局]
2028,中,DIS核心累积基金,0.25,0.0757,7.57,0.0029,0.0037,7.49,8.0,混合,[混合] 股票5.1%/混合4.8%/DIS核心7.3%/制度加权约4.9%为公开回报中枢[真实数据量级]；保守基金与配置权重、情景偏移、周期项为[假设]；eMPF费率0.29%←旧值0.37%[真实数据·积金局]
2028,中,保守基金,0.1,0.01485,1.485,0.0029,0.0037,1.405,8.0,混合,[混合] 股票5.1%/混合4.8%/DIS核心7.3%/制度加权约4.9%为公开回报中枢[真实数据量级]；保守基金与配置权重、情景偏移、周期项为[假设]；eMPF费率0.29%←旧值0.37%[真实数据·积金局]
2028,中,制度加权(系统),1.0,0.0502,5.02,0.0029,0.0037,4.94,8.0,混合,[混合] 中情景中枢对齐制度加权约4.9%[真实数据量级]；低/高情景约3%/7%[假设]；配置加权参考值≈5.185%；含eMPF敏感性
2028,高,股票基金,0.3,0.0747,7.47,0.0029,0.0037,7.39,8.0,混合,[混合] 股票5.1%/混合4.8%/DIS核心7.3%/制度加权约4.9%为公开回报中枢[真实数据量级]；保守基金与配置权重、情景偏移、周期项为[假设]；eMPF费率0.29%←旧值0.37%[真实数据·积金局]
2028,高,混合资产基金,0.35,0.0717,7.17,0.0029,0.0037,7.09,8.0,混合,[混合] 股票5.1%/混合4.8%/DIS核心7.3%/制度加权约4.9%为公开回报中枢[真实数据量级]；保守基金与配置权重、情景偏移、周期项为[假设]；eMPF费率0.29%←旧值0.37%[真实数据·积金局]
2028,高,DIS核心累积基金,0.25,0.0967,9.67,0.0029,0.0037,9.59,8.0,混合,[混合] 股票5.1%/混合4.8%/DIS核心7.3%/制度加权约4.9%为公开回报中枢[真实数据量级]；保守基金与配置权重、情景偏移、周期项为[假设]；eMPF费率0.29%←旧值0.37%[真实数据·积金局]
2028,高,保守基金,0.1,0.02115,2.115,0.0029,0.0037,2.035,8.0,混合,[混合] 股票5.1%/混合4.8%/DIS核心7.3%/制度加权约4.9%为公开回报中枢[真实数据量级]；保守基金与配置权重、情景偏移、周期项为[假设]；eMPF费率0.29%←旧值0.37%[真实数据·积金局]
2028,高,制度加权(系统),1.0,0.0712,7.12,0.0029,0.0037,7.04,8.0,混合,[混合] 中情景中枢对齐制度加权约4.9%[真实数据量级]；低/高情景约3%/7%[假设]；配置加权参考值≈5.185%；含eMPF敏感性
2029,低,股票基金,0.3,0.033671,3.367,0.0029,0.0037,3.287,8.0,混合,[混合] 股票5.1%/混合4.8%/DIS核心7.3%/制度加权约4.9%为公开回报中枢[真实数据量级]；保守基金与配置权重、情景偏移、周期项为[假设]；eMPF费率0.29%←旧值0.37%[真实数据·积金局]
2029,低,混合资产基金,0.35,0.030671,3.067,0.0029,0.0037,2.987,8.0,混合,[混合] 股票5.1%/混合4.8%/DIS核心7.3%/制度加权约4.9%为公开回报中枢[真实数据量级]；保守基金与配置权重、情景偏移、周期项为[假设]；eMPF费率0.29%←旧值0.37%[真实数据·积金局]
2029,低,DIS核心累积基金,0.25,0.055671,5.567,0.0029,0.0037,5.487,8.0,混合,[混合] 股票5.1%/混合4.8%/DIS核心7.3%/制度加权约4.9%为公开回报中枢[真实数据量级]；保守基金与配置权重、情景偏移、周期项为[假设]；eMPF费率0.29%←旧值0.37%[真实数据·积金局]
2029,低,保守基金,0.1,0.009075,0.907,0.0029,0.0037,0.827,8.0,混合,[混合] 股票5.1%/混合4.8%/DIS核心7.3%/制度加权约4.9%为公开回报中枢[真实数据量级]；保守基金与配置权重、情景偏移、周期项为[假设]；eMPF费率0.29%←旧值0.37%[真实数据·积金局]
2029,低,制度加权(系统),1.0,0.030611,3.061,0.0029,0.0037,2.981,8.0,混合,[混合] 中情景中枢对齐制度加权约4.9%[真实数据量级]；低/高情景约3%/7%[假设]；配置加权参考值≈5.185%；含eMPF敏感性
2029,中,股票基金,0.3,0.052671,5.267,0.0029,0.0037,5.187,8.0,混合,[混合] 股票5.1%/混合4.8%/DIS核心7.3%/制度加权约4.9%为公开回报中枢[真实数据量级]；保守基金与配置权重、情景偏移、周期项为[假设]；eMPF费率0.29%←旧值0.37%[真实数据·积金局]
2029,中,混合资产基金,0.35,0.049671,4.967,0.0029,0.0037,4.887,8.0,混合,[混合] 股票5.1%/混合4.8%/DIS核心7.3%/制度加权约4.9%为公开回报中枢[真实数据量级]；保守基金与配置权重、情景偏移、周期项为[假设]；eMPF费率0.29%←旧值0.37%[真实数据·积金局]
2029,中,DIS核心累积基金,0.25,0.074671,7.467,0.0029,0.0037,7.387,8.0,混合,[混合] 股票5.1%/混合4.8%/DIS核心7.3%/制度加权约4.9%为公开回报中枢[真实数据量级]；保守基金与配置权重、情景偏移、周期项为[假设]；eMPF费率0.29%←旧值0.37%[真实数据·积金局]
2029,中,保守基金,0.1,0.014775,1.478,0.0029,0.0037,1.397,8.0,混合,[混合] 股票5.1%/混合4.8%/DIS核心7.3%/制度加权约4.9%为公开回报中枢[真实数据量级]；保守基金与配置权重、情景偏移、周期项为[假设]；eMPF费率0.29%←旧值0.37%[真实数据·积金局]
2029,中,制度加权(系统),1.0,0.049611,4.961,0.0029,0.0037,4.881,8.0,混合,[混合] 中情景中枢对齐制度加权约4.9%[真实数据量级]；低/高情景约3%/7%[假设]；配置加权参考值≈5.185%；含eMPF敏感性
2029,高,股票基金,0.3,0.073671,7.367,0.0029,0.0037,7.287,8.0,混合,[混合] 股票5.1%/混合4.8%/DIS核心7.3%/制度加权约4.9%为公开回报中枢[真实数据量级]；保守基金与配置权重、情景偏移、周期项为[假设]；eMPF费率0.29%←旧值0.37%[真实数据·积金局]
2029,高,混合资产基金,0.35,0.070671,7.067,0.0029,0.0037,6.987,8.0,混合,[混合] 股票5.1%/混合4.8%/DIS核心7.3%/制度加权约4.9%为公开回报中枢[真实数据量级]；保守基金与配置权重、情景偏移、周期项为[假设]；eMPF费率0.29%←旧值0.37%[真实数据·积金局]
2029,高,DIS核心累积基金,0.25,0.095671,9.567,0.0029,0.0037,9.487,8.0,混合,[混合] 股票5.1%/混合4.8%/DIS核心7.3%/制度加权约4.9%为公开回报中枢[真实数据量级]；保守基金与配置权重、情景偏移、周期项为[假设]；eMPF费率0.29%←旧值0.37%[真实数据·积金局]
2029,高,保守基金,0.1,0.021075,2.107,0.0029,0.0037,2.028,8.0,混合,[混合] 股票5.1%/混合4.8%/DIS核心7.3%/制度加权约4.9%为公开回报中枢[真实数据量级]；保守基金与配置权重、情景偏移、周期项为[假设]；eMPF费率0.29%←旧值0.37%[真实数据·积金局]
2029,高,制度加权(系统),1.0,0.070611,7.061,0.0029,0.0037,6.981,8.0,混合,[混合] 中情景中枢对齐制度加权约4.9%[真实数据量级]；低/高情景约3%/7%[假设]；配置加权参考值≈5.185%；含eMPF敏感性
2030,低,股票基金,0.3,0.0314,3.14,0.0029,0.0037,3.06,8.0,混合,[混合] 股票5.1%/混合4.8%/DIS核心7.3%/制度加权约4.9%为公开回报中枢[真实数据量级]；保守基金与配置权重、情景偏移、周期项为[假设]；eMPF费率0.29%←旧值0.37%[真实数据·积金局]
2030,低,混合资产基金,0.35,0.0284,2.84,0.0029,0.0037,2.76,8.0,混合,[混合] 股票5.1%/混合4.8%/DIS核心7.3%/制度加权约4.9%为公开回报中枢[真实数据量级]；保守基金与配置权重、情景偏移、周期项为[假设]；eMPF费率0.29%←旧值0.37%[真实数据·积金局]
2030,低,DIS核心累积基金,0.25,0.0534,5.34,0.0029,0.0037,5.26,8.0,混合,[混合] 股票5.1%/混合4.8%/DIS核心7.3%/制度加权约4.9%为公开回报中枢[真实数据量级]；保守基金与配置权重、情景偏移、周期项为[假设]；eMPF费率0.29%←旧值0.37%[真实数据·积金局]
2030,低,保守基金,0.1,0.009,0.9,0.0029,0.0037,0.82,8.0,混合,[混合] 股票5.1%/混合4.8%/DIS核心7.3%/制度加权约4.9%为公开回报中枢[真实数据量级]；保守基金与配置权重、情景偏移、周期项为[假设]；eMPF费率0.29%←旧值0.37%[真实数据·积金局]
2030,低,制度加权(系统),1.0,0.0294,2.94,0.0029,0.0037,2.86,8.0,混合,[混合] 中情景中枢对齐制度加权约4.9%[真实数据量级]；低/高情景约3%/7%[假设]；配置加权参考值≈5.185%；含eMPF敏感性
2030,中,股票基金,0.3,0.0504,5.04,0.0029,0.0037,4.96,8.0,混合,[混合] 股票5.1%/混合4.8%/DIS核心7.3%/制度加权约4.9%为公开回报中枢[真实数据量级]；保守基金与配置权重、情景偏移、周期项为[假设]；eMPF费率0.29%←旧值0.37%[真实数据·积金局]
2030,中,混合资产基金,0.35,0.0474,4.74,0.0029,0.0037,4.66,8.0,混合,[混合] 股票5.1%/混合4.8%/DIS核心7.3%/制度加权约4.9%为公开回报中枢[真实数据量级]；保守基金与配置权重、情景偏移、周期项为[假设]；eMPF费率0.29%←旧值0.37%[真实数据·积金局]
2030,中,DIS核心累积基金,0.25,0.0724,7.24,0.0029,0.0037,7.16,8.0,混合,[混合] 股票5.1%/混合4.8%/DIS核心7.3%/制度加权约4.9%为公开回报中枢[真实数据量级]；保守基金与配置权重、情景偏移、周期项为[假设]；eMPF费率0.29%←旧值0.37%[真实数据·积金局]
2030,中,保守基金,0.1,0.0147,1.47,0.0029,0.0037,1.39,8.0,混合,[混合] 股票5.1%/混合4.8%/DIS核心7.3%/制度加权约4.9%为公开回报中枢[真实数据量级]；保守基金与配置权重、情景偏移、周期项为[假设]；eMPF费率0.29%←旧值0.37%[真实数据·积金局]
2030,中,制度加权(系统),1.0,0.0484,4.84,0.0029,0.0037,4.76,8.0,混合,[混合] 中情景中枢对齐制度加权约4.9%[真实数据量级]；低/高情景约3%/7%[假设]；配置加权参考值≈5.185%；含eMPF敏感性
2030,高,股票基金,0.3,0.0714,7.14,0.0029,0.0037,7.06,8.0,混合,[混合] 股票5.1%/混合4.8%/DIS核心7.3%/制度加权约4.9%为公开回报中枢[真实数据量级]；保守基金与配置权重、情景偏移、周期项为[假设]；eMPF费率0.29%←旧值0.37%[真实数据·积金局]
2030,高,混合资产基金,0.35,0.0684,6.84,0.0029,0.0037,6.76,8.0,混合,[混合] 股票5.1%/混合4.8%/DIS核心7.3%/制度加权约4.9%为公开回报中枢[真实数据量级]；保守基金与配置权重、情景偏移、周期项为[假设]；eMPF费率0.29%←旧值0.37%[真实数据·积金局]
2030,高,DIS核心累积基金,0.25,0.0934,9.34,0.0029,0.0037,9.26,8.0,混合,[混合] 股票5.1%/混合4.8%/DIS核心7.3%/制度加权约4.9%为公开回报中枢[真实数据量级]；保守基金与配置权重、情景偏移、周期项为[假设]；eMPF费率0.29%←旧值0.37%[真实数据·积金局]
2030,高,保守基金,0.1,0.021,2.1,0.0029,0.0037,2.02,8.0,混合,[混合] 股票5.1%/混合4.8%/DIS核心7.3%/制度加权约4.9%为公开回报中枢[真实数据量级]；保守基金与配置权重、情景偏移、周期项为[假设]；eMPF费率0.29%←旧值0.37%[真实数据·积金局]
2030,高,制度加权(系统),1.0,0.0694,6.94,0.0029,0.0037,6.86,8.0,混合,[混合] 中情景中枢对齐制度加权约4.9%[真实数据量级]；低/高情景约3%/7%[假设]；配置加权参考值≈5.185%；含eMPF敏感性
2031,低,股票基金,0.3,0.029129,2.913,0.0029,0.0037,2.833,8.0,混合,[混合] 股票5.1%/混合4.8%/DIS核心7.3%/制度加权约4.9%为公开回报中枢[真实数据量级]；保守基金与配置权重、情景偏移、周期项为[假设]；eMPF费率0.29%←旧值0.37%[真实数据·积金局]
2031,低,混合资产基金,0.35,0.026129,2.613,0.0029,0.0037,2.533,8.0,混合,[混合] 股票5.1%/混合4.8%/DIS核心7.3%/制度加权约4.9%为公开回报中枢[真实数据量级]；保守基金与配置权重、情景偏移、周期项为[假设]；eMPF费率0.29%←旧值0.37%[真实数据·积金局]
2031,低,DIS核心累积基金,0.25,0.051129,5.113,0.0029,0.0037,5.033,8.0,混合,[混合] 股票5.1%/混合4.8%/DIS核心7.3%/制度加权约4.9%为公开回报中枢[真实数据量级]；保守基金与配置权重、情景偏移、周期项为[假设]；eMPF费率0.29%←旧值0.37%[真实数据·积金局]
2031,低,保守基金,0.1,0.008925,0.892,0.0029,0.0037,0.812,8.0,混合,[混合] 股票5.1%/混合4.8%/DIS核心7.3%/制度加权约4.9%为公开回报中枢[真实数据量级]；保守基金与配置权重、情景偏移、周期项为[假设]；eMPF费率0.29%←旧值0.37%[真实数据·积金局]
2031,低,制度加权(系统),1.0,0.028189,2.819,0.0029,0.0037,2.739,8.0,混合,[混合] 中情景中枢对齐制度加权约4.9%[真实数据量级]；低/高情景约3%/7%[假设]；配置加权参考值≈5.185%；含eMPF敏感性
2031,中,股票基金,0.3,0.048129,4.813,0.0029,0.0037,4.733,8.0,混合,[混合] 股票5.1%/混合4.8%/DIS核心7.3%/制度加权约4.9%为公开回报中枢[真实数据量级]；保守基金与配置权重、情景偏移、周期项为[假设]；eMPF费率0.29%←旧值0.37%[真实数据·积金局]
2031,中,混合资产基金,0.35,0.045129,4.513,0.0029,0.0037,4.433,8.0,混合,[混合] 股票5.1%/混合4.8%/DIS核心7.3%/制度加权约4.9%为公开回报中枢[真实数据量级]；保守基金与配置权重、情景偏移、周期项为[假设]；eMPF费率0.29%←旧值0.37%[真实数据·积金局]
2031,中,DIS核心累积基金,0.25,0.070129,7.013,0.0029,0.0037,6.933,8.0,混合,[混合] 股票5.1%/混合4.8%/DIS核心7.3%/制度加权约4.9%为公开回报中枢[真实数据量级]；保守基金与配置权重、情景偏移、周期项为[假设]；eMPF费率0.29%←旧值0.37%[真实数据·积金局]
2031,中,保守基金,0.1,0.014625,1.462,0.0029,0.0037,1.382,8.0,混合,[混合] 股票5.1%/混合4.8%/DIS核心7.3%/制度加权约4.9%为公开回报中枢[真实数据量级]；保守基金与配置权重、情景偏移、周期项为[假设]；eMPF费率0.29%←旧值0.37%[真实数据·积金局]
2031,中,制度加权(系统),1.0,0.047189,4.719,0.0029,0.0037,4.639,8.0,混合,[混合] 中情景中枢对齐制度加权约4.9%[真实数据量级]；低/高情景约3%/7%[假设]；配置加权参考值≈5.185%；含eMPF敏感性
2031,高,股票基金,0.3,0.069129,6.913,0.0029,0.0037,6.833,8.0,混合,[混合] 股票5.1%/混合4.8%/DIS核心7.3%/制度加权约4.9%为公开回报中枢[真实数据量级]；保守基金与配置权重、情景偏移、周期项为[假设]；eMPF费率0.29%←旧值0.37%[真实数据·积金局]
2031,高,混合资产基金,0.35,0.066129,6.613,0.0029,0.0037,6.533,8.0,混合,[混合] 股票5.1%/混合4.8%/DIS核心7.3%/制度加权约4.9%为公开回报中枢[真实数据量级]；保守基金与配置权重、情景偏移、周期项为[假设]；eMPF费率0.29%←旧值0.37%[真实数据·积金局]
2031,高,DIS核心累积基金,0.25,0.091129,9.113,0.0029,0.0037,9.033,8.0,混合,[混合] 股票5.1%/混合4.8%/DIS核心7.3%/制度加权约4.9%为公开回报中枢[真实数据量级]；保守基金与配置权重、情景偏移、周期项为[假设]；eMPF费率0.29%←旧值0.37%[真实数据·积金局]
2031,高,保守基金,0.1,0.020925,2.092,0.0029,0.0037,2.012,8.0,混合,[混合] 股票5.1%/混合4.8%/DIS核心7.3%/制度加权约4.9%为公开回报中枢[真实数据量级]；保守基金与配置权重、情景偏移、周期项为[假设]；eMPF费率0.29%←旧值0.37%[真实数据·积金局]
2031,高,制度加权(系统),1.0,0.068189,6.819,0.0029,0.0037,6.739,8.0,混合,[混合] 中情景中枢对齐制度加权约4.9%[真实数据量级]；低/高情景约3%/7%[假设]；配置加权参考值≈5.185%；含eMPF敏感性
2032,低,股票基金,0.3,0.0281,2.81,0.0029,0.0037,2.73,8.0,混合,[混合] 股票5.1%/混合4.8%/DIS核心7.3%/制度加权约4.9%为公开回报中枢[真实数据量级]；保守基金与配置权重、情景偏移、周期项为[假设]；eMPF费率0.29%←旧值0.37%[真实数据·积金局]
2032,低,混合资产基金,0.35,0.0251,2.51,0.0029,0.0037,2.43,8.0,混合,[混合] 股票5.1%/混合4.8%/DIS核心7.3%/制度加权约4.9%为公开回报中枢[真实数据量级]；保守基金与配置权重、情景偏移、周期项为[假设]；eMPF费率0.29%←旧值0.37%[真实数据·积金局]
2032,低,DIS核心累积基金,0.25,0.0501,5.01,0.0029,0.0037,4.93,8.0,混合,[混合] 股票5.1%/混合4.8%/DIS核心7.3%/制度加权约4.9%为公开回报中枢[真实数据量级]；保守基金与配置权重、情景偏移、周期项为[假设]；eMPF费率0.29%←旧值0.37%[真实数据·积金局]
2032,低,保守基金,0.1,0.00885,0.885,0.0029,0.0037,0.805,8.0,混合,[混合] 股票5.1%/混合4.8%/DIS核心7.3%/制度加权约4.9%为公开回报中枢[真实数据量级]；保守基金与配置权重、情景偏移、周期项为[假设]；eMPF费率0.29%←旧值0.37%[真实数据·积金局]
2032,低,制度加权(系统),1.0,0.0276,2.76,0.0029,0.0037,2.68,8.0,混合,[混合] 中情景中枢对齐制度加权约4.9%[真实数据量级]；低/高情景约3%/7%[假设]；配置加权参考值≈5.185%；含eMPF敏感性
2032,中,股票基金,0.3,0.0471,4.71,0.0029,0.0037,4.63,8.0,混合,[混合] 股票5.1%/混合4.8%/DIS核心7.3%/制度加权约4.9%为公开回报中枢[真实数据量级]；保守基金与配置权重、情景偏移、周期项为[假设]；eMPF费率0.29%←旧值0.37%[真实数据·积金局]
2032,中,混合资产基金,0.35,0.0441,4.41,0.0029,0.0037,4.33,8.0,混合,[混合] 股票5.1%/混合4.8%/DIS核心7.3%/制度加权约4.9%为公开回报中枢[真实数据量级]；保守基金与配置权重、情景偏移、周期项为[假设]；eMPF费率0.29%←旧值0.37%[真实数据·积金局]
2032,中,DIS核心累积基金,0.25,0.0691,6.91,0.0029,0.0037,6.83,8.0,混合,[混合] 股票5.1%/混合4.8%/DIS核心7.3%/制度加权约4.9%为公开回报中枢[真实数据量级]；保守基金与配置权重、情景偏移、周期项为[假设]；eMPF费率0.29%←旧值0.37%[真实数据·积金局]
2032,中,保守基金,0.1,0.01455,1.455,0.0029,0.0037,1.375,8.0,混合,[混合] 股票5.1%/混合4.8%/DIS核心7.3%/制度加权约4.9%为公开回报中枢[真实数据量级]；保守基金与配置权重、情景偏移、周期项为[假设]；eMPF费率0.29%←旧值0.37%[真实数据·积金局]
2032,中,制度加权(系统),1.0,0.0466,4.66,0.0029,0.0037,4.58,8.0,混合,[混合] 中情景中枢对齐制度加权约4.9%[真实数据量级]；低/高情景约3%/7%[假设]；配置加权参考值≈5.185%；含eMPF敏感性
2032,高,股票基金,0.3,0.0681,6.81,0.0029,0.0037,6.73,8.0,混合,[混合] 股票5.1%/混合4.8%/DIS核心7.3%/制度加权约4.9%为公开回报中枢[真实数据量级]；保守基金与配置权重、情景偏移、周期项为[假设]；eMPF费率0.29%←旧值0.37%[真实数据·积金局]
2032,高,混合资产基金,0.35,0.0651,6.51,0.0029,0.0037,6.43,8.0,混合,[混合] 股票5.1%/混合4.8%/DIS核心7.3%/制度加权约4.9%为公开回报中枢[真实数据量级]；保守基金与配置权重、情景偏移、周期项为[假设]；eMPF费率0.29%←旧值0.37%[真实数据·积金局]
2032,高,DIS核心累积基金,0.25,0.0901,9.01,0.0029,0.0037,8.93,8.0,混合,[混合] 股票5.1%/混合4.8%/DIS核心7.3%/制度加权约4.9%为公开回报中枢[真实数据量级]；保守基金与配置权重、情景偏移、周期项为[假设]；eMPF费率0.29%←旧值0.37%[真实数据·积金局]
2032,高,保守基金,0.1,0.02085,2.085,0.0029,0.0037,2.005,8.0,混合,[混合] 股票5.1%/混合4.8%/DIS核心7.3%/制度加权约4.9%为公开回报中枢[真实数据量级]；保守基金与配置权重、情景偏移、周期项为[假设]；eMPF费率0.29%←旧值0.37%[真实数据·积金局]
2032,高,制度加权(系统),1.0,0.0676,6.76,0.0029,0.0037,6.68,8.0,混合,[混合] 中情景中枢对齐制度加权约4.9%[真实数据量级]；低/高情景约3%/7%[假设]；配置加权参考值≈5.185%；含eMPF敏感性
2033,低,股票基金,0.3,0.028829,2.883,0.0029,0.0037,2.803,8.0,混合,[混合] 股票5.1%/混合4.8%/DIS核心7.3%/制度加权约4.9%为公开回报中枢[真实数据量级]；保守基金与配置权重、情景偏移、周期项为[假设]；eMPF费率0.29%←旧值0.37%[真实数据·积金局]
2033,低,混合资产基金,0.35,0.025829,2.583,0.0029,0.0037,2.503,8.0,混合,[混合] 股票5.1%/混合4.8%/DIS核心7.3%/制度加权约4.9%为公开回报中枢[真实数据量级]；保守基金与配置权重、情景偏移、周期项为[假设]；eMPF费率0.29%←旧值0.37%[真实数据·积金局]
2033,低,DIS核心累积基金,0.25,0.050829,5.083,0.0029,0.0037,5.003,8.0,混合,[混合] 股票5.1%/混合4.8%/DIS核心7.3%/制度加权约4.9%为公开回报中枢[真实数据量级]；保守基金与配置权重、情景偏移、周期项为[假设]；eMPF费率0.29%←旧值0.37%[真实数据·积金局]
2033,低,保守基金,0.1,0.008775,0.877,0.0029,0.0037,0.797,8.0,混合,[混合] 股票5.1%/混合4.8%/DIS核心7.3%/制度加权约4.9%为公开回报中枢[真实数据量级]；保守基金与配置权重、情景偏移、周期项为[假设]；eMPF费率0.29%←旧值0.37%[真实数据·积金局]
2033,低,制度加权(系统),1.0,0.027889,2.789,0.0029,0.0037,2.709,8.0,混合,[混合] 中情景中枢对齐制度加权约4.9%[真实数据量级]；低/高情景约3%/7%[假设]；配置加权参考值≈5.185%；含eMPF敏感性
2033,中,股票基金,0.3,0.047829,4.783,0.0029,0.0037,4.703,8.0,混合,[混合] 股票5.1%/混合4.8%/DIS核心7.3%/制度加权约4.9%为公开回报中枢[真实数据量级]；保守基金与配置权重、情景偏移、周期项为[假设]；eMPF费率0.29%←旧值0.37%[真实数据·积金局]
2033,中,混合资产基金,0.35,0.044829,4.483,0.0029,0.0037,4.403,8.0,混合,[混合] 股票5.1%/混合4.8%/DIS核心7.3%/制度加权约4.9%为公开回报中枢[真实数据量级]；保守基金与配置权重、情景偏移、周期项为[假设]；eMPF费率0.29%←旧值0.37%[真实数据·积金局]
2033,中,DIS核心累积基金,0.25,0.069829,6.983,0.0029,0.0037,6.903,8.0,混合,[混合] 股票5.1%/混合4.8%/DIS核心7.3%/制度加权约4.9%为公开回报中枢[真实数据量级]；保守基金与配置权重、情景偏移、周期项为[假设]；eMPF费率0.29%←旧值0.37%[真实数据·积金局]
2033,中,保守基金,0.1,0.014475,1.448,0.0029,0.0037,1.367,8.0,混合,[混合] 股票5.1%/混合4.8%/DIS核心7.3%/制度加权约4.9%为公开回报中枢[真实数据量级]；保守基金与配置权重、情景偏移、周期项为[假设]；eMPF费率0.29%←旧值0.37%[真实数据·积金局]
2033,中,制度加权(系统),1.0,0.046889,4.689,0.0029,0.0037,4.609,8.0,混合,[混合] 中情景中枢对齐制度加权约4.9%[真实数据量级]；低/高情景约3%/7%[假设]；配置加权参考值≈5.185%；含eMPF敏感性
2033,高,股票基金,0.3,0.068829,6.883,0.0029,0.0037,6.803,8.0,混合,[混合] 股票5.1%/混合4.8%/DIS核心7.3%/制度加权约4.9%为公开回报中枢[真实数据量级]；保守基金与配置权重、情景偏移、周期项为[假设]；eMPF费率0.29%←旧值0.37%[真实数据·积金局]
2033,高,混合资产基金,0.35,0.065829,6.583,0.0029,0.0037,6.503,8.0,混合,[混合] 股票5.1%/混合4.8%/DIS核心7.3%/制度加权约4.9%为公开回报中枢[真实数据量级]；保守基金与配置权重、情景偏移、周期项为[假设]；eMPF费率0.29%←旧值0.37%[真实数据·积金局]
2033,高,DIS核心累积基金,0.25,0.090829,9.083,0.0029,0.0037,9.003,8.0,混合,[混合] 股票5.1%/混合4.8%/DIS核心7.3%/制度加权约4.9%为公开回报中枢[真实数据量级]；保守基金与配置权重、情景偏移、周期项为[假设]；eMPF费率0.29%←旧值0.37%[真实数据·积金局]
2033,高,保守基金,0.1,0.020775,2.077,0.0029,0.0037,1.998,8.0,混合,[混合] 股票5.1%/混合4.8%/DIS核心7.3%/制度加权约4.9%为公开回报中枢[真实数据量级]；保守基金与配置权重、情景偏移、周期项为[假设]；eMPF费率0.29%←旧值0.37%[真实数据·积金局]
2033,高,制度加权(系统),1.0,0.067889,6.789,0.0029,0.0037,6.709,8.0,混合,[混合] 中情景中枢对齐制度加权约4.9%[真实数据量级]；低/高情景约3%/7%[假设]；配置加权参考值≈5.185%；含eMPF敏感性
2034,低,股票基金,0.3,0.0308,3.08,0.0029,0.0037,3.0,8.0,混合,[混合] 股票5.1%/混合4.8%/DIS核心7.3%/制度加权约4.9%为公开回报中枢[真实数据量级]；保守基金与配置权重、情景偏移、周期项为[假设]；eMPF费率0.29%←旧值0.37%[真实数据·积金局]
2034,低,混合资产基金,0.35,0.0278,2.78,0.0029,0.0037,2.7,8.0,混合,[混合] 股票5.1%/混合4.8%/DIS核心7.3%/制度加权约4.9%为公开回报中枢[真实数据量级]；保守基金与配置权重、情景偏移、周期项为[假设]；eMPF费率0.29%←旧值0.37%[真实数据·积金局]
2034,低,DIS核心累积基金,0.25,0.0528,5.28,0.0029,0.0037,5.2,8.0,混合,[混合] 股票5.1%/混合4.8%/DIS核心7.3%/制度加权约4.9%为公开回报中枢[真实数据量级]；保守基金与配置权重、情景偏移、周期项为[假设]；eMPF费率0.29%←旧值0.37%[真实数据·积金局]
2034,低,保守基金,0.1,0.0087,0.87,0.0029,0.0037,0.79,8.0,混合,[混合] 股票5.1%/混合4.8%/DIS核心7.3%/制度加权约4.9%为公开回报中枢[真实数据量级]；保守基金与配置权重、情景偏移、周期项为[假设]；eMPF费率0.29%←旧值0.37%[真实数据·积金局]
2034,低,制度加权(系统),1.0,0.0288,2.88,0.0029,0.0037,2.8,8.0,混合,[混合] 中情景中枢对齐制度加权约4.9%[真实数据量级]；低/高情景约3%/7%[假设]；配置加权参考值≈5.185%；含eMPF敏感性
2034,中,股票基金,0.3,0.0498,4.98,0.0029,0.0037,4.9,8.0,混合,[混合] 股票5.1%/混合4.8%/DIS核心7.3%/制度加权约4.9%为公开回报中枢[真实数据量级]；保守基金与配置权重、情景偏移、周期项为[假设]；eMPF费率0.29%←旧值0.37%[真实数据·积金局]
2034,中,混合资产基金,0.35,0.0468,4.68,0.0029,0.0037,4.6,8.0,混合,[混合] 股票5.1%/混合4.8%/DIS核心7.3%/制度加权约4.9%为公开回报中枢[真实数据量级]；保守基金与配置权重、情景偏移、周期项为[假设]；eMPF费率0.29%←旧值0.37%[真实数据·积金局]
2034,中,DIS核心累积基金,0.25,0.0718,7.18,0.0029,0.0037,7.1,8.0,混合,[混合] 股票5.1%/混合4.8%/DIS核心7.3%/制度加权约4.9%为公开回报中枢[真实数据量级]；保守基金与配置权重、情景偏移、周期项为[假设]；eMPF费率0.29%←旧值0.37%[真实数据·积金局]
2034,中,保守基金,0.1,0.0144,1.44,0.0029,0.0037,1.36,8.0,混合,[混合] 股票5.1%/混合4.8%/DIS核心7.3%/制度加权约4.9%为公开回报中枢[真实数据量级]；保守基金与配置权重、情景偏移、周期项为[假设]；eMPF费率0.29%←旧值0.37%[真实数据·积金局]
2034,中,制度加权(系统),1.0,0.0478,4.78,0.0029,0.0037,4.7,8.0,混合,[混合] 中情景中枢对齐制度加权约4.9%[真实数据量级]；低/高情景约3%/7%[假设]；配置加权参考值≈5.185%；含eMPF敏感性
2034,高,股票基金,0.3,0.0708,7.08,0.0029,0.0037,7.0,8.0,混合,[混合] 股票5.1%/混合4.8%/DIS核心7.3%/制度加权约4.9%为公开回报中枢[真实数据量级]；保守基金与配置权重、情景偏移、周期项为[假设]；eMPF费率0.29%←旧值0.37%[真实数据·积金局]
2034,高,混合资产基金,0.35,0.0678,6.78,0.0029,0.0037,6.7,8.0,混合,[混合] 股票5.1%/混合4.8%/DIS核心7.3%/制度加权约4.9%为公开回报中枢[真实数据量级]；保守基金与配置权重、情景偏移、周期项为[假设]；eMPF费率0.29%←旧值0.37%[真实数据·积金局]
2034,高,DIS核心累积基金,0.25,0.0928,9.28,0.0029,0.0037,9.2,8.0,混合,[混合] 股票5.1%/混合4.8%/DIS核心7.3%/制度加权约4.9%为公开回报中枢[真实数据量级]；保守基金与配置权重、情景偏移、周期项为[假设]；eMPF费率0.29%←旧值0.37%[真实数据·积金局]
2034,高,保守基金,0.1,0.0207,2.07,0.0029,0.0037,1.99,8.0,混合,[混合] 股票5.1%/混合4.8%/DIS核心7.3%/制度加权约4.9%为公开回报中枢[真实数据量级]；保守基金与配置权重、情景偏移、周期项为[假设]；eMPF费率0.29%←旧值0.37%[真实数据·积金局]
2034,高,制度加权(系统),1.0,0.0688,6.88,0.0029,0.0037,6.8,8.0,混合,[混合] 中情景中枢对齐制度加权约4.9%[真实数据量级]；低/高情景约3%/7%[假设]；配置加权参考值≈5.185%；含eMPF敏感性
2035,低,股票基金,0.3,0.032771,3.277,0.0029,0.0037,3.197,8.0,混合,[混合] 股票5.1%/混合4.8%/DIS核心7.3%/制度加权约4.9%为公开回报中枢[真实数据量级]；保守基金与配置权重、情景偏移、周期项为[假设]；eMPF费率0.29%←旧值0.37%[真实数据·积金局]
2035,低,混合资产基金,0.35,0.029771,2.977,0.0029,0.0037,2.897,8.0,混合,[混合] 股票5.1%/混合4.8%/DIS核心7.3%/制度加权约4.9%为公开回报中枢[真实数据量级]；保守基金与配置权重、情景偏移、周期项为[假设]；eMPF费率0.29%←旧值0.37%[真实数据·积金局]
2035,低,DIS核心累积基金,0.25,0.054771,5.477,0.0029,0.0037,5.397,8.0,混合,[混合] 股票5.1%/混合4.8%/DIS核心7.3%/制度加权约4.9%为公开回报中枢[真实数据量级]；保守基金与配置权重、情景偏移、周期项为[假设]；eMPF费率0.29%←旧值0.37%[真实数据·积金局]
2035,低,保守基金,0.1,0.008625,0.862,0.0029,0.0037,0.782,8.0,混合,[混合] 股票5.1%/混合4.8%/DIS核心7.3%/制度加权约4.9%为公开回报中枢[真实数据量级]；保守基金与配置权重、情景偏移、周期项为[假设]；eMPF费率0.29%←旧值0.37%[真实数据·积金局]
2035,低,制度加权(系统),1.0,0.029711,2.971,0.0029,0.0037,2.891,8.0,混合,[混合] 中情景中枢对齐制度加权约4.9%[真实数据量级]；低/高情景约3%/7%[假设]；配置加权参考值≈5.185%；含eMPF敏感性
2035,中,股票基金,0.3,0.051771,5.177,0.0029,0.0037,5.097,8.0,混合,[混合] 股票5.1%/混合4.8%/DIS核心7.3%/制度加权约4.9%为公开回报中枢[真实数据量级]；保守基金与配置权重、情景偏移、周期项为[假设]；eMPF费率0.29%←旧值0.37%[真实数据·积金局]
2035,中,混合资产基金,0.35,0.048771,4.877,0.0029,0.0037,4.797,8.0,混合,[混合] 股票5.1%/混合4.8%/DIS核心7.3%/制度加权约4.9%为公开回报中枢[真实数据量级]；保守基金与配置权重、情景偏移、周期项为[假设]；eMPF费率0.29%←旧值0.37%[真实数据·积金局]
2035,中,DIS核心累积基金,0.25,0.073771,7.377,0.0029,0.0037,7.297,8.0,混合,[混合] 股票5.1%/混合4.8%/DIS核心7.3%/制度加权约4.9%为公开回报中枢[真实数据量级]；保守基金与配置权重、情景偏移、周期项为[假设]；eMPF费率0.29%←旧值0.37%[真实数据·积金局]
2035,中,保守基金,0.1,0.014325,1.432,0.0029,0.0037,1.352,8.0,混合,[混合] 股票5.1%/混合4.8%/DIS核心7.3%/制度加权约4.9%为公开回报中枢[真实数据量级]；保守基金与配置权重、情景偏移、周期项为[假设]；eMPF费率0.29%←旧值0.37%[真实数据·积金局]
2035,中,制度加权(系统),1.0,0.048711,4.871,0.0029,0.0037,4.791,8.0,混合,[混合] 中情景中枢对齐制度加权约4.9%[真实数据量级]；低/高情景约3%/7%[假设]；配置加权参考值≈5.185%；含eMPF敏感性
2035,高,股票基金,0.3,0.072771,7.277,0.0029,0.0037,7.197,8.0,混合,[混合] 股票5.1%/混合4.8%/DIS核心7.3%/制度加权约4.9%为公开回报中枢[真实数据量级]；保守基金与配置权重、情景偏移、周期项为[假设]；eMPF费率0.29%←旧值0.37%[真实数据·积金局]
2035,高,混合资产基金,0.35,0.069771,6.977,0.0029,0.0037,6.897,8.0,混合,[混合] 股票5.1%/混合4.8%/DIS核心7.3%/制度加权约4.9%为公开回报中枢[真实数据量级]；保守基金与配置权重、情景偏移、周期项为[假设]；eMPF费率0.29%←旧值0.37%[真实数据·积金局]
2035,高,DIS核心累积基金,0.25,0.094771,9.477,0.0029,0.0037,9.397,8.0,混合,[混合] 股票5.1%/混合4.8%/DIS核心7.3%/制度加权约4.9%为公开回报中枢[真实数据量级]；保守基金与配置权重、情景偏移、周期项为[假设]；eMPF费率0.29%←旧值0.37%[真实数据·积金局]
2035,高,保守基金,0.1,0.020625,2.062,0.0029,0.0037,1.983,8.0,混合,[混合] 股票5.1%/混合4.8%/DIS核心7.3%/制度加权约4.9%为公开回报中枢[真实数据量级]；保守基金与配置权重、情景偏移、周期项为[假设]；eMPF费率0.29%←旧值0.37%[真实数据·积金局]
2035,高,制度加权(系统),1.0,0.069711,6.971,0.0029,0.0037,6.891,8.0,混合,[混合] 中情景中枢对齐制度加权约4.9%[真实数据量级]；低/高情景约3%/7%[假设]；配置加权参考值≈5.185%；含eMPF敏感性
2036,低,股票基金,0.3,0.0335,3.35,0.0029,0.0037,3.27,8.0,混合,[混合] 股票5.1%/混合4.8%/DIS核心7.3%/制度加权约4.9%为公开回报中枢[真实数据量级]；保守基金与配置权重、情景偏移、周期项为[假设]；eMPF费率0.29%←旧值0.37%[真实数据·积金局]
2036,低,混合资产基金,0.35,0.0305,3.05,0.0029,0.0037,2.97,8.0,混合,[混合] 股票5.1%/混合4.8%/DIS核心7.3%/制度加权约4.9%为公开回报中枢[真实数据量级]；保守基金与配置权重、情景偏移、周期项为[假设]；eMPF费率0.29%←旧值0.37%[真实数据·积金局]
2036,低,DIS核心累积基金,0.25,0.0555,5.55,0.0029,0.0037,5.47,8.0,混合,[混合] 股票5.1%/混合4.8%/DIS核心7.3%/制度加权约4.9%为公开回报中枢[真实数据量级]；保守基金与配置权重、情景偏移、周期项为[假设]；eMPF费率0.29%←旧值0.37%[真实数据·积金局]
2036,低,保守基金,0.1,0.00855,0.855,0.0029,0.0037,0.775,8.0,混合,[混合] 股票5.1%/混合4.8%/DIS核心7.3%/制度加权约4.9%为公开回报中枢[真实数据量级]；保守基金与配置权重、情景偏移、周期项为[假设]；eMPF费率0.29%←旧值0.37%[真实数据·积金局]
2036,低,制度加权(系统),1.0,0.03,3.0,0.0029,0.0037,2.92,8.0,混合,[混合] 中情景中枢对齐制度加权约4.9%[真实数据量级]；低/高情景约3%/7%[假设]；配置加权参考值≈5.185%；含eMPF敏感性
2036,中,股票基金,0.3,0.0525,5.25,0.0029,0.0037,5.17,8.0,混合,[混合] 股票5.1%/混合4.8%/DIS核心7.3%/制度加权约4.9%为公开回报中枢[真实数据量级]；保守基金与配置权重、情景偏移、周期项为[假设]；eMPF费率0.29%←旧值0.37%[真实数据·积金局]
2036,中,混合资产基金,0.35,0.0495,4.95,0.0029,0.0037,4.87,8.0,混合,[混合] 股票5.1%/混合4.8%/DIS核心7.3%/制度加权约4.9%为公开回报中枢[真实数据量级]；保守基金与配置权重、情景偏移、周期项为[假设]；eMPF费率0.29%←旧值0.37%[真实数据·积金局]
2036,中,DIS核心累积基金,0.25,0.0745,7.45,0.0029,0.0037,7.37,8.0,混合,[混合] 股票5.1%/混合4.8%/DIS核心7.3%/制度加权约4.9%为公开回报中枢[真实数据量级]；保守基金与配置权重、情景偏移、周期项为[假设]；eMPF费率0.29%←旧值0.37%[真实数据·积金局]
2036,中,保守基金,0.1,0.01425,1.425,0.0029,0.0037,1.345,8.0,混合,[混合] 股票5.1%/混合4.8%/DIS核心7.3%/制度加权约4.9%为公开回报中枢[真实数据量级]；保守基金与配置权重、情景偏移、周期项为[假设]；eMPF费率0.29%←旧值0.37%[真实数据·积金局]
2036,中,制度加权(系统),1.0,0.049,4.9,0.0029,0.0037,4.82,8.0,混合,[混合] 中情景中枢对齐制度加权约4.9%[真实数据量级]；低/高情景约3%/7%[假设]；配置加权参考值≈5.185%；含eMPF敏感性
2036,高,股票基金,0.3,0.0735,7.35,0.0029,0.0037,7.27,8.0,混合,[混合] 股票5.1%/混合4.8%/DIS核心7.3%/制度加权约4.9%为公开回报中枢[真实数据量级]；保守基金与配置权重、情景偏移、周期项为[假设]；eMPF费率0.29%←旧值0.37%[真实数据·积金局]
2036,高,混合资产基金,0.35,0.0705,7.05,0.0029,0.0037,6.97,8.0,混合,[混合] 股票5.1%/混合4.8%/DIS核心7.3%/制度加权约4.9%为公开回报中枢[真实数据量级]；保守基金与配置权重、情景偏移、周期项为[假设]；eMPF费率0.29%←旧值0.37%[真实数据·积金局]
2036,高,DIS核心累积基金,0.25,0.0955,9.55,0.0029,0.0037,9.47,8.0,混合,[混合] 股票5.1%/混合4.8%/DIS核心7.3%/制度加权约4.9%为公开回报中枢[真实数据量级]；保守基金与配置权重、情景偏移、周期项为[假设]；eMPF费率0.29%←旧值0.37%[真实数据·积金局]
2036,高,保守基金,0.1,0.02055,2.055,0.0029,0.0037,1.975,8.0,混合,[混合] 股票5.1%/混合4.8%/DIS核心7.3%/制度加权约4.9%为公开回报中枢[真实数据量级]；保守基金与配置权重、情景偏移、周期项为[假设]；eMPF费率0.29%←旧值0.37%[真实数据·积金局]
2036,高,制度加权(系统),1.0,0.07,7.0,0.0029,0.0037,6.92,8.0,混合,[混合] 中情景中枢对齐制度加权约4.9%[真实数据量级]；低/高情景约3%/7%[假设]；配置加权参考值≈5.185%；含eMPF敏感性
2037,低,股票基金,0.3,0.032471,3.247,0.0029,0.0037,3.167,8.0,混合,[混合] 股票5.1%/混合4.8%/DIS核心7.3%/制度加权约4.9%为公开回报中枢[真实数据量级]；保守基金与配置权重、情景偏移、周期项为[假设]；eMPF费率0.29%←旧值0.37%[真实数据·积金局]
2037,低,混合资产基金,0.35,0.029471,2.947,0.0029,0.0037,2.867,8.0,混合,[混合] 股票5.1%/混合4.8%/DIS核心7.3%/制度加权约4.9%为公开回报中枢[真实数据量级]；保守基金与配置权重、情景偏移、周期项为[假设]；eMPF费率0.29%←旧值0.37%[真实数据·积金局]
2037,低,DIS核心累积基金,0.25,0.054471,5.447,0.0029,0.0037,5.367,8.0,混合,[混合] 股票5.1%/混合4.8%/DIS核心7.3%/制度加权约4.9%为公开回报中枢[真实数据量级]；保守基金与配置权重、情景偏移、周期项为[假设]；eMPF费率0.29%←旧值0.37%[真实数据·积金局]
2037,低,保守基金,0.1,0.008475,0.848,0.0029,0.0037,0.767,8.0,混合,[混合] 股票5.1%/混合4.8%/DIS核心7.3%/制度加权约4.9%为公开回报中枢[真实数据量级]；保守基金与配置权重、情景偏移、周期项为[假设]；eMPF费率0.29%←旧值0.37%[真实数据·积金局]
2037,低,制度加权(系统),1.0,0.029411,2.941,0.0029,0.0037,2.861,8.0,混合,[混合] 中情景中枢对齐制度加权约4.9%[真实数据量级]；低/高情景约3%/7%[假设]；配置加权参考值≈5.185%；含eMPF敏感性
2037,中,股票基金,0.3,0.051471,5.147,0.0029,0.0037,5.067,8.0,混合,[混合] 股票5.1%/混合4.8%/DIS核心7.3%/制度加权约4.9%为公开回报中枢[真实数据量级]；保守基金与配置权重、情景偏移、周期项为[假设]；eMPF费率0.29%←旧值0.37%[真实数据·积金局]
2037,中,混合资产基金,0.35,0.048471,4.847,0.0029,0.0037,4.767,8.0,混合,[混合] 股票5.1%/混合4.8%/DIS核心7.3%/制度加权约4.9%为公开回报中枢[真实数据量级]；保守基金与配置权重、情景偏移、周期项为[假设]；eMPF费率0.29%←旧值0.37%[真实数据·积金局]
2037,中,DIS核心累积基金,0.25,0.073471,7.347,0.0029,0.0037,7.267,8.0,混合,[混合] 股票5.1%/混合4.8%/DIS核心7.3%/制度加权约4.9%为公开回报中枢[真实数据量级]；保守基金与配置权重、情景偏移、周期项为[假设]；eMPF费率0.29%←旧值0.37%[真实数据·积金局]
2037,中,保守基金,0.1,0.014175,1.417,0.0029,0.0037,1.337,8.0,混合,[混合] 股票5.1%/混合4.8%/DIS核心7.3%/制度加权约4.9%为公开回报中枢[真实数据量级]；保守基金与配置权重、情景偏移、周期项为[假设]；eMPF费率0.29%←旧值0.37%[真实数据·积金局]
2037,中,制度加权(系统),1.0,0.048411,4.841,0.0029,0.0037,4.761,8.0,混合,[混合] 中情景中枢对齐制度加权约4.9%[真实数据量级]；低/高情景约3%/7%[假设]；配置加权参考值≈5.185%；含eMPF敏感性
2037,高,股票基金,0.3,0.072471,7.247,0.0029,0.0037,7.167,8.0,混合,[混合] 股票5.1%/混合4.8%/DIS核心7.3%/制度加权约4.9%为公开回报中枢[真实数据量级]；保守基金与配置权重、情景偏移、周期项为[假设]；eMPF费率0.29%←旧值0.37%[真实数据·积金局]
2037,高,混合资产基金,0.35,0.069471,6.947,0.0029,0.0037,6.867,8.0,混合,[混合] 股票5.1%/混合4.8%/DIS核心7.3%/制度加权约4.9%为公开回报中枢[真实数据量级]；保守基金与配置权重、情景偏移、周期项为[假设]；eMPF费率0.29%←旧值0.37%[真实数据·积金局]
2037,高,DIS核心累积基金,0.25,0.094471,9.447,0.0029,0.0037,9.367,8.0,混合,[混合] 股票5.1%/混合4.8%/DIS核心7.3%/制度加权约4.9%为公开回报中枢[真实数据量级]；保守基金与配置权重、情景偏移、周期项为[假设]；eMPF费率0.29%←旧值0.37%[真实数据·积金局]
2037,高,保守基金,0.1,0.020475,2.047,0.0029,0.0037,1.967,8.0,混合,[混合] 股票5.1%/混合4.8%/DIS核心7.3%/制度加权约4.9%为公开回报中枢[真实数据量级]；保守基金与配置权重、情景偏移、周期项为[假设]；eMPF费率0.29%←旧值0.37%[真实数据·积金局]
2037,高,制度加权(系统),1.0,0.069411,6.941,0.0029,0.0037,6.861,8.0,混合,[混合] 中情景中枢对齐制度加权约4.9%[真实数据量级]；低/高情景约3%/7%[假设]；配置加权参考值≈5.185%；含eMPF敏感性
2038,低,股票基金,0.3,0.0302,3.02,0.0029,0.0037,2.94,8.0,混合,[混合] 股票5.1%/混合4.8%/DIS核心7.3%/制度加权约4.9%为公开回报中枢[真实数据量级]；保守基金与配置权重、情景偏移、周期项为[假设]；eMPF费率0.29%←旧值0.37%[真实数据·积金局]
2038,低,混合资产基金,0.35,0.0272,2.72,0.0029,0.0037,2.64,8.0,混合,[混合] 股票5.1%/混合4.8%/DIS核心7.3%/制度加权约4.9%为公开回报中枢[真实数据量级]；保守基金与配置权重、情景偏移、周期项为[假设]；eMPF费率0.29%←旧值0.37%[真实数据·积金局]
2038,低,DIS核心累积基金,0.25,0.0522,5.22,0.0029,0.0037,5.14,8.0,混合,[混合] 股票5.1%/混合4.8%/DIS核心7.3%/制度加权约4.9%为公开回报中枢[真实数据量级]；保守基金与配置权重、情景偏移、周期项为[假设]；eMPF费率0.29%←旧值0.37%[真实数据·积金局]
2038,低,保守基金,0.1,0.0084,0.84,0.0029,0.0037,0.76,8.0,混合,[混合] 股票5.1%/混合4.8%/DIS核心7.3%/制度加权约4.9%为公开回报中枢[真实数据量级]；保守基金与配置权重、情景偏移、周期项为[假设]；eMPF费率0.29%←旧值0.37%[真实数据·积金局]
2038,低,制度加权(系统),1.0,0.0282,2.82,0.0029,0.0037,2.74,8.0,混合,[混合] 中情景中枢对齐制度加权约4.9%[真实数据量级]；低/高情景约3%/7%[假设]；配置加权参考值≈5.185%；含eMPF敏感性
2038,中,股票基金,0.3,0.0492,4.92,0.0029,0.0037,4.84,8.0,混合,[混合] 股票5.1%/混合4.8%/DIS核心7.3%/制度加权约4.9%为公开回报中枢[真实数据量级]；保守基金与配置权重、情景偏移、周期项为[假设]；eMPF费率0.29%←旧值0.37%[真实数据·积金局]
2038,中,混合资产基金,0.35,0.0462,4.62,0.0029,0.0037,4.54,8.0,混合,[混合] 股票5.1%/混合4.8%/DIS核心7.3%/制度加权约4.9%为公开回报中枢[真实数据量级]；保守基金与配置权重、情景偏移、周期项为[假设]；eMPF费率0.29%←旧值0.37%[真实数据·积金局]
2038,中,DIS核心累积基金,0.25,0.0712,7.12,0.0029,0.0037,7.04,8.0,混合,[混合] 股票5.1%/混合4.8%/DIS核心7.3%/制度加权约4.9%为公开回报中枢[真实数据量级]；保守基金与配置权重、情景偏移、周期项为[假设]；eMPF费率0.29%←旧值0.37%[真实数据·积金局]
2038,中,保守基金,0.1,0.0141,1.41,0.0029,0.0037,1.33,8.0,混合,[混合] 股票5.1%/混合4.8%/DIS核心7.3%/制度加权约4.9%为公开回报中枢[真实数据量级]；保守基金与配置权重、情景偏移、周期项为[假设]；eMPF费率0.29%←旧值0.37%[真实数据·积金局]
2038,中,制度加权(系统),1.0,0.0472,4.72,0.0029,0.0037,4.64,8.0,混合,[混合] 中情景中枢对齐制度加权约4.9%[真实数据量级]；低/高情景约3%/7%[假设]；配置加权参考值≈5.185%；含eMPF敏感性
2038,高,股票基金,0.3,0.0702,7.02,0.0029,0.0037,6.94,8.0,混合,[混合] 股票5.1%/混合4.8%/DIS核心7.3%/制度加权约4.9%为公开回报中枢[真实数据量级]；保守基金与配置权重、情景偏移、周期项为[假设]；eMPF费率0.29%←旧值0.37%[真实数据·积金局]
2038,高,混合资产基金,0.35,0.0672,6.72,0.0029,0.0037,6.64,8.0,混合,[混合] 股票5.1%/混合4.8%/DIS核心7.3%/制度加权约4.9%为公开回报中枢[真实数据量级]；保守基金与配置权重、情景偏移、周期项为[假设]；eMPF费率0.29%←旧值0.37%[真实数据·积金局]
2038,高,DIS核心累积基金,0.25,0.0922,9.22,0.0029,0.0037,9.14,8.0,混合,[混合] 股票5.1%/混合4.8%/DIS核心7.3%/制度加权约4.9%为公开回报中枢[真实数据量级]；保守基金与配置权重、情景偏移、周期项为[假设]；eMPF费率0.29%←旧值0.37%[真实数据·积金局]
2038,高,保守基金,0.1,0.0204,2.04,0.0029,0.0037,1.96,8.0,混合,[混合] 股票5.1%/混合4.8%/DIS核心7.3%/制度加权约4.9%为公开回报中枢[真实数据量级]；保守基金与配置权重、情景偏移、周期项为[假设]；eMPF费率0.29%←旧值0.37%[真实数据·积金局]
2038,高,制度加权(系统),1.0,0.0682,6.82,0.0029,0.0037,6.74,8.0,混合,[混合] 中情景中枢对齐制度加权约4.9%[真实数据量级]；低/高情景约3%/7%[假设]；配置加权参考值≈5.185%；含eMPF敏感性
2039,低,股票基金,0.3,0.027929,2.793,0.0029,0.0037,2.713,8.0,混合,[混合] 股票5.1%/混合4.8%/DIS核心7.3%/制度加权约4.9%为公开回报中枢[真实数据量级]；保守基金与配置权重、情景偏移、周期项为[假设]；eMPF费率0.29%←旧值0.37%[真实数据·积金局]
2039,低,混合资产基金,0.35,0.024929,2.493,0.0029,0.0037,2.413,8.0,混合,[混合] 股票5.1%/混合4.8%/DIS核心7.3%/制度加权约4.9%为公开回报中枢[真实数据量级]；保守基金与配置权重、情景偏移、周期项为[假设]；eMPF费率0.29%←旧值0.37%[真实数据·积金局]
2039,低,DIS核心累积基金,0.25,0.049929,4.993,0.0029,0.0037,4.913,8.0,混合,[混合] 股票5.1%/混合4.8%/DIS核心7.3%/制度加权约4.9%为公开回报中枢[真实数据量级]；保守基金与配置权重、情景偏移、周期项为[假设]；eMPF费率0.29%←旧值0.37%[真实数据·积金局]
2039,低,保守基金,0.1,0.008325,0.832,0.0029,0.0037,0.752,8.0,混合,[混合] 股票5.1%/混合4.8%/DIS核心7.3%/制度加权约4.9%为公开回报中枢[真实数据量级]；保守基金与配置权重、情景偏移、周期项为[假设]；eMPF费率0.29%←旧值0.37%[真实数据·积金局]
2039,低,制度加权(系统),1.0,0.026989,2.699,0.0029,0.0037,2.619,8.0,混合,[混合] 中情景中枢对齐制度加权约4.9%[真实数据量级]；低/高情景约3%/7%[假设]；配置加权参考值≈5.185%；含eMPF敏感性
2039,中,股票基金,0.3,0.046929,4.693,0.0029,0.0037,4.613,8.0,混合,[混合] 股票5.1%/混合4.8%/DIS核心7.3%/制度加权约4.9%为公开回报中枢[真实数据量级]；保守基金与配置权重、情景偏移、周期项为[假设]；eMPF费率0.29%←旧值0.37%[真实数据·积金局]
2039,中,混合资产基金,0.35,0.043929,4.393,0.0029,0.0037,4.313,8.0,混合,[混合] 股票5.1%/混合4.8%/DIS核心7.3%/制度加权约4.9%为公开回报中枢[真实数据量级]；保守基金与配置权重、情景偏移、周期项为[假设]；eMPF费率0.29%←旧值0.37%[真实数据·积金局]
2039,中,DIS核心累积基金,0.25,0.068929,6.893,0.0029,0.0037,6.813,8.0,混合,[混合] 股票5.1%/混合4.8%/DIS核心7.3%/制度加权约4.9%为公开回报中枢[真实数据量级]；保守基金与配置权重、情景偏移、周期项为[假设]；eMPF费率0.29%←旧值0.37%[真实数据·积金局]
2039,中,保守基金,0.1,0.014025,1.402,0.0029,0.0037,1.322,8.0,混合,[混合] 股票5.1%/混合4.8%/DIS核心7.3%/制度加权约4.9%为公开回报中枢[真实数据量级]；保守基金与配置权重、情景偏移、周期项为[假设]；eMPF费率0.29%←旧值0.37%[真实数据·积金局]
2039,中,制度加权(系统),1.0,0.045989,4.599,0.0029,0.0037,4.519,8.0,混合,[混合] 中情景中枢对齐制度加权约4.9%[真实数据量级]；低/高情景约3%/7%[假设]；配置加权参考值≈5.185%；含eMPF敏感性
2039,高,股票基金,0.3,0.067929,6.793,0.0029,0.0037,6.713,8.0,混合,[混合] 股票5.1%/混合4.8%/DIS核心7.3%/制度加权约4.9%为公开回报中枢[真实数据量级]；保守基金与配置权重、情景偏移、周期项为[假设]；eMPF费率0.29%←旧值0.37%[真实数据·积金局]
2039,高,混合资产基金,0.35,0.064929,6.493,0.0029,0.0037,6.413,8.0,混合,[混合] 股票5.1%/混合4.8%/DIS核心7.3%/制度加权约4.9%为公开回报中枢[真实数据量级]；保守基金与配置权重、情景偏移、周期项为[假设]；eMPF费率0.29%←旧值0.37%[真实数据·积金局]
2039,高,DIS核心累积基金,0.25,0.089929,8.993,0.0029,0.0037,8.913,8.0,混合,[混合] 股票5.1%/混合4.8%/DIS核心7.3%/制度加权约4.9%为公开回报中枢[真实数据量级]；保守基金与配置权重、情景偏移、周期项为[假设]；eMPF费率0.29%←旧值0.37%[真实数据·积金局]
2039,高,保守基金,0.1,0.020325,2.032,0.0029,0.0037,1.953,8.0,混合,[混合] 股票5.1%/混合4.8%/DIS核心7.3%/制度加权约4.9%为公开回报中枢[真实数据量级]；保守基金与配置权重、情景偏移、周期项为[假设]；eMPF费率0.29%←旧值0.37%[真实数据·积金局]
2039,高,制度加权(系统),1.0,0.066989,6.699,0.0029,0.0037,6.619,8.0,混合,[混合] 中情景中枢对齐制度加权约4.9%[真实数据量级]；低/高情景约3%/7%[假设]；配置加权参考值≈5.185%；含eMPF敏感性
2040,低,股票基金,0.3,0.0269,2.69,0.0029,0.0037,2.61,8.0,混合,[混合] 股票5.1%/混合4.8%/DIS核心7.3%/制度加权约4.9%为公开回报中枢[真实数据量级]；保守基金与配置权重、情景偏移、周期项为[假设]；eMPF费率0.29%←旧值0.37%[真实数据·积金局]
2040,低,混合资产基金,0.35,0.0239,2.39,0.0029,0.0037,2.31,8.0,混合,[混合] 股票5.1%/混合4.8%/DIS核心7.3%/制度加权约4.9%为公开回报中枢[真实数据量级]；保守基金与配置权重、情景偏移、周期项为[假设]；eMPF费率0.29%←旧值0.37%[真实数据·积金局]
2040,低,DIS核心累积基金,0.25,0.0489,4.89,0.0029,0.0037,4.81,8.0,混合,[混合] 股票5.1%/混合4.8%/DIS核心7.3%/制度加权约4.9%为公开回报中枢[真实数据量级]；保守基金与配置权重、情景偏移、周期项为[假设]；eMPF费率0.29%←旧值0.37%[真实数据·积金局]
2040,低,保守基金,0.1,0.00825,0.825,0.0029,0.0037,0.745,8.0,混合,[混合] 股票5.1%/混合4.8%/DIS核心7.3%/制度加权约4.9%为公开回报中枢[真实数据量级]；保守基金与配置权重、情景偏移、周期项为[假设]；eMPF费率0.29%←旧值0.37%[真实数据·积金局]
2040,低,制度加权(系统),1.0,0.0264,2.64,0.0029,0.0037,2.56,8.0,混合,[混合] 中情景中枢对齐制度加权约4.9%[真实数据量级]；低/高情景约3%/7%[假设]；配置加权参考值≈5.185%；含eMPF敏感性
2040,中,股票基金,0.3,0.0459,4.59,0.0029,0.0037,4.51,8.0,混合,[混合] 股票5.1%/混合4.8%/DIS核心7.3%/制度加权约4.9%为公开回报中枢[真实数据量级]；保守基金与配置权重、情景偏移、周期项为[假设]；eMPF费率0.29%←旧值0.37%[真实数据·积金局]
2040,中,混合资产基金,0.35,0.0429,4.29,0.0029,0.0037,4.21,8.0,混合,[混合] 股票5.1%/混合4.8%/DIS核心7.3%/制度加权约4.9%为公开回报中枢[真实数据量级]；保守基金与配置权重、情景偏移、周期项为[假设]；eMPF费率0.29%←旧值0.37%[真实数据·积金局]
2040,中,DIS核心累积基金,0.25,0.0679,6.79,0.0029,0.0037,6.71,8.0,混合,[混合] 股票5.1%/混合4.8%/DIS核心7.3%/制度加权约4.9%为公开回报中枢[真实数据量级]；保守基金与配置权重、情景偏移、周期项为[假设]；eMPF费率0.29%←旧值0.37%[真实数据·积金局]
2040,中,保守基金,0.1,0.01395,1.395,0.0029,0.0037,1.315,8.0,混合,[混合] 股票5.1%/混合4.8%/DIS核心7.3%/制度加权约4.9%为公开回报中枢[真实数据量级]；保守基金与配置权重、情景偏移、周期项为[假设]；eMPF费率0.29%←旧值0.37%[真实数据·积金局]
2040,中,制度加权(系统),1.0,0.0454,4.54,0.0029,0.0037,4.46,8.0,混合,[混合] 中情景中枢对齐制度加权约4.9%[真实数据量级]；低/高情景约3%/7%[假设]；配置加权参考值≈5.185%；含eMPF敏感性
2040,高,股票基金,0.3,0.0669,6.69,0.0029,0.0037,6.61,8.0,混合,[混合] 股票5.1%/混合4.8%/DIS核心7.3%/制度加权约4.9%为公开回报中枢[真实数据量级]；保守基金与配置权重、情景偏移、周期项为[假设]；eMPF费率0.29%←旧值0.37%[真实数据·积金局]
2040,高,混合资产基金,0.35,0.0639,6.39,0.0029,0.0037,6.31,8.0,混合,[混合] 股票5.1%/混合4.8%/DIS核心7.3%/制度加权约4.9%为公开回报中枢[真实数据量级]；保守基金与配置权重、情景偏移、周期项为[假设]；eMPF费率0.29%←旧值0.37%[真实数据·积金局]
2040,高,DIS核心累积基金,0.25,0.0889,8.89,0.0029,0.0037,8.81,8.0,混合,[混合] 股票5.1%/混合4.8%/DIS核心7.3%/制度加权约4.9%为公开回报中枢[真实数据量级]；保守基金与配置权重、情景偏移、周期项为[假设]；eMPF费率0.29%←旧值0.37%[真实数据·积金局]
2040,高,保守基金,0.1,0.02025,2.025,0.0029,0.0037,1.945,8.0,混合,[混合] 股票5.1%/混合4.8%/DIS核心7.3%/制度加权约4.9%为公开回报中枢[真实数据量级]；保守基金与配置权重、情景偏移、周期项为[假设]；eMPF费率0.29%←旧值0.37%[真实数据·积金局]
2040,高,制度加权(系统),1.0,0.0664,6.64,0.0029,0.0037,6.56,8.0,混合,[混合] 中情景中枢对齐制度加权约4.9%[真实数据量级]；低/高情景约3%/7%[假设]；配置加权参考值≈5.185%；含eMPF敏感性
2041,低,股票基金,0.3,0.027629,2.763,0.0029,0.0037,2.683,8.0,混合,[混合] 股票5.1%/混合4.8%/DIS核心7.3%/制度加权约4.9%为公开回报中枢[真实数据量级]；保守基金与配置权重、情景偏移、周期项为[假设]；eMPF费率0.29%←旧值0.37%[真实数据·积金局]
2041,低,混合资产基金,0.35,0.024629,2.463,0.0029,0.0037,2.383,8.0,混合,[混合] 股票5.1%/混合4.8%/DIS核心7.3%/制度加权约4.9%为公开回报中枢[真实数据量级]；保守基金与配置权重、情景偏移、周期项为[假设]；eMPF费率0.29%←旧值0.37%[真实数据·积金局]
2041,低,DIS核心累积基金,0.25,0.049629,4.963,0.0029,0.0037,4.883,8.0,混合,[混合] 股票5.1%/混合4.8%/DIS核心7.3%/制度加权约4.9%为公开回报中枢[真实数据量级]；保守基金与配置权重、情景偏移、周期项为[假设]；eMPF费率0.29%←旧值0.37%[真实数据·积金局]
2041,低,保守基金,0.1,0.008175,0.818,0.0029,0.0037,0.737,8.0,混合,[混合] 股票5.1%/混合4.8%/DIS核心7.3%/制度加权约4.9%为公开回报中枢[真实数据量级]；保守基金与配置权重、情景偏移、周期项为[假设]；eMPF费率0.29%←旧值0.37%[真实数据·积金局]
2041,低,制度加权(系统),1.0,0.026689,2.669,0.0029,0.0037,2.589,8.0,混合,[混合] 中情景中枢对齐制度加权约4.9%[真实数据量级]；低/高情景约3%/7%[假设]；配置加权参考值≈5.185%；含eMPF敏感性
2041,中,股票基金,0.3,0.046629,4.663,0.0029,0.0037,4.583,8.0,混合,[混合] 股票5.1%/混合4.8%/DIS核心7.3%/制度加权约4.9%为公开回报中枢[真实数据量级]；保守基金与配置权重、情景偏移、周期项为[假设]；eMPF费率0.29%←旧值0.37%[真实数据·积金局]
2041,中,混合资产基金,0.35,0.043629,4.363,0.0029,0.0037,4.283,8.0,混合,[混合] 股票5.1%/混合4.8%/DIS核心7.3%/制度加权约4.9%为公开回报中枢[真实数据量级]；保守基金与配置权重、情景偏移、周期项为[假设]；eMPF费率0.29%←旧值0.37%[真实数据·积金局]
2041,中,DIS核心累积基金,0.25,0.068629,6.863,0.0029,0.0037,6.783,8.0,混合,[混合] 股票5.1%/混合4.8%/DIS核心7.3%/制度加权约4.9%为公开回报中枢[真实数据量级]；保守基金与配置权重、情景偏移、周期项为[假设]；eMPF费率0.29%←旧值0.37%[真实数据·积金局]
2041,中,保守基金,0.1,0.013875,1.387,0.0029,0.0037,1.307,8.0,混合,[混合] 股票5.1%/混合4.8%/DIS核心7.3%/制度加权约4.9%为公开回报中枢[真实数据量级]；保守基金与配置权重、情景偏移、周期项为[假设]；eMPF费率0.29%←旧值0.37%[真实数据·积金局]
2041,中,制度加权(系统),1.0,0.045689,4.569,0.0029,0.0037,4.489,8.0,混合,[混合] 中情景中枢对齐制度加权约4.9%[真实数据量级]；低/高情景约3%/7%[假设]；配置加权参考值≈5.185%；含eMPF敏感性
2041,高,股票基金,0.3,0.067629,6.763,0.0029,0.0037,6.683,8.0,混合,[混合] 股票5.1%/混合4.8%/DIS核心7.3%/制度加权约4.9%为公开回报中枢[真实数据量级]；保守基金与配置权重、情景偏移、周期项为[假设]；eMPF费率0.29%←旧值0.37%[真实数据·积金局]
2041,高,混合资产基金,0.35,0.064629,6.463,0.0029,0.0037,6.383,8.0,混合,[混合] 股票5.1%/混合4.8%/DIS核心7.3%/制度加权约4.9%为公开回报中枢[真实数据量级]；保守基金与配置权重、情景偏移、周期项为[假设]；eMPF费率0.29%←旧值0.37%[真实数据·积金局]
2041,高,DIS核心累积基金,0.25,0.089629,8.963,0.0029,0.0037,8.883,8.0,混合,[混合] 股票5.1%/混合4.8%/DIS核心7.3%/制度加权约4.9%为公开回报中枢[真实数据量级]；保守基金与配置权重、情景偏移、周期项为[假设]；eMPF费率0.29%←旧值0.37%[真实数据·积金局]
2041,高,保守基金,0.1,0.020175,2.018,0.0029,0.0037,1.937,8.0,混合,[混合] 股票5.1%/混合4.8%/DIS核心7.3%/制度加权约4.9%为公开回报中枢[真实数据量级]；保守基金与配置权重、情景偏移、周期项为[假设]；eMPF费率0.29%←旧值0.37%[真实数据·积金局]
2041,高,制度加权(系统),1.0,0.066689,6.669,0.0029,0.0037,6.589,8.0,混合,[混合] 中情景中枢对齐制度加权约4.9%[真实数据量级]；低/高情景约3%/7%[假设]；配置加权参考值≈5.185%；含eMPF敏感性
2042,低,股票基金,0.3,0.0296,2.96,0.0029,0.0037,2.88,8.0,混合,[混合] 股票5.1%/混合4.8%/DIS核心7.3%/制度加权约4.9%为公开回报中枢[真实数据量级]；保守基金与配置权重、情景偏移、周期项为[假设]；eMPF费率0.29%←旧值0.37%[真实数据·积金局]
2042,低,混合资产基金,0.35,0.0266,2.66,0.0029,0.0037,2.58,8.0,混合,[混合] 股票5.1%/混合4.8%/DIS核心7.3%/制度加权约4.9%为公开回报中枢[真实数据量级]；保守基金与配置权重、情景偏移、周期项为[假设]；eMPF费率0.29%←旧值0.37%[真实数据·积金局]
2042,低,DIS核心累积基金,0.25,0.0516,5.16,0.0029,0.0037,5.08,8.0,混合,[混合] 股票5.1%/混合4.8%/DIS核心7.3%/制度加权约4.9%为公开回报中枢[真实数据量级]；保守基金与配置权重、情景偏移、周期项为[假设]；eMPF费率0.29%←旧值0.37%[真实数据·积金局]
2042,低,保守基金,0.1,0.0081,0.81,0.0029,0.0037,0.73,8.0,混合,[混合] 股票5.1%/混合4.8%/DIS核心7.3%/制度加权约4.9%为公开回报中枢[真实数据量级]；保守基金与配置权重、情景偏移、周期项为[假设]；eMPF费率0.29%←旧值0.37%[真实数据·积金局]
2042,低,制度加权(系统),1.0,0.0276,2.76,0.0029,0.0037,2.68,8.0,混合,[混合] 中情景中枢对齐制度加权约4.9%[真实数据量级]；低/高情景约3%/7%[假设]；配置加权参考值≈5.185%；含eMPF敏感性
2042,中,股票基金,0.3,0.0486,4.86,0.0029,0.0037,4.78,8.0,混合,[混合] 股票5.1%/混合4.8%/DIS核心7.3%/制度加权约4.9%为公开回报中枢[真实数据量级]；保守基金与配置权重、情景偏移、周期项为[假设]；eMPF费率0.29%←旧值0.37%[真实数据·积金局]
2042,中,混合资产基金,0.35,0.0456,4.56,0.0029,0.0037,4.48,8.0,混合,[混合] 股票5.1%/混合4.8%/DIS核心7.3%/制度加权约4.9%为公开回报中枢[真实数据量级]；保守基金与配置权重、情景偏移、周期项为[假设]；eMPF费率0.29%←旧值0.37%[真实数据·积金局]
2042,中,DIS核心累积基金,0.25,0.0706,7.06,0.0029,0.0037,6.98,8.0,混合,[混合] 股票5.1%/混合4.8%/DIS核心7.3%/制度加权约4.9%为公开回报中枢[真实数据量级]；保守基金与配置权重、情景偏移、周期项为[假设]；eMPF费率0.29%←旧值0.37%[真实数据·积金局]
2042,中,保守基金,0.1,0.0138,1.38,0.0029,0.0037,1.3,8.0,混合,[混合] 股票5.1%/混合4.8%/DIS核心7.3%/制度加权约4.9%为公开回报中枢[真实数据量级]；保守基金与配置权重、情景偏移、周期项为[假设]；eMPF费率0.29%←旧值0.37%[真实数据·积金局]
2042,中,制度加权(系统),1.0,0.0466,4.66,0.0029,0.0037,4.58,8.0,混合,[混合] 中情景中枢对齐制度加权约4.9%[真实数据量级]；低/高情景约3%/7%[假设]；配置加权参考值≈5.185%；含eMPF敏感性
2042,高,股票基金,0.3,0.0696,6.96,0.0029,0.0037,6.88,8.0,混合,[混合] 股票5.1%/混合4.8%/DIS核心7.3%/制度加权约4.9%为公开回报中枢[真实数据量级]；保守基金与配置权重、情景偏移、周期项为[假设]；eMPF费率0.29%←旧值0.37%[真实数据·积金局]
2042,高,混合资产基金,0.35,0.0666,6.66,0.0029,0.0037,6.58,8.0,混合,[混合] 股票5.1%/混合4.8%/DIS核心7.3%/制度加权约4.9%为公开回报中枢[真实数据量级]；保守基金与配置权重、情景偏移、周期项为[假设]；eMPF费率0.29%←旧值0.37%[真实数据·积金局]
2042,高,DIS核心累积基金,0.25,0.0916,9.16,0.0029,0.0037,9.08,8.0,混合,[混合] 股票5.1%/混合4.8%/DIS核心7.3%/制度加权约4.9%为公开回报中枢[真实数据量级]；保守基金与配置权重、情景偏移、周期项为[假设]；eMPF费率0.29%←旧值0.37%[真实数据·积金局]
2042,高,保守基金,0.1,0.0201,2.01,0.0029,0.0037,1.93,8.0,混合,[混合] 股票5.1%/混合4.8%/DIS核心7.3%/制度加权约4.9%为公开回报中枢[真实数据量级]；保守基金与配置权重、情景偏移、周期项为[假设]；eMPF费率0.29%←旧值0.37%[真实数据·积金局]
2042,高,制度加权(系统),1.0,0.0676,6.76,0.0029,0.0037,6.68,8.0,混合,[混合] 中情景中枢对齐制度加权约4.9%[真实数据量级]；低/高情景约3%/7%[假设]；配置加权参考值≈5.185%；含eMPF敏感性
2043,低,股票基金,0.3,0.031571,3.157,0.0029,0.0037,3.077,8.0,混合,[混合] 股票5.1%/混合4.8%/DIS核心7.3%/制度加权约4.9%为公开回报中枢[真实数据量级]；保守基金与配置权重、情景偏移、周期项为[假设]；eMPF费率0.29%←旧值0.37%[真实数据·积金局]
2043,低,混合资产基金,0.35,0.028571,2.857,0.0029,0.0037,2.777,8.0,混合,[混合] 股票5.1%/混合4.8%/DIS核心7.3%/制度加权约4.9%为公开回报中枢[真实数据量级]；保守基金与配置权重、情景偏移、周期项为[假设]；eMPF费率0.29%←旧值0.37%[真实数据·积金局]
2043,低,DIS核心累积基金,0.25,0.053571,5.357,0.0029,0.0037,5.277,8.0,混合,[混合] 股票5.1%/混合4.8%/DIS核心7.3%/制度加权约4.9%为公开回报中枢[真实数据量级]；保守基金与配置权重、情景偏移、周期项为[假设]；eMPF费率0.29%←旧值0.37%[真实数据·积金局]
2043,低,保守基金,0.1,0.008025,0.802,0.0029,0.0037,0.722,8.0,混合,[混合] 股票5.1%/混合4.8%/DIS核心7.3%/制度加权约4.9%为公开回报中枢[真实数据量级]；保守基金与配置权重、情景偏移、周期项为[假设]；eMPF费率0.29%←旧值0.37%[真实数据·积金局]
2043,低,制度加权(系统),1.0,0.028511,2.851,0.0029,0.0037,2.771,8.0,混合,[混合] 中情景中枢对齐制度加权约4.9%[真实数据量级]；低/高情景约3%/7%[假设]；配置加权参考值≈5.185%；含eMPF敏感性
2043,中,股票基金,0.3,0.050571,5.057,0.0029,0.0037,4.977,8.0,混合,[混合] 股票5.1%/混合4.8%/DIS核心7.3%/制度加权约4.9%为公开回报中枢[真实数据量级]；保守基金与配置权重、情景偏移、周期项为[假设]；eMPF费率0.29%←旧值0.37%[真实数据·积金局]
2043,中,混合资产基金,0.35,0.047571,4.757,0.0029,0.0037,4.677,8.0,混合,[混合] 股票5.1%/混合4.8%/DIS核心7.3%/制度加权约4.9%为公开回报中枢[真实数据量级]；保守基金与配置权重、情景偏移、周期项为[假设]；eMPF费率0.29%←旧值0.37%[真实数据·积金局]
2043,中,DIS核心累积基金,0.25,0.072571,7.257,0.0029,0.0037,7.177,8.0,混合,[混合] 股票5.1%/混合4.8%/DIS核心7.3%/制度加权约4.9%为公开回报中枢[真实数据量级]；保守基金与配置权重、情景偏移、周期项为[假设]；eMPF费率0.29%←旧值0.37%[真实数据·积金局]
2043,中,保守基金,0.1,0.013725,1.372,0.0029,0.0037,1.292,8.0,混合,[混合] 股票5.1%/混合4.8%/DIS核心7.3%/制度加权约4.9%为公开回报中枢[真实数据量级]；保守基金与配置权重、情景偏移、周期项为[假设]；eMPF费率0.29%←旧值0.37%[真实数据·积金局]
2043,中,制度加权(系统),1.0,0.047511,4.751,0.0029,0.0037,4.671,8.0,混合,[混合] 中情景中枢对齐制度加权约4.9%[真实数据量级]；低/高情景约3%/7%[假设]；配置加权参考值≈5.185%；含eMPF敏感性
2043,高,股票基金,0.3,0.071571,7.157,0.0029,0.0037,7.077,8.0,混合,[混合] 股票5.1%/混合4.8%/DIS核心7.3%/制度加权约4.9%为公开回报中枢[真实数据量级]；保守基金与配置权重、情景偏移、周期项为[假设]；eMPF费率0.29%←旧值0.37%[真实数据·积金局]
2043,高,混合资产基金,0.35,0.068571,6.857,0.0029,0.0037,6.777,8.0,混合,[混合] 股票5.1%/混合4.8%/DIS核心7.3%/制度加权约4.9%为公开回报中枢[真实数据量级]；保守基金与配置权重、情景偏移、周期项为[假设]；eMPF费率0.29%←旧值0.37%[真实数据·积金局]
2043,高,DIS核心累积基金,0.25,0.093571,9.357,0.0029,0.0037,9.277,8.0,混合,[混合] 股票5.1%/混合4.8%/DIS核心7.3%/制度加权约4.9%为公开回报中枢[真实数据量级]；保守基金与配置权重、情景偏移、周期项为[假设]；eMPF费率0.29%←旧值0.37%[真实数据·积金局]
2043,高,保守基金,0.1,0.020025,2.002,0.0029,0.0037,1.922,8.0,混合,[混合] 股票5.1%/混合4.8%/DIS核心7.3%/制度加权约4.9%为公开回报中枢[真实数据量级]；保守基金与配置权重、情景偏移、周期项为[假设]；eMPF费率0.29%←旧值0.37%[真实数据·积金局]
2043,高,制度加权(系统),1.0,0.068511,6.851,0.0029,0.0037,6.771,8.0,混合,[混合] 中情景中枢对齐制度加权约4.9%[真实数据量级]；低/高情景约3%/7%[假设]；配置加权参考值≈5.185%；含eMPF敏感性
2044,低,股票基金,0.3,0.0323,3.23,0.0029,0.0037,3.15,8.0,混合,[混合] 股票5.1%/混合4.8%/DIS核心7.3%/制度加权约4.9%为公开回报中枢[真实数据量级]；保守基金与配置权重、情景偏移、周期项为[假设]；eMPF费率0.29%←旧值0.37%[真实数据·积金局]
2044,低,混合资产基金,0.35,0.0293,2.93,0.0029,0.0037,2.85,8.0,混合,[混合] 股票5.1%/混合4.8%/DIS核心7.3%/制度加权约4.9%为公开回报中枢[真实数据量级]；保守基金与配置权重、情景偏移、周期项为[假设]；eMPF费率0.29%←旧值0.37%[真实数据·积金局]
2044,低,DIS核心累积基金,0.25,0.0543,5.43,0.0029,0.0037,5.35,8.0,混合,[混合] 股票5.1%/混合4.8%/DIS核心7.3%/制度加权约4.9%为公开回报中枢[真实数据量级]；保守基金与配置权重、情景偏移、周期项为[假设]；eMPF费率0.29%←旧值0.37%[真实数据·积金局]
2044,低,保守基金,0.1,0.00795,0.795,0.0029,0.0037,0.715,8.0,混合,[混合] 股票5.1%/混合4.8%/DIS核心7.3%/制度加权约4.9%为公开回报中枢[真实数据量级]；保守基金与配置权重、情景偏移、周期项为[假设]；eMPF费率0.29%←旧值0.37%[真实数据·积金局]
2044,低,制度加权(系统),1.0,0.0288,2.88,0.0029,0.0037,2.8,8.0,混合,[混合] 中情景中枢对齐制度加权约4.9%[真实数据量级]；低/高情景约3%/7%[假设]；配置加权参考值≈5.185%；含eMPF敏感性
2044,中,股票基金,0.3,0.0513,5.13,0.0029,0.0037,5.05,8.0,混合,[混合] 股票5.1%/混合4.8%/DIS核心7.3%/制度加权约4.9%为公开回报中枢[真实数据量级]；保守基金与配置权重、情景偏移、周期项为[假设]；eMPF费率0.29%←旧值0.37%[真实数据·积金局]
2044,中,混合资产基金,0.35,0.0483,4.83,0.0029,0.0037,4.75,8.0,混合,[混合] 股票5.1%/混合4.8%/DIS核心7.3%/制度加权约4.9%为公开回报中枢[真实数据量级]；保守基金与配置权重、情景偏移、周期项为[假设]；eMPF费率0.29%←旧值0.37%[真实数据·积金局]
2044,中,DIS核心累积基金,0.25,0.0733,7.33,0.0029,0.0037,7.25,8.0,混合,[混合] 股票5.1%/混合4.8%/DIS核心7.3%/制度加权约4.9%为公开回报中枢[真实数据量级]；保守基金与配置权重、情景偏移、周期项为[假设]；eMPF费率0.29%←旧值0.37%[真实数据·积金局]
2044,中,保守基金,0.1,0.01365,1.365,0.0029,0.0037,1.285,8.0,混合,[混合] 股票5.1%/混合4.8%/DIS核心7.3%/制度加权约4.9%为公开回报中枢[真实数据量级]；保守基金与配置权重、情景偏移、周期项为[假设]；eMPF费率0.29%←旧值0.37%[真实数据·积金局]
2044,中,制度加权(系统),1.0,0.0478,4.78,0.0029,0.0037,4.7,8.0,混合,[混合] 中情景中枢对齐制度加权约4.9%[真实数据量级]；低/高情景约3%/7%[假设]；配置加权参考值≈5.185%；含eMPF敏感性
2044,高,股票基金,0.3,0.0723,7.23,0.0029,0.0037,7.15,8.0,混合,[混合] 股票5.1%/混合4.8%/DIS核心7.3%/制度加权约4.9%为公开回报中枢[真实数据量级]；保守基金与配置权重、情景偏移、周期项为[假设]；eMPF费率0.29%←旧值0.37%[真实数据·积金局]
2044,高,混合资产基金,0.35,0.0693,6.93,0.0029,0.0037,6.85,8.0,混合,[混合] 股票5.1%/混合4.8%/DIS核心7.3%/制度加权约4.9%为公开回报中枢[真实数据量级]；保守基金与配置权重、情景偏移、周期项为[假设]；eMPF费率0.29%←旧值0.37%[真实数据·积金局]
2044,高,DIS核心累积基金,0.25,0.0943,9.43,0.0029,0.0037,9.35,8.0,混合,[混合] 股票5.1%/混合4.8%/DIS核心7.3%/制度加权约4.9%为公开回报中枢[真实数据量级]；保守基金与配置权重、情景偏移、周期项为[假设]；eMPF费率0.29%←旧值0.37%[真实数据·积金局]
2044,高,保守基金,0.1,0.01995,1.995,0.0029,0.0037,1.915,8.0,混合,[混合] 股票5.1%/混合4.8%/DIS核心7.3%/制度加权约4.9%为公开回报中枢[真实数据量级]；保守基金与配置权重、情景偏移、周期项为[假设]；eMPF费率0.29%←旧值0.37%[真实数据·积金局]
2044,高,制度加权(系统),1.0,0.0688,6.88,0.0029,0.0037,6.8,8.0,混合,[混合] 中情景中枢对齐制度加权约4.9%[真实数据量级]；低/高情景约3%/7%[假设]；配置加权参考值≈5.185%；含eMPF敏感性
2045,低,股票基金,0.3,0.031271,3.127,0.0029,0.0037,3.047,8.0,混合,[混合] 股票5.1%/混合4.8%/DIS核心7.3%/制度加权约4.9%为公开回报中枢[真实数据量级]；保守基金与配置权重、情景偏移、周期项为[假设]；eMPF费率0.29%←旧值0.37%[真实数据·积金局]
2045,低,混合资产基金,0.35,0.028271,2.827,0.0029,0.0037,2.747,8.0,混合,[混合] 股票5.1%/混合4.8%/DIS核心7.3%/制度加权约4.9%为公开回报中枢[真实数据量级]；保守基金与配置权重、情景偏移、周期项为[假设]；eMPF费率0.29%←旧值0.37%[真实数据·积金局]
2045,低,DIS核心累积基金,0.25,0.053271,5.327,0.0029,0.0037,5.247,8.0,混合,[混合] 股票5.1%/混合4.8%/DIS核心7.3%/制度加权约4.9%为公开回报中枢[真实数据量级]；保守基金与配置权重、情景偏移、周期项为[假设]；eMPF费率0.29%←旧值0.37%[真实数据·积金局]
2045,低,保守基金,0.1,0.007875,0.787,0.0029,0.0037,0.708,8.0,混合,[混合] 股票5.1%/混合4.8%/DIS核心7.3%/制度加权约4.9%为公开回报中枢[真实数据量级]；保守基金与配置权重、情景偏移、周期项为[假设]；eMPF费率0.29%←旧值0.37%[真实数据·积金局]
2045,低,制度加权(系统),1.0,0.028211,2.821,0.0029,0.0037,2.741,8.0,混合,[混合] 中情景中枢对齐制度加权约4.9%[真实数据量级]；低/高情景约3%/7%[假设]；配置加权参考值≈5.185%；含eMPF敏感性
2045,中,股票基金,0.3,0.050271,5.027,0.0029,0.0037,4.947,8.0,混合,[混合] 股票5.1%/混合4.8%/DIS核心7.3%/制度加权约4.9%为公开回报中枢[真实数据量级]；保守基金与配置权重、情景偏移、周期项为[假设]；eMPF费率0.29%←旧值0.37%[真实数据·积金局]
2045,中,混合资产基金,0.35,0.047271,4.727,0.0029,0.0037,4.647,8.0,混合,[混合] 股票5.1%/混合4.8%/DIS核心7.3%/制度加权约4.9%为公开回报中枢[真实数据量级]；保守基金与配置权重、情景偏移、周期项为[假设]；eMPF费率0.29%←旧值0.37%[真实数据·积金局]
2045,中,DIS核心累积基金,0.25,0.072271,7.227,0.0029,0.0037,7.147,8.0,混合,[混合] 股票5.1%/混合4.8%/DIS核心7.3%/制度加权约4.9%为公开回报中枢[真实数据量级]；保守基金与配置权重、情景偏移、周期项为[假设]；eMPF费率0.29%←旧值0.37%[真实数据·积金局]
2045,中,保守基金,0.1,0.013575,1.357,0.0029,0.0037,1.278,8.0,混合,[混合] 股票5.1%/混合4.8%/DIS核心7.3%/制度加权约4.9%为公开回报中枢[真实数据量级]；保守基金与配置权重、情景偏移、周期项为[假设]；eMPF费率0.29%←旧值0.37%[真实数据·积金局]
2045,中,制度加权(系统),1.0,0.047211,4.721,0.0029,0.0037,4.641,8.0,混合,[混合] 中情景中枢对齐制度加权约4.9%[真实数据量级]；低/高情景约3%/7%[假设]；配置加权参考值≈5.185%；含eMPF敏感性
2045,高,股票基金,0.3,0.071271,7.127,0.0029,0.0037,7.047,8.0,混合,[混合] 股票5.1%/混合4.8%/DIS核心7.3%/制度加权约4.9%为公开回报中枢[真实数据量级]；保守基金与配置权重、情景偏移、周期项为[假设]；eMPF费率0.29%←旧值0.37%[真实数据·积金局]
2045,高,混合资产基金,0.35,0.068271,6.827,0.0029,0.0037,6.747,8.0,混合,[混合] 股票5.1%/混合4.8%/DIS核心7.3%/制度加权约4.9%为公开回报中枢[真实数据量级]；保守基金与配置权重、情景偏移、周期项为[假设]；eMPF费率0.29%←旧值0.37%[真实数据·积金局]
2045,高,DIS核心累积基金,0.25,0.093271,9.327,0.0029,0.0037,9.247,8.0,混合,[混合] 股票5.1%/混合4.8%/DIS核心7.3%/制度加权约4.9%为公开回报中枢[真实数据量级]；保守基金与配置权重、情景偏移、周期项为[假设]；eMPF费率0.29%←旧值0.37%[真实数据·积金局]
2045,高,保守基金,0.1,0.019875,1.988,0.0029,0.0037,1.908,8.0,混合,[混合] 股票5.1%/混合4.8%/DIS核心7.3%/制度加权约4.9%为公开回报中枢[真实数据量级]；保守基金与配置权重、情景偏移、周期项为[假设]；eMPF费率0.29%←旧值0.37%[真实数据·积金局]
2045,高,制度加权(系统),1.0,0.068211,6.821,0.0029,0.0037,6.741,8.0,混合,[混合] 中情景中枢对齐制度加权约4.9%[真实数据量级]；低/高情景约3%/7%[假设]；配置加权参考值≈5.185%；含eMPF敏感性
2046,低,股票基金,0.3,0.029,2.9,0.0029,0.0037,2.82,8.0,混合,[混合] 股票5.1%/混合4.8%/DIS核心7.3%/制度加权约4.9%为公开回报中枢[真实数据量级]；保守基金与配置权重、情景偏移、周期项为[假设]；eMPF费率0.29%←旧值0.37%[真实数据·积金局]
2046,低,混合资产基金,0.35,0.026,2.6,0.0029,0.0037,2.52,8.0,混合,[混合] 股票5.1%/混合4.8%/DIS核心7.3%/制度加权约4.9%为公开回报中枢[真实数据量级]；保守基金与配置权重、情景偏移、周期项为[假设]；eMPF费率0.29%←旧值0.37%[真实数据·积金局]
2046,低,DIS核心累积基金,0.25,0.051,5.1,0.0029,0.0037,5.02,8.0,混合,[混合] 股票5.1%/混合4.8%/DIS核心7.3%/制度加权约4.9%为公开回报中枢[真实数据量级]；保守基金与配置权重、情景偏移、周期项为[假设]；eMPF费率0.29%←旧值0.37%[真实数据·积金局]
2046,低,保守基金,0.1,0.0078,0.78,0.0029,0.0037,0.7,8.0,混合,[混合] 股票5.1%/混合4.8%/DIS核心7.3%/制度加权约4.9%为公开回报中枢[真实数据量级]；保守基金与配置权重、情景偏移、周期项为[假设]；eMPF费率0.29%←旧值0.37%[真实数据·积金局]
2046,低,制度加权(系统),1.0,0.027,2.7,0.0029,0.0037,2.62,8.0,混合,[混合] 中情景中枢对齐制度加权约4.9%[真实数据量级]；低/高情景约3%/7%[假设]；配置加权参考值≈5.185%；含eMPF敏感性
2046,中,股票基金,0.3,0.048,4.8,0.0029,0.0037,4.72,8.0,混合,[混合] 股票5.1%/混合4.8%/DIS核心7.3%/制度加权约4.9%为公开回报中枢[真实数据量级]；保守基金与配置权重、情景偏移、周期项为[假设]；eMPF费率0.29%←旧值0.37%[真实数据·积金局]
2046,中,混合资产基金,0.35,0.045,4.5,0.0029,0.0037,4.42,8.0,混合,[混合] 股票5.1%/混合4.8%/DIS核心7.3%/制度加权约4.9%为公开回报中枢[真实数据量级]；保守基金与配置权重、情景偏移、周期项为[假设]；eMPF费率0.29%←旧值0.37%[真实数据·积金局]
2046,中,DIS核心累积基金,0.25,0.07,7.0,0.0029,0.0037,6.92,8.0,混合,[混合] 股票5.1%/混合4.8%/DIS核心7.3%/制度加权约4.9%为公开回报中枢[真实数据量级]；保守基金与配置权重、情景偏移、周期项为[假设]；eMPF费率0.29%←旧值0.37%[真实数据·积金局]
2046,中,保守基金,0.1,0.0135,1.35,0.0029,0.0037,1.27,8.0,混合,[混合] 股票5.1%/混合4.8%/DIS核心7.3%/制度加权约4.9%为公开回报中枢[真实数据量级]；保守基金与配置权重、情景偏移、周期项为[假设]；eMPF费率0.29%←旧值0.37%[真实数据·积金局]
2046,中,制度加权(系统),1.0,0.046,4.6,0.0029,0.0037,4.52,8.0,混合,[混合] 中情景中枢对齐制度加权约4.9%[真实数据量级]；低/高情景约3%/7%[假设]；配置加权参考值≈5.185%；含eMPF敏感性
2046,高,股票基金,0.3,0.069,6.9,0.0029,0.0037,6.82,8.0,混合,[混合] 股票5.1%/混合4.8%/DIS核心7.3%/制度加权约4.9%为公开回报中枢[真实数据量级]；保守基金与配置权重、情景偏移、周期项为[假设]；eMPF费率0.29%←旧值0.37%[真实数据·积金局]
2046,高,混合资产基金,0.35,0.066,6.6,0.0029,0.0037,6.52,8.0,混合,[混合] 股票5.1%/混合4.8%/DIS核心7.3%/制度加权约4.9%为公开回报中枢[真实数据量级]；保守基金与配置权重、情景偏移、周期项为[假设]；eMPF费率0.29%←旧值0.37%[真实数据·积金局]
2046,高,DIS核心累积基金,0.25,0.091,9.1,0.0029,0.0037,9.02,8.0,混合,[混合] 股票5.1%/混合4.8%/DIS核心7.3%/制度加权约4.9%为公开回报中枢[真实数据量级]；保守基金与配置权重、情景偏移、周期项为[假设]；eMPF费率0.29%←旧值0.37%[真实数据·积金局]
2046,高,保守基金,0.1,0.0198,1.98,0.0029,0.0037,1.9,8.0,混合,[混合] 股票5.1%/混合4.8%/DIS核心7.3%/制度加权约4.9%为公开回报中枢[真实数据量级]；保守基金与配置权重、情景偏移、周期项为[假设]；eMPF费率0.29%←旧值0.37%[真实数据·积金局]
2046,高,制度加权(系统),1.0,0.067,6.7,0.0029,0.0037,6.62,8.0,混合,[混合] 中情景中枢对齐制度加权约4.9%[真实数据量级]；低/高情景约3%/7%[假设]；配置加权参考值≈5.185%；含eMPF敏感性
2047,低,股票基金,0.3,0.026729,2.673,0.0029,0.0037,2.593,8.0,混合,[混合] 股票5.1%/混合4.8%/DIS核心7.3%/制度加权约4.9%为公开回报中枢[真实数据量级]；保守基金与配置权重、情景偏移、周期项为[假设]；eMPF费率0.29%←旧值0.37%[真实数据·积金局]
2047,低,混合资产基金,0.35,0.023729,2.373,0.0029,0.0037,2.293,8.0,混合,[混合] 股票5.1%/混合4.8%/DIS核心7.3%/制度加权约4.9%为公开回报中枢[真实数据量级]；保守基金与配置权重、情景偏移、周期项为[假设]；eMPF费率0.29%←旧值0.37%[真实数据·积金局]
2047,低,DIS核心累积基金,0.25,0.048729,4.873,0.0029,0.0037,4.793,8.0,混合,[混合] 股票5.1%/混合4.8%/DIS核心7.3%/制度加权约4.9%为公开回报中枢[真实数据量级]；保守基金与配置权重、情景偏移、周期项为[假设]；eMPF费率0.29%←旧值0.37%[真实数据·积金局]
2047,低,保守基金,0.1,0.007725,0.772,0.0029,0.0037,0.692,8.0,混合,[混合] 股票5.1%/混合4.8%/DIS核心7.3%/制度加权约4.9%为公开回报中枢[真实数据量级]；保守基金与配置权重、情景偏移、周期项为[假设]；eMPF费率0.29%←旧值0.37%[真实数据·积金局]
2047,低,制度加权(系统),1.0,0.025789,2.579,0.0029,0.0037,2.499,8.0,混合,[混合] 中情景中枢对齐制度加权约4.9%[真实数据量级]；低/高情景约3%/7%[假设]；配置加权参考值≈5.185%；含eMPF敏感性
2047,中,股票基金,0.3,0.045729,4.573,0.0029,0.0037,4.493,8.0,混合,[混合] 股票5.1%/混合4.8%/DIS核心7.3%/制度加权约4.9%为公开回报中枢[真实数据量级]；保守基金与配置权重、情景偏移、周期项为[假设]；eMPF费率0.29%←旧值0.37%[真实数据·积金局]
2047,中,混合资产基金,0.35,0.042729,4.273,0.0029,0.0037,4.193,8.0,混合,[混合] 股票5.1%/混合4.8%/DIS核心7.3%/制度加权约4.9%为公开回报中枢[真实数据量级]；保守基金与配置权重、情景偏移、周期项为[假设]；eMPF费率0.29%←旧值0.37%[真实数据·积金局]
2047,中,DIS核心累积基金,0.25,0.067729,6.773,0.0029,0.0037,6.693,8.0,混合,[混合] 股票5.1%/混合4.8%/DIS核心7.3%/制度加权约4.9%为公开回报中枢[真实数据量级]；保守基金与配置权重、情景偏移、周期项为[假设]；eMPF费率0.29%←旧值0.37%[真实数据·积金局]
2047,中,保守基金,0.1,0.013425,1.343,0.0029,0.0037,1.262,8.0,混合,[混合] 股票5.1%/混合4.8%/DIS核心7.3%/制度加权约4.9%为公开回报中枢[真实数据量级]；保守基金与配置权重、情景偏移、周期项为[假设]；eMPF费率0.29%←旧值0.37%[真实数据·积金局]
2047,中,制度加权(系统),1.0,0.044789,4.479,0.0029,0.0037,4.399,8.0,混合,[混合] 中情景中枢对齐制度加权约4.9%[真实数据量级]；低/高情景约3%/7%[假设]；配置加权参考值≈5.185%；含eMPF敏感性
2047,高,股票基金,0.3,0.066729,6.673,0.0029,0.0037,6.593,8.0,混合,[混合] 股票5.1%/混合4.8%/DIS核心7.3%/制度加权约4.9%为公开回报中枢[真实数据量级]；保守基金与配置权重、情景偏移、周期项为[假设]；eMPF费率0.29%←旧值0.37%[真实数据·积金局]
2047,高,混合资产基金,0.35,0.063729,6.373,0.0029,0.0037,6.293,8.0,混合,[混合] 股票5.1%/混合4.8%/DIS核心7.3%/制度加权约4.9%为公开回报中枢[真实数据量级]；保守基金与配置权重、情景偏移、周期项为[假设]；eMPF费率0.29%←旧值0.37%[真实数据·积金局]
2047,高,DIS核心累积基金,0.25,0.088729,8.873,0.0029,0.0037,8.793,8.0,混合,[混合] 股票5.1%/混合4.8%/DIS核心7.3%/制度加权约4.9%为公开回报中枢[真实数据量级]；保守基金与配置权重、情景偏移、周期项为[假设]；eMPF费率0.29%←旧值0.37%[真实数据·积金局]
2047,高,保守基金,0.1,0.019725,1.972,0.0029,0.0037,1.892,8.0,混合,[混合] 股票5.1%/混合4.8%/DIS核心7.3%/制度加权约4.9%为公开回报中枢[真实数据量级]；保守基金与配置权重、情景偏移、周期项为[假设]；eMPF费率0.29%←旧值0.37%[真实数据·积金局]
2047,高,制度加权(系统),1.0,0.065789,6.579,0.0029,0.0037,6.499,8.0,混合,[混合] 中情景中枢对齐制度加权约4.9%[真实数据量级]；低/高情景约3%/7%[假设]；配置加权参考值≈5.185%；含eMPF敏感性
2048,低,股票基金,0.3,0.0257,2.57,0.0029,0.0037,2.49,8.0,混合,[混合] 股票5.1%/混合4.8%/DIS核心7.3%/制度加权约4.9%为公开回报中枢[真实数据量级]；保守基金与配置权重、情景偏移、周期项为[假设]；eMPF费率0.29%←旧值0.37%[真实数据·积金局]
2048,低,混合资产基金,0.35,0.0227,2.27,0.0029,0.0037,2.19,8.0,混合,[混合] 股票5.1%/混合4.8%/DIS核心7.3%/制度加权约4.9%为公开回报中枢[真实数据量级]；保守基金与配置权重、情景偏移、周期项为[假设]；eMPF费率0.29%←旧值0.37%[真实数据·积金局]
2048,低,DIS核心累积基金,0.25,0.0477,4.77,0.0029,0.0037,4.69,8.0,混合,[混合] 股票5.1%/混合4.8%/DIS核心7.3%/制度加权约4.9%为公开回报中枢[真实数据量级]；保守基金与配置权重、情景偏移、周期项为[假设]；eMPF费率0.29%←旧值0.37%[真实数据·积金局]
2048,低,保守基金,0.1,0.00765,0.765,0.0029,0.0037,0.685,8.0,混合,[混合] 股票5.1%/混合4.8%/DIS核心7.3%/制度加权约4.9%为公开回报中枢[真实数据量级]；保守基金与配置权重、情景偏移、周期项为[假设]；eMPF费率0.29%←旧值0.37%[真实数据·积金局]
2048,低,制度加权(系统),1.0,0.0252,2.52,0.0029,0.0037,2.44,8.0,混合,[混合] 中情景中枢对齐制度加权约4.9%[真实数据量级]；低/高情景约3%/7%[假设]；配置加权参考值≈5.185%；含eMPF敏感性
2048,中,股票基金,0.3,0.0447,4.47,0.0029,0.0037,4.39,8.0,混合,[混合] 股票5.1%/混合4.8%/DIS核心7.3%/制度加权约4.9%为公开回报中枢[真实数据量级]；保守基金与配置权重、情景偏移、周期项为[假设]；eMPF费率0.29%←旧值0.37%[真实数据·积金局]
2048,中,混合资产基金,0.35,0.0417,4.17,0.0029,0.0037,4.09,8.0,混合,[混合] 股票5.1%/混合4.8%/DIS核心7.3%/制度加权约4.9%为公开回报中枢[真实数据量级]；保守基金与配置权重、情景偏移、周期项为[假设]；eMPF费率0.29%←旧值0.37%[真实数据·积金局]
2048,中,DIS核心累积基金,0.25,0.0667,6.67,0.0029,0.0037,6.59,8.0,混合,[混合] 股票5.1%/混合4.8%/DIS核心7.3%/制度加权约4.9%为公开回报中枢[真实数据量级]；保守基金与配置权重、情景偏移、周期项为[假设]；eMPF费率0.29%←旧值0.37%[真实数据·积金局]
2048,中,保守基金,0.1,0.01335,1.335,0.0029,0.0037,1.255,8.0,混合,[混合] 股票5.1%/混合4.8%/DIS核心7.3%/制度加权约4.9%为公开回报中枢[真实数据量级]；保守基金与配置权重、情景偏移、周期项为[假设]；eMPF费率0.29%←旧值0.37%[真实数据·积金局]
2048,中,制度加权(系统),1.0,0.0442,4.42,0.0029,0.0037,4.34,8.0,混合,[混合] 中情景中枢对齐制度加权约4.9%[真实数据量级]；低/高情景约3%/7%[假设]；配置加权参考值≈5.185%；含eMPF敏感性
2048,高,股票基金,0.3,0.0657,6.57,0.0029,0.0037,6.49,8.0,混合,[混合] 股票5.1%/混合4.8%/DIS核心7.3%/制度加权约4.9%为公开回报中枢[真实数据量级]；保守基金与配置权重、情景偏移、周期项为[假设]；eMPF费率0.29%←旧值0.37%[真实数据·积金局]
2048,高,混合资产基金,0.35,0.0627,6.27,0.0029,0.0037,6.19,8.0,混合,[混合] 股票5.1%/混合4.8%/DIS核心7.3%/制度加权约4.9%为公开回报中枢[真实数据量级]；保守基金与配置权重、情景偏移、周期项为[假设]；eMPF费率0.29%←旧值0.37%[真实数据·积金局]
2048,高,DIS核心累积基金,0.25,0.0877,8.77,0.0029,0.0037,8.69,8.0,混合,[混合] 股票5.1%/混合4.8%/DIS核心7.3%/制度加权约4.9%为公开回报中枢[真实数据量级]；保守基金与配置权重、情景偏移、周期项为[假设]；eMPF费率0.29%←旧值0.37%[真实数据·积金局]
2048,高,保守基金,0.1,0.01965,1.965,0.0029,0.0037,1.885,8.0,混合,[混合] 股票5.1%/混合4.8%/DIS核心7.3%/制度加权约4.9%为公开回报中枢[真实数据量级]；保守基金与配置权重、情景偏移、周期项为[假设]；eMPF费率0.29%←旧值0.37%[真实数据·积金局]
2048,高,制度加权(系统),1.0,0.0652,6.52,0.0029,0.0037,6.44,8.0,混合,[混合] 中情景中枢对齐制度加权约4.9%[真实数据量级]；低/高情景约3%/7%[假设]；配置加权参考值≈5.185%；含eMPF敏感性
2049,低,股票基金,0.3,0.026429,2.643,0.0029,0.0037,2.563,8.0,混合,[混合] 股票5.1%/混合4.8%/DIS核心7.3%/制度加权约4.9%为公开回报中枢[真实数据量级]；保守基金与配置权重、情景偏移、周期项为[假设]；eMPF费率0.29%←旧值0.37%[真实数据·积金局]
2049,低,混合资产基金,0.35,0.023429,2.343,0.0029,0.0037,2.263,8.0,混合,[混合] 股票5.1%/混合4.8%/DIS核心7.3%/制度加权约4.9%为公开回报中枢[真实数据量级]；保守基金与配置权重、情景偏移、周期项为[假设]；eMPF费率0.29%←旧值0.37%[真实数据·积金局]
2049,低,DIS核心累积基金,0.25,0.048429,4.843,0.0029,0.0037,4.763,8.0,混合,[混合] 股票5.1%/混合4.8%/DIS核心7.3%/制度加权约4.9%为公开回报中枢[真实数据量级]；保守基金与配置权重、情景偏移、周期项为[假设]；eMPF费率0.29%←旧值0.37%[真实数据·积金局]
2049,低,保守基金,0.1,0.007575,0.757,0.0029,0.0037,0.677,8.0,混合,[混合] 股票5.1%/混合4.8%/DIS核心7.3%/制度加权约4.9%为公开回报中枢[真实数据量级]；保守基金与配置权重、情景偏移、周期项为[假设]；eMPF费率0.29%←旧值0.37%[真实数据·积金局]
2049,低,制度加权(系统),1.0,0.025489,2.549,0.0029,0.0037,2.469,8.0,混合,[混合] 中情景中枢对齐制度加权约4.9%[真实数据量级]；低/高情景约3%/7%[假设]；配置加权参考值≈5.185%；含eMPF敏感性
2049,中,股票基金,0.3,0.045429,4.543,0.0029,0.0037,4.463,8.0,混合,[混合] 股票5.1%/混合4.8%/DIS核心7.3%/制度加权约4.9%为公开回报中枢[真实数据量级]；保守基金与配置权重、情景偏移、周期项为[假设]；eMPF费率0.29%←旧值0.37%[真实数据·积金局]
2049,中,混合资产基金,0.35,0.042429,4.243,0.0029,0.0037,4.163,8.0,混合,[混合] 股票5.1%/混合4.8%/DIS核心7.3%/制度加权约4.9%为公开回报中枢[真实数据量级]；保守基金与配置权重、情景偏移、周期项为[假设]；eMPF费率0.29%←旧值0.37%[真实数据·积金局]
2049,中,DIS核心累积基金,0.25,0.067429,6.743,0.0029,0.0037,6.663,8.0,混合,[混合] 股票5.1%/混合4.8%/DIS核心7.3%/制度加权约4.9%为公开回报中枢[真实数据量级]；保守基金与配置权重、情景偏移、周期项为[假设]；eMPF费率0.29%←旧值0.37%[真实数据·积金局]
2049,中,保守基金,0.1,0.013275,1.328,0.0029,0.0037,1.248,8.0,混合,[混合] 股票5.1%/混合4.8%/DIS核心7.3%/制度加权约4.9%为公开回报中枢[真实数据量级]；保守基金与配置权重、情景偏移、周期项为[假设]；eMPF费率0.29%←旧值0.37%[真实数据·积金局]
2049,中,制度加权(系统),1.0,0.044489,4.449,0.0029,0.0037,4.369,8.0,混合,[混合] 中情景中枢对齐制度加权约4.9%[真实数据量级]；低/高情景约3%/7%[假设]；配置加权参考值≈5.185%；含eMPF敏感性
2049,高,股票基金,0.3,0.066429,6.643,0.0029,0.0037,6.563,8.0,混合,[混合] 股票5.1%/混合4.8%/DIS核心7.3%/制度加权约4.9%为公开回报中枢[真实数据量级]；保守基金与配置权重、情景偏移、周期项为[假设]；eMPF费率0.29%←旧值0.37%[真实数据·积金局]
2049,高,混合资产基金,0.35,0.063429,6.343,0.0029,0.0037,6.263,8.0,混合,[混合] 股票5.1%/混合4.8%/DIS核心7.3%/制度加权约4.9%为公开回报中枢[真实数据量级]；保守基金与配置权重、情景偏移、周期项为[假设]；eMPF费率0.29%←旧值0.37%[真实数据·积金局]
2049,高,DIS核心累积基金,0.25,0.088429,8.843,0.0029,0.0037,8.763,8.0,混合,[混合] 股票5.1%/混合4.8%/DIS核心7.3%/制度加权约4.9%为公开回报中枢[真实数据量级]；保守基金与配置权重、情景偏移、周期项为[假设]；eMPF费率0.29%←旧值0.37%[真实数据·积金局]
2049,高,保守基金,0.1,0.019575,1.957,0.0029,0.0037,1.877,8.0,混合,[混合] 股票5.1%/混合4.8%/DIS核心7.3%/制度加权约4.9%为公开回报中枢[真实数据量级]；保守基金与配置权重、情景偏移、周期项为[假设]；eMPF费率0.29%←旧值0.37%[真实数据·积金局]
2049,高,制度加权(系统),1.0,0.065489,6.549,0.0029,0.0037,6.469,8.0,混合,[混合] 中情景中枢对齐制度加权约4.9%[真实数据量级]；低/高情景约3%/7%[假设]；配置加权参考值≈5.185%；含eMPF敏感性
2050,低,股票基金,0.3,0.0284,2.84,0.0029,0.0037,2.76,8.0,混合,[混合] 股票5.1%/混合4.8%/DIS核心7.3%/制度加权约4.9%为公开回报中枢[真实数据量级]；保守基金与配置权重、情景偏移、周期项为[假设]；eMPF费率0.29%←旧值0.37%[真实数据·积金局]
2050,低,混合资产基金,0.35,0.0254,2.54,0.0029,0.0037,2.46,8.0,混合,[混合] 股票5.1%/混合4.8%/DIS核心7.3%/制度加权约4.9%为公开回报中枢[真实数据量级]；保守基金与配置权重、情景偏移、周期项为[假设]；eMPF费率0.29%←旧值0.37%[真实数据·积金局]
2050,低,DIS核心累积基金,0.25,0.0504,5.04,0.0029,0.0037,4.96,8.0,混合,[混合] 股票5.1%/混合4.8%/DIS核心7.3%/制度加权约4.9%为公开回报中枢[真实数据量级]；保守基金与配置权重、情景偏移、周期项为[假设]；eMPF费率0.29%←旧值0.37%[真实数据·积金局]
2050,低,保守基金,0.1,0.0075,0.75,0.0029,0.0037,0.67,8.0,混合,[混合] 股票5.1%/混合4.8%/DIS核心7.3%/制度加权约4.9%为公开回报中枢[真实数据量级]；保守基金与配置权重、情景偏移、周期项为[假设]；eMPF费率0.29%←旧值0.37%[真实数据·积金局]
2050,低,制度加权(系统),1.0,0.0264,2.64,0.0029,0.0037,2.56,8.0,混合,[混合] 中情景中枢对齐制度加权约4.9%[真实数据量级]；低/高情景约3%/7%[假设]；配置加权参考值≈5.185%；含eMPF敏感性
2050,中,股票基金,0.3,0.0474,4.74,0.0029,0.0037,4.66,8.0,混合,[混合] 股票5.1%/混合4.8%/DIS核心7.3%/制度加权约4.9%为公开回报中枢[真实数据量级]；保守基金与配置权重、情景偏移、周期项为[假设]；eMPF费率0.29%←旧值0.37%[真实数据·积金局]
2050,中,混合资产基金,0.35,0.0444,4.44,0.0029,0.0037,4.36,8.0,混合,[混合] 股票5.1%/混合4.8%/DIS核心7.3%/制度加权约4.9%为公开回报中枢[真实数据量级]；保守基金与配置权重、情景偏移、周期项为[假设]；eMPF费率0.29%←旧值0.37%[真实数据·积金局]
2050,中,DIS核心累积基金,0.25,0.0694,6.94,0.0029,0.0037,6.86,8.0,混合,[混合] 股票5.1%/混合4.8%/DIS核心7.3%/制度加权约4.9%为公开回报中枢[真实数据量级]；保守基金与配置权重、情景偏移、周期项为[假设]；eMPF费率0.29%←旧值0.37%[真实数据·积金局]
2050,中,保守基金,0.1,0.0132,1.32,0.0029,0.0037,1.24,8.0,混合,[混合] 股票5.1%/混合4.8%/DIS核心7.3%/制度加权约4.9%为公开回报中枢[真实数据量级]；保守基金与配置权重、情景偏移、周期项为[假设]；eMPF费率0.29%←旧值0.37%[真实数据·积金局]
2050,中,制度加权(系统),1.0,0.0454,4.54,0.0029,0.0037,4.46,8.0,混合,[混合] 中情景中枢对齐制度加权约4.9%[真实数据量级]；低/高情景约3%/7%[假设]；配置加权参考值≈5.185%；含eMPF敏感性
2050,高,股票基金,0.3,0.0684,6.84,0.0029,0.0037,6.76,8.0,混合,[混合] 股票5.1%/混合4.8%/DIS核心7.3%/制度加权约4.9%为公开回报中枢[真实数据量级]；保守基金与配置权重、情景偏移、周期项为[假设]；eMPF费率0.29%←旧值0.37%[真实数据·积金局]
2050,高,混合资产基金,0.35,0.0654,6.54,0.0029,0.0037,6.46,8.0,混合,[混合] 股票5.1%/混合4.8%/DIS核心7.3%/制度加权约4.9%为公开回报中枢[真实数据量级]；保守基金与配置权重、情景偏移、周期项为[假设]；eMPF费率0.29%←旧值0.37%[真实数据·积金局]
2050,高,DIS核心累积基金,0.25,0.0904,9.04,0.0029,0.0037,8.96,8.0,混合,[混合] 股票5.1%/混合4.8%/DIS核心7.3%/制度加权约4.9%为公开回报中枢[真实数据量级]；保守基金与配置权重、情景偏移、周期项为[假设]；eMPF费率0.29%←旧值0.37%[真实数据·积金局]
2050,高,保守基金,0.1,0.0195,1.95,0.0029,0.0037,1.87,8.0,混合,[混合] 股票5.1%/混合4.8%/DIS核心7.3%/制度加权约4.9%为公开回报中枢[真实数据量级]；保守基金与配置权重、情景偏移、周期项为[假设]；eMPF费率0.29%←旧值0.37%[真实数据·积金局]
2050,高,制度加权(系统),1.0,0.0664,6.64,0.0029,0.0037,6.56,8.0,混合,[混合] 中情景中枢对齐制度加权约4.9%[真实数据量级]；低/高情景约3%/7%[假设]；配置加权参考值≈5.185%；含eMPF敏感性
2051,低,股票基金,0.3,0.030371,3.037,0.0029,0.0037,2.957,8.0,混合,[混合] 股票5.1%/混合4.8%/DIS核心7.3%/制度加权约4.9%为公开回报中枢[真实数据量级]；保守基金与配置权重、情景偏移、周期项为[假设]；eMPF费率0.29%←旧值0.37%[真实数据·积金局]
2051,低,混合资产基金,0.35,0.027371,2.737,0.0029,0.0037,2.657,8.0,混合,[混合] 股票5.1%/混合4.8%/DIS核心7.3%/制度加权约4.9%为公开回报中枢[真实数据量级]；保守基金与配置权重、情景偏移、周期项为[假设]；eMPF费率0.29%←旧值0.37%[真实数据·积金局]
2051,低,DIS核心累积基金,0.25,0.052371,5.237,0.0029,0.0037,5.157,8.0,混合,[混合] 股票5.1%/混合4.8%/DIS核心7.3%/制度加权约4.9%为公开回报中枢[真实数据量级]；保守基金与配置权重、情景偏移、周期项为[假设]；eMPF费率0.29%←旧值0.37%[真实数据·积金局]
2051,低,保守基金,0.1,0.007425,0.742,0.0029,0.0037,0.662,8.0,混合,[混合] 股票5.1%/混合4.8%/DIS核心7.3%/制度加权约4.9%为公开回报中枢[真实数据量级]；保守基金与配置权重、情景偏移、周期项为[假设]；eMPF费率0.29%←旧值0.37%[真实数据·积金局]
2051,低,制度加权(系统),1.0,0.027311,2.731,0.0029,0.0037,2.651,8.0,混合,[混合] 中情景中枢对齐制度加权约4.9%[真实数据量级]；低/高情景约3%/7%[假设]；配置加权参考值≈5.185%；含eMPF敏感性
2051,中,股票基金,0.3,0.049371,4.937,0.0029,0.0037,4.857,8.0,混合,[混合] 股票5.1%/混合4.8%/DIS核心7.3%/制度加权约4.9%为公开回报中枢[真实数据量级]；保守基金与配置权重、情景偏移、周期项为[假设]；eMPF费率0.29%←旧值0.37%[真实数据·积金局]
2051,中,混合资产基金,0.35,0.046371,4.637,0.0029,0.0037,4.557,8.0,混合,[混合] 股票5.1%/混合4.8%/DIS核心7.3%/制度加权约4.9%为公开回报中枢[真实数据量级]；保守基金与配置权重、情景偏移、周期项为[假设]；eMPF费率0.29%←旧值0.37%[真实数据·积金局]
2051,中,DIS核心累积基金,0.25,0.071371,7.137,0.0029,0.0037,7.057,8.0,混合,[混合] 股票5.1%/混合4.8%/DIS核心7.3%/制度加权约4.9%为公开回报中枢[真实数据量级]；保守基金与配置权重、情景偏移、周期项为[假设]；eMPF费率0.29%←旧值0.37%[真实数据·积金局]
2051,中,保守基金,0.1,0.013125,1.312,0.0029,0.0037,1.232,8.0,混合,[混合] 股票5.1%/混合4.8%/DIS核心7.3%/制度加权约4.9%为公开回报中枢[真实数据量级]；保守基金与配置权重、情景偏移、周期项为[假设]；eMPF费率0.29%←旧值0.37%[真实数据·积金局]
2051,中,制度加权(系统),1.0,0.046311,4.631,0.0029,0.0037,4.551,8.0,混合,[混合] 中情景中枢对齐制度加权约4.9%[真实数据量级]；低/高情景约3%/7%[假设]；配置加权参考值≈5.185%；含eMPF敏感性
2051,高,股票基金,0.3,0.070371,7.037,0.0029,0.0037,6.957,8.0,混合,[混合] 股票5.1%/混合4.8%/DIS核心7.3%/制度加权约4.9%为公开回报中枢[真实数据量级]；保守基金与配置权重、情景偏移、周期项为[假设]；eMPF费率0.29%←旧值0.37%[真实数据·积金局]
2051,高,混合资产基金,0.35,0.067371,6.737,0.0029,0.0037,6.657,8.0,混合,[混合] 股票5.1%/混合4.8%/DIS核心7.3%/制度加权约4.9%为公开回报中枢[真实数据量级]；保守基金与配置权重、情景偏移、周期项为[假设]；eMPF费率0.29%←旧值0.37%[真实数据·积金局]
2051,高,DIS核心累积基金,0.25,0.092371,9.237,0.0029,0.0037,9.157,8.0,混合,[混合] 股票5.1%/混合4.8%/DIS核心7.3%/制度加权约4.9%为公开回报中枢[真实数据量级]；保守基金与配置权重、情景偏移、周期项为[假设]；eMPF费率0.29%←旧值0.37%[真实数据·积金局]
2051,高,保守基金,0.1,0.019425,1.942,0.0029,0.0037,1.862,8.0,混合,[混合] 股票5.1%/混合4.8%/DIS核心7.3%/制度加权约4.9%为公开回报中枢[真实数据量级]；保守基金与配置权重、情景偏移、周期项为[假设]；eMPF费率0.29%←旧值0.37%[真实数据·积金局]
2051,高,制度加权(系统),1.0,0.067311,6.731,0.0029,0.0037,6.651,8.0,混合,[混合] 中情景中枢对齐制度加权约4.9%[真实数据量级]；低/高情景约3%/7%[假设]；配置加权参考值≈5.185%；含eMPF敏感性
2052,低,股票基金,0.3,0.0311,3.11,0.0029,0.0037,3.03,8.0,混合,[混合] 股票5.1%/混合4.8%/DIS核心7.3%/制度加权约4.9%为公开回报中枢[真实数据量级]；保守基金与配置权重、情景偏移、周期项为[假设]；eMPF费率0.29%←旧值0.37%[真实数据·积金局]
2052,低,混合资产基金,0.35,0.0281,2.81,0.0029,0.0037,2.73,8.0,混合,[混合] 股票5.1%/混合4.8%/DIS核心7.3%/制度加权约4.9%为公开回报中枢[真实数据量级]；保守基金与配置权重、情景偏移、周期项为[假设]；eMPF费率0.29%←旧值0.37%[真实数据·积金局]
2052,低,DIS核心累积基金,0.25,0.0531,5.31,0.0029,0.0037,5.23,8.0,混合,[混合] 股票5.1%/混合4.8%/DIS核心7.3%/制度加权约4.9%为公开回报中枢[真实数据量级]；保守基金与配置权重、情景偏移、周期项为[假设]；eMPF费率0.29%←旧值0.37%[真实数据·积金局]
2052,低,保守基金,0.1,0.00735,0.735,0.0029,0.0037,0.655,8.0,混合,[混合] 股票5.1%/混合4.8%/DIS核心7.3%/制度加权约4.9%为公开回报中枢[真实数据量级]；保守基金与配置权重、情景偏移、周期项为[假设]；eMPF费率0.29%←旧值0.37%[真实数据·积金局]
2052,低,制度加权(系统),1.0,0.0276,2.76,0.0029,0.0037,2.68,8.0,混合,[混合] 中情景中枢对齐制度加权约4.9%[真实数据量级]；低/高情景约3%/7%[假设]；配置加权参考值≈5.185%；含eMPF敏感性
2052,中,股票基金,0.3,0.0501,5.01,0.0029,0.0037,4.93,8.0,混合,[混合] 股票5.1%/混合4.8%/DIS核心7.3%/制度加权约4.9%为公开回报中枢[真实数据量级]；保守基金与配置权重、情景偏移、周期项为[假设]；eMPF费率0.29%←旧值0.37%[真实数据·积金局]
2052,中,混合资产基金,0.35,0.0471,4.71,0.0029,0.0037,4.63,8.0,混合,[混合] 股票5.1%/混合4.8%/DIS核心7.3%/制度加权约4.9%为公开回报中枢[真实数据量级]；保守基金与配置权重、情景偏移、周期项为[假设]；eMPF费率0.29%←旧值0.37%[真实数据·积金局]
2052,中,DIS核心累积基金,0.25,0.0721,7.21,0.0029,0.0037,7.13,8.0,混合,[混合] 股票5.1%/混合4.8%/DIS核心7.3%/制度加权约4.9%为公开回报中枢[真实数据量级]；保守基金与配置权重、情景偏移、周期项为[假设]；eMPF费率0.29%←旧值0.37%[真实数据·积金局]
2052,中,保守基金,0.1,0.01305,1.305,0.0029,0.0037,1.225,8.0,混合,[混合] 股票5.1%/混合4.8%/DIS核心7.3%/制度加权约4.9%为公开回报中枢[真实数据量级]；保守基金与配置权重、情景偏移、周期项为[假设]；eMPF费率0.29%←旧值0.37%[真实数据·积金局]
2052,中,制度加权(系统),1.0,0.0466,4.66,0.0029,0.0037,4.58,8.0,混合,[混合] 中情景中枢对齐制度加权约4.9%[真实数据量级]；低/高情景约3%/7%[假设]；配置加权参考值≈5.185%；含eMPF敏感性
2052,高,股票基金,0.3,0.0711,7.11,0.0029,0.0037,7.03,8.0,混合,[混合] 股票5.1%/混合4.8%/DIS核心7.3%/制度加权约4.9%为公开回报中枢[真实数据量级]；保守基金与配置权重、情景偏移、周期项为[假设]；eMPF费率0.29%←旧值0.37%[真实数据·积金局]
2052,高,混合资产基金,0.35,0.0681,6.81,0.0029,0.0037,6.73,8.0,混合,[混合] 股票5.1%/混合4.8%/DIS核心7.3%/制度加权约4.9%为公开回报中枢[真实数据量级]；保守基金与配置权重、情景偏移、周期项为[假设]；eMPF费率0.29%←旧值0.37%[真实数据·积金局]
2052,高,DIS核心累积基金,0.25,0.0931,9.31,0.0029,0.0037,9.23,8.0,混合,[混合] 股票5.1%/混合4.8%/DIS核心7.3%/制度加权约4.9%为公开回报中枢[真实数据量级]；保守基金与配置权重、情景偏移、周期项为[假设]；eMPF费率0.29%←旧值0.37%[真实数据·积金局]
2052,高,保守基金,0.1,0.01935,1.935,0.0029,0.0037,1.855,8.0,混合,[混合] 股票5.1%/混合4.8%/DIS核心7.3%/制度加权约4.9%为公开回报中枢[真实数据量级]；保守基金与配置权重、情景偏移、周期项为[假设]；eMPF费率0.29%←旧值0.37%[真实数据·积金局]
2052,高,制度加权(系统),1.0,0.0676,6.76,0.0029,0.0037,6.68,8.0,混合,[混合] 中情景中枢对齐制度加权约4.9%[真实数据量级]；低/高情景约3%/7%[假设]；配置加权参考值≈5.185%；含eMPF敏感性
2053,低,股票基金,0.3,0.030071,3.007,0.0029,0.0037,2.927,8.0,混合,[混合] 股票5.1%/混合4.8%/DIS核心7.3%/制度加权约4.9%为公开回报中枢[真实数据量级]；保守基金与配置权重、情景偏移、周期项为[假设]；eMPF费率0.29%←旧值0.37%[真实数据·积金局]
2053,低,混合资产基金,0.35,0.027071,2.707,0.0029,0.0037,2.627,8.0,混合,[混合] 股票5.1%/混合4.8%/DIS核心7.3%/制度加权约4.9%为公开回报中枢[真实数据量级]；保守基金与配置权重、情景偏移、周期项为[假设]；eMPF费率0.29%←旧值0.37%[真实数据·积金局]
2053,低,DIS核心累积基金,0.25,0.052071,5.207,0.0029,0.0037,5.127,8.0,混合,[混合] 股票5.1%/混合4.8%/DIS核心7.3%/制度加权约4.9%为公开回报中枢[真实数据量级]；保守基金与配置权重、情景偏移、周期项为[假设]；eMPF费率0.29%←旧值0.37%[真实数据·积金局]
2053,低,保守基金,0.1,0.007275,0.727,0.0029,0.0037,0.647,8.0,混合,[混合] 股票5.1%/混合4.8%/DIS核心7.3%/制度加权约4.9%为公开回报中枢[真实数据量级]；保守基金与配置权重、情景偏移、周期项为[假设]；eMPF费率0.29%←旧值0.37%[真实数据·积金局]
2053,低,制度加权(系统),1.0,0.027011,2.701,0.0029,0.0037,2.621,8.0,混合,[混合] 中情景中枢对齐制度加权约4.9%[真实数据量级]；低/高情景约3%/7%[假设]；配置加权参考值≈5.185%；含eMPF敏感性
2053,中,股票基金,0.3,0.049071,4.907,0.0029,0.0037,4.827,8.0,混合,[混合] 股票5.1%/混合4.8%/DIS核心7.3%/制度加权约4.9%为公开回报中枢[真实数据量级]；保守基金与配置权重、情景偏移、周期项为[假设]；eMPF费率0.29%←旧值0.37%[真实数据·积金局]
2053,中,混合资产基金,0.35,0.046071,4.607,0.0029,0.0037,4.527,8.0,混合,[混合] 股票5.1%/混合4.8%/DIS核心7.3%/制度加权约4.9%为公开回报中枢[真实数据量级]；保守基金与配置权重、情景偏移、周期项为[假设]；eMPF费率0.29%←旧值0.37%[真实数据·积金局]
2053,中,DIS核心累积基金,0.25,0.071071,7.107,0.0029,0.0037,7.027,8.0,混合,[混合] 股票5.1%/混合4.8%/DIS核心7.3%/制度加权约4.9%为公开回报中枢[真实数据量级]；保守基金与配置权重、情景偏移、周期项为[假设]；eMPF费率0.29%←旧值0.37%[真实数据·积金局]
2053,中,保守基金,0.1,0.012975,1.298,0.0029,0.0037,1.218,8.0,混合,[混合] 股票5.1%/混合4.8%/DIS核心7.3%/制度加权约4.9%为公开回报中枢[真实数据量级]；保守基金与配置权重、情景偏移、周期项为[假设]；eMPF费率0.29%←旧值0.37%[真实数据·积金局]
2053,中,制度加权(系统),1.0,0.046011,4.601,0.0029,0.0037,4.521,8.0,混合,[混合] 中情景中枢对齐制度加权约4.9%[真实数据量级]；低/高情景约3%/7%[假设]；配置加权参考值≈5.185%；含eMPF敏感性
2053,高,股票基金,0.3,0.070071,7.007,0.0029,0.0037,6.927,8.0,混合,[混合] 股票5.1%/混合4.8%/DIS核心7.3%/制度加权约4.9%为公开回报中枢[真实数据量级]；保守基金与配置权重、情景偏移、周期项为[假设]；eMPF费率0.29%←旧值0.37%[真实数据·积金局]
2053,高,混合资产基金,0.35,0.067071,6.707,0.0029,0.0037,6.627,8.0,混合,[混合] 股票5.1%/混合4.8%/DIS核心7.3%/制度加权约4.9%为公开回报中枢[真实数据量级]；保守基金与配置权重、情景偏移、周期项为[假设]；eMPF费率0.29%←旧值0.37%[真实数据·积金局]
2053,高,DIS核心累积基金,0.25,0.092071,9.207,0.0029,0.0037,9.127,8.0,混合,[混合] 股票5.1%/混合4.8%/DIS核心7.3%/制度加权约4.9%为公开回报中枢[真实数据量级]；保守基金与配置权重、情景偏移、周期项为[假设]；eMPF费率0.29%←旧值0.37%[真实数据·积金局]
2053,高,保守基金,0.1,0.019275,1.927,0.0029,0.0037,1.847,8.0,混合,[混合] 股票5.1%/混合4.8%/DIS核心7.3%/制度加权约4.9%为公开回报中枢[真实数据量级]；保守基金与配置权重、情景偏移、周期项为[假设]；eMPF费率0.29%←旧值0.37%[真实数据·积金局]
2053,高,制度加权(系统),1.0,0.067011,6.701,0.0029,0.0037,6.621,8.0,混合,[混合] 中情景中枢对齐制度加权约4.9%[真实数据量级]；低/高情景约3%/7%[假设]；配置加权参考值≈5.185%；含eMPF敏感性
2054,低,股票基金,0.3,0.0278,2.78,0.0029,0.0037,2.7,8.0,混合,[混合] 股票5.1%/混合4.8%/DIS核心7.3%/制度加权约4.9%为公开回报中枢[真实数据量级]；保守基金与配置权重、情景偏移、周期项为[假设]；eMPF费率0.29%←旧值0.37%[真实数据·积金局]
2054,低,混合资产基金,0.35,0.0248,2.48,0.0029,0.0037,2.4,8.0,混合,[混合] 股票5.1%/混合4.8%/DIS核心7.3%/制度加权约4.9%为公开回报中枢[真实数据量级]；保守基金与配置权重、情景偏移、周期项为[假设]；eMPF费率0.29%←旧值0.37%[真实数据·积金局]
2054,低,DIS核心累积基金,0.25,0.0498,4.98,0.0029,0.0037,4.9,8.0,混合,[混合] 股票5.1%/混合4.8%/DIS核心7.3%/制度加权约4.9%为公开回报中枢[真实数据量级]；保守基金与配置权重、情景偏移、周期项为[假设]；eMPF费率0.29%←旧值0.37%[真实数据·积金局]
2054,低,保守基金,0.1,0.0072,0.72,0.0029,0.0037,0.64,8.0,混合,[混合] 股票5.1%/混合4.8%/DIS核心7.3%/制度加权约4.9%为公开回报中枢[真实数据量级]；保守基金与配置权重、情景偏移、周期项为[假设]；eMPF费率0.29%←旧值0.37%[真实数据·积金局]
2054,低,制度加权(系统),1.0,0.0258,2.58,0.0029,0.0037,2.5,8.0,混合,[混合] 中情景中枢对齐制度加权约4.9%[真实数据量级]；低/高情景约3%/7%[假设]；配置加权参考值≈5.185%；含eMPF敏感性
2054,中,股票基金,0.3,0.0468,4.68,0.0029,0.0037,4.6,8.0,混合,[混合] 股票5.1%/混合4.8%/DIS核心7.3%/制度加权约4.9%为公开回报中枢[真实数据量级]；保守基金与配置权重、情景偏移、周期项为[假设]；eMPF费率0.29%←旧值0.37%[真实数据·积金局]
2054,中,混合资产基金,0.35,0.0438,4.38,0.0029,0.0037,4.3,8.0,混合,[混合] 股票5.1%/混合4.8%/DIS核心7.3%/制度加权约4.9%为公开回报中枢[真实数据量级]；保守基金与配置权重、情景偏移、周期项为[假设]；eMPF费率0.29%←旧值0.37%[真实数据·积金局]
2054,中,DIS核心累积基金,0.25,0.0688,6.88,0.0029,0.0037,6.8,8.0,混合,[混合] 股票5.1%/混合4.8%/DIS核心7.3%/制度加权约4.9%为公开回报中枢[真实数据量级]；保守基金与配置权重、情景偏移、周期项为[假设]；eMPF费率0.29%←旧值0.37%[真实数据·积金局]
2054,中,保守基金,0.1,0.0129,1.29,0.0029,0.0037,1.21,8.0,混合,[混合] 股票5.1%/混合4.8%/DIS核心7.3%/制度加权约4.9%为公开回报中枢[真实数据量级]；保守基金与配置权重、情景偏移、周期项为[假设]；eMPF费率0.29%←旧值0.37%[真实数据·积金局]
2054,中,制度加权(系统),1.0,0.0448,4.48,0.0029,0.0037,4.4,8.0,混合,[混合] 中情景中枢对齐制度加权约4.9%[真实数据量级]；低/高情景约3%/7%[假设]；配置加权参考值≈5.185%；含eMPF敏感性
2054,高,股票基金,0.3,0.0678,6.78,0.0029,0.0037,6.7,8.0,混合,[混合] 股票5.1%/混合4.8%/DIS核心7.3%/制度加权约4.9%为公开回报中枢[真实数据量级]；保守基金与配置权重、情景偏移、周期项为[假设]；eMPF费率0.29%←旧值0.37%[真实数据·积金局]
2054,高,混合资产基金,0.35,0.0648,6.48,0.0029,0.0037,6.4,8.0,混合,[混合] 股票5.1%/混合4.8%/DIS核心7.3%/制度加权约4.9%为公开回报中枢[真实数据量级]；保守基金与配置权重、情景偏移、周期项为[假设]；eMPF费率0.29%←旧值0.37%[真实数据·积金局]
2054,高,DIS核心累积基金,0.25,0.0898,8.98,0.0029,0.0037,8.9,8.0,混合,[混合] 股票5.1%/混合4.8%/DIS核心7.3%/制度加权约4.9%为公开回报中枢[真实数据量级]；保守基金与配置权重、情景偏移、周期项为[假设]；eMPF费率0.29%←旧值0.37%[真实数据·积金局]
2054,高,保守基金,0.1,0.0192,1.92,0.0029,0.0037,1.84,8.0,混合,[混合] 股票5.1%/混合4.8%/DIS核心7.3%/制度加权约4.9%为公开回报中枢[真实数据量级]；保守基金与配置权重、情景偏移、周期项为[假设]；eMPF费率0.29%←旧值0.37%[真实数据·积金局]
2054,高,制度加权(系统),1.0,0.0658,6.58,0.0029,0.0037,6.5,8.0,混合,[混合] 中情景中枢对齐制度加权约4.9%[真实数据量级]；低/高情景约3%/7%[假设]；配置加权参考值≈5.185%；含eMPF敏感性
2055,低,股票基金,0.3,0.025529,2.553,0.0029,0.0037,2.473,8.0,混合,[混合] 股票5.1%/混合4.8%/DIS核心7.3%/制度加权约4.9%为公开回报中枢[真实数据量级]；保守基金与配置权重、情景偏移、周期项为[假设]；eMPF费率0.29%←旧值0.37%[真实数据·积金局]
2055,低,混合资产基金,0.35,0.022529,2.253,0.0029,0.0037,2.173,8.0,混合,[混合] 股票5.1%/混合4.8%/DIS核心7.3%/制度加权约4.9%为公开回报中枢[真实数据量级]；保守基金与配置权重、情景偏移、周期项为[假设]；eMPF费率0.29%←旧值0.37%[真实数据·积金局]
2055,低,DIS核心累积基金,0.25,0.047529,4.753,0.0029,0.0037,4.673,8.0,混合,[混合] 股票5.1%/混合4.8%/DIS核心7.3%/制度加权约4.9%为公开回报中枢[真实数据量级]；保守基金与配置权重、情景偏移、周期项为[假设]；eMPF费率0.29%←旧值0.37%[真实数据·积金局]
2055,低,保守基金,0.1,0.007125,0.712,0.0029,0.0037,0.632,8.0,混合,[混合] 股票5.1%/混合4.8%/DIS核心7.3%/制度加权约4.9%为公开回报中枢[真实数据量级]；保守基金与配置权重、情景偏移、周期项为[假设]；eMPF费率0.29%←旧值0.37%[真实数据·积金局]
2055,低,制度加权(系统),1.0,0.024589,2.459,0.0029,0.0037,2.379,8.0,混合,[混合] 中情景中枢对齐制度加权约4.9%[真实数据量级]；低/高情景约3%/7%[假设]；配置加权参考值≈5.185%；含eMPF敏感性
2055,中,股票基金,0.3,0.044529,4.453,0.0029,0.0037,4.373,8.0,混合,[混合] 股票5.1%/混合4.8%/DIS核心7.3%/制度加权约4.9%为公开回报中枢[真实数据量级]；保守基金与配置权重、情景偏移、周期项为[假设]；eMPF费率0.29%←旧值0.37%[真实数据·积金局]
2055,中,混合资产基金,0.35,0.041529,4.153,0.0029,0.0037,4.073,8.0,混合,[混合] 股票5.1%/混合4.8%/DIS核心7.3%/制度加权约4.9%为公开回报中枢[真实数据量级]；保守基金与配置权重、情景偏移、周期项为[假设]；eMPF费率0.29%←旧值0.37%[真实数据·积金局]
2055,中,DIS核心累积基金,0.25,0.066529,6.653,0.0029,0.0037,6.573,8.0,混合,[混合] 股票5.1%/混合4.8%/DIS核心7.3%/制度加权约4.9%为公开回报中枢[真实数据量级]；保守基金与配置权重、情景偏移、周期项为[假设]；eMPF费率0.29%←旧值0.37%[真实数据·积金局]
2055,中,保守基金,0.1,0.012825,1.282,0.0029,0.0037,1.202,8.0,混合,[混合] 股票5.1%/混合4.8%/DIS核心7.3%/制度加权约4.9%为公开回报中枢[真实数据量级]；保守基金与配置权重、情景偏移、周期项为[假设]；eMPF费率0.29%←旧值0.37%[真实数据·积金局]
2055,中,制度加权(系统),1.0,0.043589,4.359,0.0029,0.0037,4.279,8.0,混合,[混合] 中情景中枢对齐制度加权约4.9%[真实数据量级]；低/高情景约3%/7%[假设]；配置加权参考值≈5.185%；含eMPF敏感性
2055,高,股票基金,0.3,0.065529,6.553,0.0029,0.0037,6.473,8.0,混合,[混合] 股票5.1%/混合4.8%/DIS核心7.3%/制度加权约4.9%为公开回报中枢[真实数据量级]；保守基金与配置权重、情景偏移、周期项为[假设]；eMPF费率0.29%←旧值0.37%[真实数据·积金局]
2055,高,混合资产基金,0.35,0.062529,6.253,0.0029,0.0037,6.173,8.0,混合,[混合] 股票5.1%/混合4.8%/DIS核心7.3%/制度加权约4.9%为公开回报中枢[真实数据量级]；保守基金与配置权重、情景偏移、周期项为[假设]；eMPF费率0.29%←旧值0.37%[真实数据·积金局]
2055,高,DIS核心累积基金,0.25,0.087529,8.753,0.0029,0.0037,8.673,8.0,混合,[混合] 股票5.1%/混合4.8%/DIS核心7.3%/制度加权约4.9%为公开回报中枢[真实数据量级]；保守基金与配置权重、情景偏移、周期项为[假设]；eMPF费率0.29%←旧值0.37%[真实数据·积金局]
2055,高,保守基金,0.1,0.019125,1.912,0.0029,0.0037,1.833,8.0,混合,[混合] 股票5.1%/混合4.8%/DIS核心7.3%/制度加权约4.9%为公开回报中枢[真实数据量级]；保守基金与配置权重、情景偏移、周期项为[假设]；eMPF费率0.29%←旧值0.37%[真实数据·积金局]
2055,高,制度加权(系统),1.0,0.064589,6.459,0.0029,0.0037,6.379,8.0,混合,[混合] 中情景中枢对齐制度加权约4.9%[真实数据量级]；低/高情景约3%/7%[假设]；配置加权参考值≈5.185%；含eMPF敏感性
2056,低,股票基金,0.3,0.0245,2.45,0.0029,0.0037,2.37,8.0,混合,[混合] 股票5.1%/混合4.8%/DIS核心7.3%/制度加权约4.9%为公开回报中枢[真实数据量级]；保守基金与配置权重、情景偏移、周期项为[假设]；eMPF费率0.29%←旧值0.37%[真实数据·积金局]
2056,低,混合资产基金,0.35,0.0215,2.15,0.0029,0.0037,2.07,8.0,混合,[混合] 股票5.1%/混合4.8%/DIS核心7.3%/制度加权约4.9%为公开回报中枢[真实数据量级]；保守基金与配置权重、情景偏移、周期项为[假设]；eMPF费率0.29%←旧值0.37%[真实数据·积金局]
2056,低,DIS核心累积基金,0.25,0.0465,4.65,0.0029,0.0037,4.57,8.0,混合,[混合] 股票5.1%/混合4.8%/DIS核心7.3%/制度加权约4.9%为公开回报中枢[真实数据量级]；保守基金与配置权重、情景偏移、周期项为[假设]；eMPF费率0.29%←旧值0.37%[真实数据·积金局]
2056,低,保守基金,0.1,0.00705,0.705,0.0029,0.0037,0.625,8.0,混合,[混合] 股票5.1%/混合4.8%/DIS核心7.3%/制度加权约4.9%为公开回报中枢[真实数据量级]；保守基金与配置权重、情景偏移、周期项为[假设]；eMPF费率0.29%←旧值0.37%[真实数据·积金局]
2056,低,制度加权(系统),1.0,0.024,2.4,0.0029,0.0037,2.32,8.0,混合,[混合] 中情景中枢对齐制度加权约4.9%[真实数据量级]；低/高情景约3%/7%[假设]；配置加权参考值≈5.185%；含eMPF敏感性
2056,中,股票基金,0.3,0.0435,4.35,0.0029,0.0037,4.27,8.0,混合,[混合] 股票5.1%/混合4.8%/DIS核心7.3%/制度加权约4.9%为公开回报中枢[真实数据量级]；保守基金与配置权重、情景偏移、周期项为[假设]；eMPF费率0.29%←旧值0.37%[真实数据·积金局]
2056,中,混合资产基金,0.35,0.0405,4.05,0.0029,0.0037,3.97,8.0,混合,[混合] 股票5.1%/混合4.8%/DIS核心7.3%/制度加权约4.9%为公开回报中枢[真实数据量级]；保守基金与配置权重、情景偏移、周期项为[假设]；eMPF费率0.29%←旧值0.37%[真实数据·积金局]
2056,中,DIS核心累积基金,0.25,0.0655,6.55,0.0029,0.0037,6.47,8.0,混合,[混合] 股票5.1%/混合4.8%/DIS核心7.3%/制度加权约4.9%为公开回报中枢[真实数据量级]；保守基金与配置权重、情景偏移、周期项为[假设]；eMPF费率0.29%←旧值0.37%[真实数据·积金局]
2056,中,保守基金,0.1,0.01275,1.275,0.0029,0.0037,1.195,8.0,混合,[混合] 股票5.1%/混合4.8%/DIS核心7.3%/制度加权约4.9%为公开回报中枢[真实数据量级]；保守基金与配置权重、情景偏移、周期项为[假设]；eMPF费率0.29%←旧值0.37%[真实数据·积金局]
2056,中,制度加权(系统),1.0,0.043,4.3,0.0029,0.0037,4.22,8.0,混合,[混合] 中情景中枢对齐制度加权约4.9%[真实数据量级]；低/高情景约3%/7%[假设]；配置加权参考值≈5.185%；含eMPF敏感性
2056,高,股票基金,0.3,0.0645,6.45,0.0029,0.0037,6.37,8.0,混合,[混合] 股票5.1%/混合4.8%/DIS核心7.3%/制度加权约4.9%为公开回报中枢[真实数据量级]；保守基金与配置权重、情景偏移、周期项为[假设]；eMPF费率0.29%←旧值0.37%[真实数据·积金局]
2056,高,混合资产基金,0.35,0.0615,6.15,0.0029,0.0037,6.07,8.0,混合,[混合] 股票5.1%/混合4.8%/DIS核心7.3%/制度加权约4.9%为公开回报中枢[真实数据量级]；保守基金与配置权重、情景偏移、周期项为[假设]；eMPF费率0.29%←旧值0.37%[真实数据·积金局]
2056,高,DIS核心累积基金,0.25,0.0865,8.65,0.0029,0.0037,8.57,8.0,混合,[混合] 股票5.1%/混合4.8%/DIS核心7.3%/制度加权约4.9%为公开回报中枢[真实数据量级]；保守基金与配置权重、情景偏移、周期项为[假设]；eMPF费率0.29%←旧值0.37%[真实数据·积金局]
2056,高,保守基金,0.1,0.01905,1.905,0.0029,0.0037,1.825,8.0,混合,[混合] 股票5.1%/混合4.8%/DIS核心7.3%/制度加权约4.9%为公开回报中枢[真实数据量级]；保守基金与配置权重、情景偏移、周期项为[假设]；eMPF费率0.29%←旧值0.37%[真实数据·积金局]
2056,高,制度加权(系统),1.0,0.064,6.4,0.0029,0.0037,6.32,8.0,混合,[混合] 中情景中枢对齐制度加权约4.9%[真实数据量级]；低/高情景约3%/7%[假设]；配置加权参考值≈5.185%；含eMPF敏感性
