年份,情景,情景标签,期初资产_亿港元,回报率,投资收益_亿港元,缴费人数_万人,带内代表月入_港元,年强制性供款_亿港元,年自愿性供款_亿港元,年总供款_亿港元,新达65岁_万人,人均账户余额_港元,年退休提取_亿港元,年其他提取_亿港元,年总提取_亿港元,对冲流出_亿港元,对冲流出_pre_亿港元,对冲流出_hybrid_亿港元,对冲流出_post_亿港元,对冲占比_pre,对冲占比_hybrid,对冲占比_post,净现金流_亿港元,期末资产_亿港元,账户数_万个
2020,中,基准,9800.0,0.117,1146.6,283.3811,15920.1,582.3085,204.5949,786.9033,12.032,103507.0,124.5392,16.9826,141.5218,26.5588,26.5588,0.0,0.0,1.0,0.0,0.0,618.8227,11565.4227,1000.0
2021,中,基准,11565.4227,-0.036,-416.3552,281.0868,16397.7,588.5486,206.7873,795.336,12.1777,121545.0,148.0139,20.1837,168.1976,32.0246,32.0246,0.0,0.0,1.0,0.0,0.0,595.1137,11744.1813,1005.0
2022,中,基准,11744.1813,-0.145,-1702.9063,278.854,16889.6,595.0671,209.0776,804.1448,12.326,122810.0,151.3753,20.6421,172.0174,33.2115,33.2115,0.0,0.0,1.0,0.0,0.0,598.9159,10640.1909,1010.025
2023,中,基准,10640.1909,0.055,585.2105,276.6201,17396.3,601.7372,211.4212,813.1584,12.4693,110712.0,138.0492,18.8249,156.8741,30.7163,30.7163,0.0,0.0,1.0,0.0,0.0,625.5679,11850.9693,1015.0751
2024,中,基准,11850.9693,0.07,829.5679,274.4736,17918.2,608.7566,213.8874,822.644,12.6245,122696.0,154.8975,21.1224,176.0199,34.9098,34.9098,0.0,0.0,1.0,0.0,0.0,611.7143,13292.2515,1020.1505
2025,中,基准,13292.2515,0.06,797.5351,272.3945,18455.7,616.0936,216.4653,832.5589,12.785,136934.0,175.0692,23.8731,198.9422,33.187,11.9134,19.8557,1.4178,0.359,0.5983,0.0427,600.4297,14690.2163,1025.2513
2026,中,基准,14690.2163,0.049,719.8206,263.2799,19009.4,675.0719,237.1874,912.2593,12.424,150582.0,187.0835,25.5114,212.5948,31.3563,0.0,28.2979,3.0584,0.0,0.9025,0.0975,668.3081,16078.345,1030.3776
2027,中,基准,16078.345,0.049,787.8389,261.2503,19579.7,682.0253,239.6305,921.6558,12.1769,163991.0,199.6911,27.2306,226.9217,26.9502,0.0,22.5725,4.3777,0.0,0.8376,0.1624,667.7839,17533.9679,1035.5294
2028,中,基准,17533.9679,0.049,859.1644,259.3877,20167.0,689.5952,242.2902,931.8854,11.9396,177948.0,212.4637,28.9723,241.436,23.3432,0.0,18.0016,5.3416,0.0,0.7712,0.2288,667.1062,19060.2385,1040.7071
2029,中,基准,19060.2385,0.049,933.9517,257.6915,20772.1,697.808,245.1758,942.9837,11.712,192476.0,225.4272,30.7401,256.1673,20.395,0.0,14.3648,6.0302,0.0,0.7043,0.2957,666.4215,20660.6116,1045.9106
2030,中,基准,20660.6116,0.049,1012.37,256.162,21395.2,706.692,248.2972,954.9891,11.4939,207599.0,238.6109,32.5378,271.1487,16.6411,0.0,10.1316,6.5095,0.0,0.6088,0.3912,667.1993,22340.1809,1051.1402
2031,中,基准,22340.1809,0.049,1094.6689,254.799,22037.1,716.2769,251.6649,967.9417,11.2851,223358.0,252.0623,34.3721,286.4345,13.4344,0.0,6.6009,6.8335,0.0,0.4913,0.5087,668.0729,24102.9226,1056.3959
2032,中,基准,24102.9226,0.049,1181.0432,253.993,22698.2,727.7133,255.6831,983.3964,11.305,239783.0,271.0741,36.9646,308.0387,11.1183,0.0,4.0731,7.0452,0.0,0.3663,0.6337,664.2394,25948.2052,1061.6779
2033,中,基准,25948.2052,0.049,1271.4621,253.3125,23379.1,739.8389,259.9434,999.7823,11.3306,256857.0,291.0334,39.6864,330.7198,9.9149,0.0,2.7377,7.1773,0.0,0.2761,0.7239,659.1476,27878.8148,1066.9862
2034,中,基准,27878.8148,0.049,1366.0619,252.7562,24080.5,752.6801,264.4552,1017.1353,11.3619,274594.0,311.9922,42.5444,354.5366,9.4082,0.0,2.1518,7.2564,0.0,0.2287,0.7713,653.1904,29898.0672,1072.3212
2035,中,基准,29898.0672,0.049,1465.0053,252.3232,24802.9,766.2648,269.2282,1035.493,11.399,293018.0,334.0102,45.5468,379.557,9.0094,0.0,1.7059,7.3034,0.0,0.1894,0.8106,646.9266,32009.9991,1077.6828
2036,中,基准,32009.9991,0.049,1568.49,252.0122,25547.0,780.6219,274.2726,1054.8944,11.4416,312155.0,357.1564,48.7032,405.8596,8.6978,0.0,1.3632,7.3345,0.0,0.1567,0.8433,640.3371,34218.8261,1083.0712
2037,中,基准,34218.8261,0.049,1676.7225,251.2241,26313.4,793.892,278.935,1072.8271,11.3982,332035.0,378.459,51.608,430.067,8.4596,0.0,1.0975,7.3621,0.0,0.1297,0.8703,634.3004,36529.849,1088.4866
2038,中,基准,36529.849,0.049,1789.9626,250.2898,27102.8,807.0621,283.5624,1090.6245,11.354,352696.0,400.4526,54.6072,455.0598,8.2857,0.0,0.89,7.3957,0.0,0.1074,0.8926,627.279,38947.0906,1093.929
2039,中,基准,38947.0906,0.049,1908.4074,249.2063,27915.9,820.1027,288.1442,1108.2468,11.3092,374164.0,423.1512,57.7024,480.8536,8.1688,0.0,0.7266,7.4422,0.0,0.0889,0.9111,619.2244,41474.7225,1099.3986
2040,中,基准,41474.7225,0.049,2032.2614,247.9706,28753.4,832.982,292.6693,1125.6513,11.2638,396465.0,446.5684,60.8957,507.4641,8.1039,0.0,0.5971,7.5068,0.0,0.0737,0.9263,610.0833,44117.0672,1104.8956
2041,中,基准,44117.0672,0.049,2161.7363,246.5796,29616.0,845.6654,297.1257,1142.7911,11.2176,419625.0,470.7181,64.1888,534.9069,8.0868,0.0,0.4937,7.5931,0.0,0.0611,0.9389,599.7974,46878.6009,1110.4201
2042,中,基准,46878.6009,0.049,2297.0514,244.6361,30504.5,856.7362,301.0154,1157.7516,11.244,443673.0,498.8677,68.0274,566.8952,8.1143,0.0,0.4106,7.7037,0.0,0.0506,0.9494,582.7421,49758.3944,1115.9722
2043,中,基准,49758.3944,0.049,2438.1613,242.5149,31419.6,867.4174,304.7683,1172.1857,11.276,468586.0,528.3776,72.0515,600.4291,8.183,0.0,0.3434,7.8396,0.0,0.042,0.958,563.5736,52760.1294,1121.5521
2044,中,基准,52760.1294,0.049,2585.2463,240.2155,32362.2,877.6691,308.3702,1186.0393,11.3138,494382.0,559.3351,76.273,635.6081,8.2906,0.0,0.2886,8.002,0.0,0.0348,0.9652,542.1406,55887.5164,1127.1598
2045,中,基准,55887.5164,0.049,2738.4883,237.7371,33333.1,887.4481,311.8061,1199.2542,11.3578,521081.0,591.8341,80.7047,672.5388,8.4352,0.0,0.2436,8.1916,0.0,0.0289,0.9711,518.2802,59144.2849,1132.7956
2046,中,基准,59144.2849,0.049,2898.07,235.0791,34333.0,896.7085,315.0598,1211.7683,11.4083,548703.0,625.9748,85.3602,711.335,8.6153,0.0,0.2065,8.4088,0.0,0.024,0.976,491.8179,62534.1728,1138.4596
2047,中,基准,62534.1728,0.049,3064.1745,232.2691,35363.0,905.511,318.1525,1223.6636,11.3754,577266.0,656.6628,89.5449,746.2077,8.8294,0.0,0.1757,8.6537,0.0,0.0199,0.9801,468.6265,66066.9737,1144.1519
2048,中,基准,66066.9737,0.049,3237.2817,229.3281,36423.9,913.8982,321.0994,1234.9976,11.3441,606844.0,688.4111,93.8742,782.2853,9.0771,0.0,0.15,8.927,0.0,0.0165,0.9835,443.6352,69747.8906,1149.8727
2049,中,基准,69747.8906,0.049,3417.6466,226.2576,37516.6,921.8364,323.8885,1245.7249,11.3144,637467.0,721.2575,98.3533,819.6108,9.3574,0.0,0.1285,9.2289,0.0,0.0137,0.9863,416.7566,73582.2939,1155.622
2050,中,基准,73582.2939,0.049,3605.5324,223.0588,38642.1,929.2893,326.5071,1255.7964,11.2863,669166.0,755.2414,102.9875,858.2289,9.6697,0.0,0.1104,9.5593,0.0,0.0114,0.9886,387.8978,77575.724,1161.4001
2051,中,基准,77575.724,0.049,3801.2105,219.733,39200.0,925.4362,325.1533,1250.5895,11.2598,701972.0,790.4037,107.7823,898.186,10.0131,0.0,0.095,9.9182,0.0,0.0095,0.9905,342.3903,81719.3248,1167.2071
2052,中,基准,81719.3248,0.049,4004.2469,216.9058,39200.0,913.5291,320.9697,1234.4987,11.2165,735788.0,825.2953,112.5403,937.8355,10.3854,0.0,0.0819,10.3036,0.0,0.0079,0.9921,286.2777,86009.8495,1173.0432
2053,中,基准,86009.8495,0.049,4214.4826,213.9585,39200.0,901.116,316.6083,1217.7243,11.1738,770567.0,861.0148,117.4111,978.426,10.7851,0.0,0.0707,10.7144,0.0,0.0066,0.9934,228.5133,90452.8454,1178.9084
2054,中,基准,90452.8454,0.049,4432.1894,210.8916,39200.0,888.1995,312.0701,1200.2695,11.131,806340.0,897.5341,122.391,1019.9251,11.2119,0.0,0.0611,11.1508,0.0,0.0055,0.9945,169.1324,95054.1672,1184.8029
2055,中,基准,95054.1672,0.049,4657.6542,207.7059,39200.0,874.7825,307.356,1182.1385,11.0873,843143.0,934.8164,127.475,1062.2913,11.6657,0.0,0.0529,11.6128,0.0,0.0045,0.9955,108.1815,99820.0029,1190.7269
2056,中,基准,99820.0029,0.049,4891.1801,204.402,39200.0,860.8675,302.467,1163.3345,11.042,881011.0,972.8155,132.6567,1105.4722,12.1464,0.0,0.0459,12.1005,0.0,0.0038,0.9962,45.7159,104756.899,1196.6806
